#
# There is insufficient memory for the Java Runtime Environment to continue.
# Native memory allocation (mmap) failed to map 65536 bytes. Error detail: Failed to commit metaspace.
# Possible reasons:
#   The system is out of physical RAM or swap space
#   This process is running with CompressedOops enabled, and the Java Heap may be blocking the growth of the native heap
# Possible solutions:
#   Reduce memory load on the system
#   Increase physical memory or swap space
#   Check if swap backing store is full
#   Decrease Java heap size (-Xmx/-Xms)
#   Decrease number of Java threads
#   Decrease Java thread stack sizes (-Xss)
#   Set larger code cache with -XX:ReservedCodeCacheSize=
#   JVM is running with Unscaled Compressed Oops mode in which the Java heap is
#     placed in the first 4GB address space. The Java Heap base address is the
#     maximum limit for the native heap growth. Please use -XX:HeapBaseMinAddress
#     to set the Java Heap base and to place the Java Heap above 4GB virtual address.
# This output file may be truncated or incomplete.
#
#  Out of Memory Error (virtualSpaceNode.cpp:113), pid=5756, tid=18404
#
# JRE version: OpenJDK Runtime Environment (21.0.6) (build 21.0.6+-13355223-b631.42)
# Java VM: OpenJDK 64-Bit Server VM (21.0.6+-13355223-b631.42, mixed mode, tiered, compressed oops, compressed class ptrs, g1 gc, windows-amd64)
# No core dump will be written. Minidumps are not enabled by default on client versions of Windows
#

---------------  S U M M A R Y ------------

Command Line: --add-opens=java.base/java.lang=ALL-UNNAMED --add-opens=java.base/java.lang.invoke=ALL-UNNAMED --add-opens=java.base/java.util=ALL-UNNAMED --add-opens=java.prefs/java.util.prefs=ALL-UNNAMED --add-exports=jdk.compiler/com.sun.tools.javac.api=ALL-UNNAMED --add-exports=jdk.compiler/com.sun.tools.javac.util=ALL-UNNAMED --add-opens=java.base/java.util=ALL-UNNAMED --add-opens=java.prefs/java.util.prefs=ALL-UNNAMED --add-opens=java.base/java.nio.charset=ALL-UNNAMED --add-opens=java.base/java.net=ALL-UNNAMED --add-opens=java.base/java.util.concurrent.atomic=ALL-UNNAMED --add-opens=java.xml/javax.xml.namespace=ALL-UNNAMED -Xmx2g -Dfile.encoding=UTF-8 -Duser.country=US -Duser.language=en -Duser.variant -javaagent:C:\Users\Behnam-6.403\.gradle\wrapper\dists\gradle-8.11.1-bin\bpt9gzteqjrbo1mjrsomdt32c\gradle-8.11.1\lib\agents\gradle-instrumentation-agent-8.11.1.jar org.gradle.launcher.daemon.bootstrap.GradleDaemon 8.11.1

Host: Intel(R) Core(TM) i7-2760QM CPU @ 2.40GHz, 8 cores, 7G,  Windows 10 , 64 bit Build 19041 (10.0.19041.3636)
Time: Mon May 19 12:48:48 2025 Iran Standard Time elapsed time: 30.609261 seconds (0d 0h 0m 30s)

---------------  T H R E A D  ---------------

Current thread (0x000001a794bf0bd0):  JavaThread "Daemon worker"        [_thread_in_vm, id=18404, stack(0x00000056f6e00000,0x00000056f6f00000) (1024K)]

Stack: [0x00000056f6e00000,0x00000056f6f00000]
Native frames: (J=compiled Java code, j=interpreted, Vv=VM code, C=native code)
V  [jvm.dll+0x6d05a9]
V  [jvm.dll+0x85ea73]
V  [jvm.dll+0x860fce]
V  [jvm.dll+0x8616b3]
V  [jvm.dll+0x27e6e6]
V  [jvm.dll+0x85994e]
V  [jvm.dll+0x673fc5]
V  [jvm.dll+0x1e3131]
V  [jvm.dll+0x1e2efe]
V  [jvm.dll+0x676918]
V  [jvm.dll+0x676752]
V  [jvm.dll+0x6749be]
V  [jvm.dll+0x3bec1f]
V  [jvm.dll+0x20cddb]
V  [jvm.dll+0x5b1f8f]
V  [jvm.dll+0x7d6a30]
V  [jvm.dll+0x7d6b5e]
V  [jvm.dll+0x46ed4d]
V  [jvm.dll+0x474698]
C  [java.dll+0x17ec]

Java frames: (J=compiled Java code, j=interpreted, Vv=VM code)
J 839  java.lang.ClassLoader.defineClass1(Ljava/lang/ClassLoader;Ljava/lang/String;[BIILjava/security/ProtectionDomain;Ljava/lang/String;)Ljava/lang/Class; java.base@21.0.6 (0 bytes) @ 0x000001a787b29c09 [0x000001a787b29b40+0x00000000000000c9]
J 9288 c2 java.lang.ClassLoader.defineClass(Ljava/lang/String;[BIILjava/security/ProtectionDomain;)Ljava/lang/Class; java.base@21.0.6 (43 bytes) @ 0x000001a787f36644 [0x000001a787f36040+0x0000000000000604]
J 9977 c1 java.security.SecureClassLoader.defineClass(Ljava/lang/String;[BIILjava/security/CodeSource;)Ljava/lang/Class; java.base@21.0.6 (16 bytes) @ 0x000001a780ef701c [0x000001a780ef6f40+0x00000000000000dc]
J 9278 c1 java.net.URLClassLoader.defineClass(Ljava/lang/String;Ljdk/internal/loader/Resource;)Ljava/lang/Class; java.base@21.0.6 (224 bytes) @ 0x000001a780dd231c [0x000001a780dd10c0+0x000000000000125c]
J 8559 c2 java.net.URLClassLoader$1.run()Ljava/lang/Object; java.base@21.0.6 (5 bytes) @ 0x000001a787c525f4 [0x000001a787c51fe0+0x0000000000000614]
J 4702 c2 java.net.URLClassLoader.findClass(Ljava/lang/String;)Ljava/lang/Class; java.base@21.0.6 (47 bytes) @ 0x000001a787d7791c [0x000001a787d77860+0x00000000000000bc]
J 8603 c1 org.gradle.internal.classloader.VisitableURLClassLoader$InstrumentingVisitableURLClassLoader.findClass(Ljava/lang/String;)Ljava/lang/Class; (36 bytes) @ 0x000001a780905f9c [0x000001a780905ec0+0x00000000000000dc]
J 9701 c2 java.lang.ClassLoader.loadClass(Ljava/lang/String;Z)Ljava/lang/Class; java.base@21.0.6 (121 bytes) @ 0x000001a787c294c4 [0x000001a787c28c00+0x00000000000008c4]
J 3429 c2 java.lang.ClassLoader.loadClass(Ljava/lang/String;)Ljava/lang/Class; java.base@21.0.6 (7 bytes) @ 0x000001a787b0556c [0x000001a787b05520+0x000000000000004c]
v  ~StubRoutines::call_stub 0x000001a78753100d
j  com.android.tools.build.jetifier.processor.Processor.<clinit>()V+0
v  ~StubRoutines::call_stub 0x000001a78753100d
j  com.android.build.gradle.internal.dependency.AndroidXDependencySubstitution.<clinit>()V+10
v  ~StubRoutines::call_stub 0x000001a78753100d
j  com.android.build.gradle.internal.VariantTaskManager.<clinit>()V+11
v  ~StubRoutines::call_stub 0x000001a78753100d
j  com.android.build.gradle.internal.plugins.AppPlugin.createTaskManager(Lorg/gradle/api/Project;Ljava/util/Collection;Ljava/util/Collection;Ljava/util/Collection;Lcom/android/build/gradle/internal/tasks/factory/GlobalTaskCreationConfig;Lcom/android/build/gradle/internal/tasks/factory/TaskManagerConfig;Lcom/android/build/gradle/BaseExtension;)Lcom/android/build/gradle/internal/tasks/ApplicationTaskManager;+0
j  com.android.build.gradle.internal.plugins.AppPlugin.createTaskManager(Lorg/gradle/api/Project;Ljava/util/Collection;Ljava/util/Collection;Ljava/util/Collection;Lcom/android/build/gradle/internal/tasks/factory/GlobalTaskCreationConfig;Lcom/android/build/gradle/internal/tasks/factory/TaskManagerConfig;Lcom/android/build/gradle/BaseExtension;)Lcom/android/build/gradle/internal/VariantTaskManager;+12
j  com.android.build.gradle.internal.plugins.BasePlugin.createAndroidTasks(Lorg/gradle/api/Project;)V+952
j  com.android.build.gradle.internal.plugins.BasePlugin$createTasks$2$1.call()V+8
j  com.android.builder.profile.ThreadRecorder.record(Lcom/google/wireless/android/sdk/stats/GradleBuildProfileSpan$ExecutionType;Lcom/google/wireless/android/sdk/stats/GradleTransformExecution;Ljava/lang/Long;Ljava/lang/Long;Ljava/lang/Long;Lcom/android/builder/profile/Recorder$VoidBlock;)Lcom/google/wireless/android/sdk/stats/GradleBuildProfileSpan;+12
j  com.android.builder.profile.ThreadRecorder.record(Lcom/google/wireless/android/sdk/stats/GradleBuildProfileSpan$ExecutionType;Ljava/lang/Long;Ljava/lang/Long;Ljava/lang/Long;Lcom/android/builder/profile/Recorder$VoidBlock;)Lcom/google/wireless/android/sdk/stats/GradleBuildProfileSpan;+9
j  com.android.build.gradle.internal.profile.AnalyticsResourceManager.recordBlockAtConfiguration(Lcom/google/wireless/android/sdk/stats/GradleBuildProfileSpan$ExecutionType;Ljava/lang/String;Ljava/lang/String;Lcom/android/builder/profile/Recorder$VoidBlock;)V+53
j  com.android.build.gradle.internal.profile.AnalyticsConfiguratorService.recordBlock(Lcom/google/wireless/android/sdk/stats/GradleBuildProfileSpan$ExecutionType;Ljava/lang/String;Ljava/lang/String;Lcom/android/builder/profile/Recorder$VoidBlock;)V+28
j  com.android.build.gradle.internal.plugins.BasePlugin$createTasks$2.accept(Lorg/gradle/api/Project;)V+63
j  com.android.build.gradle.internal.plugins.BasePlugin$createTasks$2.accept(Ljava/lang/Object;)V+5
j  com.android.build.gradle.internal.crash.CrashReporting$afterEvaluate$1.execute(Lorg/gradle/api/Project;)V+12
j  com.android.build.gradle.internal.crash.CrashReporting$afterEvaluate$1.execute(Ljava/lang/Object;)V+5
J 10304 c1 org.gradle.internal.code.DefaultUserCodeApplicationContext$CurrentApplication$1.execute(Ljava/lang/Object;)V (79 bytes) @ 0x000001a780faf94c [0x000001a780faf5c0+0x000000000000038c]
j  org.gradle.configuration.internal.DefaultListenerBuildOperationDecorator$BuildOperationEmittingAction$1.run(Lorg/gradle/internal/operations/BuildOperationContext;)V+11
J 10298 c1 org.gradle.internal.operations.DefaultBuildOperationRunner$1.execute(Lorg/gradle/internal/operations/BuildOperation;Lorg/gradle/internal/operations/BuildOperationContext;)V (10 bytes) @ 0x000001a780fabb2c [0x000001a780fab8e0+0x000000000000024c]
J 7653 c1 org.gradle.internal.operations.DefaultBuildOperationRunner$2.execute(Lorg/gradle/internal/operations/BuildOperationDescriptor;Lorg/gradle/internal/operations/BuildOperationState;Lorg/gradle/internal/operations/BuildOperationState;Lorg/gradle/internal/operations/DefaultBuildOperationRunner$ReadableBuildOperationContext;Lorg/gradle/internal/operations/DefaultBuildOperationRunner$BuildOperationExecutionListener;)Lorg/gradle/internal/operations/BuildOperation; (110 bytes) @ 0x000001a7803bb634 [0x000001a7803bb440+0x00000000000001f4]
J 7650 c1 org.gradle.internal.operations.DefaultBuildOperationRunner$2.execute(Lorg/gradle/internal/operations/BuildOperationDescriptor;Lorg/gradle/internal/operations/BuildOperationState;Lorg/gradle/internal/operations/BuildOperationState;Lorg/gradle/internal/operations/DefaultBuildOperationRunner$ReadableBuildOperationContext;Lorg/gradle/internal/operations/DefaultBuildOperationRunner$BuildOperationExecutionListener;)Ljava/lang/Object; (12 bytes) @ 0x000001a78083193c [0x000001a7808318c0+0x000000000000007c]
J 7442 c1 org.gradle.internal.operations.DefaultBuildOperationRunner.execute(Lorg/gradle/internal/operations/BuildOperationDescriptor$Builder;Lorg/gradle/internal/operations/BuildOperationState;Lorg/gradle/internal/operations/DefaultBuildOperationRunner$BuildOperationExecution;)Ljava/lang/Object; (147 bytes) @ 0x000001a78024936c [0x000001a780248880+0x0000000000000aec]
J 7021 c1 org.gradle.internal.operations.DefaultBuildOperationRunner.execute(Lorg/gradle/internal/operations/BuildOperation;Lorg/gradle/internal/operations/BuildOperationWorker;Lorg/gradle/internal/operations/BuildOperationState;)V (23 bytes) @ 0x000001a780b5037c [0x000001a780b500e0+0x000000000000029c]
j  org.gradle.internal.operations.DefaultBuildOperationRunner.run(Lorg/gradle/internal/operations/RunnableBuildOperation;)V+9
j  org.gradle.configuration.internal.DefaultListenerBuildOperationDecorator$BuildOperationEmittingAction.execute(Ljava/lang/Object;)V+24
j  org.gradle.internal.event.BroadcastDispatch$ActionInvocationHandler.dispatch(Lorg/gradle/internal/dispatch/MethodInvocation;)V+24
j  org.gradle.internal.event.BroadcastDispatch$ActionInvocationHandler.dispatch(Ljava/lang/Object;)V+5
J 8781 c1 org.gradle.internal.event.AbstractBroadcastDispatch.dispatch(Lorg/gradle/internal/dispatch/MethodInvocation;Lorg/gradle/internal/dispatch/Dispatch;)V (74 bytes) @ 0x000001a780d20c7c [0x000001a780d20b60+0x000000000000011c]
J 4936 c1 org.gradle.internal.event.BroadcastDispatch$SingletonDispatch.dispatch(Ljava/lang/Object;)V (9 bytes) @ 0x000001a78085b764 [0x000001a78085b540+0x0000000000000224]
j  org.gradle.internal.event.AbstractBroadcastDispatch.dispatch(Lorg/gradle/internal/dispatch/MethodInvocation;Ljava/util/Iterator;)V+25
J 10568 c2 org.gradle.internal.event.AbstractBroadcastDispatch.dispatch(Lorg/gradle/internal/dispatch/MethodInvocation;Ljava/util/List;)V (65 bytes) @ 0x000001a787e54644 [0x000001a787e54540+0x0000000000000104]
j  org.gradle.internal.event.BroadcastDispatch$CompositeDispatch.dispatch(Lorg/gradle/internal/dispatch/MethodInvocation;)V+6
j  org.gradle.internal.event.BroadcastDispatch$CompositeDispatch.dispatch(Ljava/lang/Object;)V+5
J 8747 c1 org.gradle.internal.event.ListenerBroadcast.dispatch(Ljava/lang/Object;)V (9 bytes) @ 0x000001a780d1326c [0x000001a780d12fe0+0x000000000000028c]
J 8740 c1 org.gradle.internal.dispatch.ProxyDispatchAdapter$DispatchingInvocationHandler.invoke(Ljava/lang/Object;Ljava/lang/reflect/Method;[Ljava/lang/Object;)Ljava/lang/Object; (184 bytes) @ 0x000001a780d0f5dc [0x000001a780d0dfc0+0x000000000000161c]
j  jdk.proxy1.$Proxy67.afterEvaluate(Lorg/gradle/api/Project;Lorg/gradle/api/ProjectState;)V+20 jdk.proxy1
j  org.gradle.configuration.project.LifecycleProjectEvaluator$NotifyAfterEvaluate$1.execute(Lorg/gradle/api/ProjectEvaluationListener;)V+15
j  org.gradle.configuration.project.LifecycleProjectEvaluator$NotifyAfterEvaluate$1.execute(Ljava/lang/Object;)V+5
j  org.gradle.api.internal.project.DefaultProject.stepEvaluationListener(Lorg/gradle/api/ProjectEvaluationListener;Lorg/gradle/api/Action;)Lorg/gradle/api/ProjectEvaluationListener;+19
j  org.gradle.configuration.project.LifecycleProjectEvaluator$NotifyAfterEvaluate.run(Lorg/gradle/internal/operations/BuildOperationContext;)V+25
J 10298 c1 org.gradle.internal.operations.DefaultBuildOperationRunner$1.execute(Lorg/gradle/internal/operations/BuildOperation;Lorg/gradle/internal/operations/BuildOperationContext;)V (10 bytes) @ 0x000001a780fabb2c [0x000001a780fab8e0+0x000000000000024c]
J 7653 c1 org.gradle.internal.operations.DefaultBuildOperationRunner$2.execute(Lorg/gradle/internal/operations/BuildOperationDescriptor;Lorg/gradle/internal/operations/BuildOperationState;Lorg/gradle/internal/operations/BuildOperationState;Lorg/gradle/internal/operations/DefaultBuildOperationRunner$ReadableBuildOperationContext;Lorg/gradle/internal/operations/DefaultBuildOperationRunner$BuildOperationExecutionListener;)Lorg/gradle/internal/operations/BuildOperation; (110 bytes) @ 0x000001a7803bb634 [0x000001a7803bb440+0x00000000000001f4]
J 7650 c1 org.gradle.internal.operations.DefaultBuildOperationRunner$2.execute(Lorg/gradle/internal/operations/BuildOperationDescriptor;Lorg/gradle/internal/operations/BuildOperationState;Lorg/gradle/internal/operations/BuildOperationState;Lorg/gradle/internal/operations/DefaultBuildOperationRunner$ReadableBuildOperationContext;Lorg/gradle/internal/operations/DefaultBuildOperationRunner$BuildOperationExecutionListener;)Ljava/lang/Object; (12 bytes) @ 0x000001a78083193c [0x000001a7808318c0+0x000000000000007c]
J 7442 c1 org.gradle.internal.operations.DefaultBuildOperationRunner.execute(Lorg/gradle/internal/operations/BuildOperationDescriptor$Builder;Lorg/gradle/internal/operations/BuildOperationState;Lorg/gradle/internal/operations/DefaultBuildOperationRunner$BuildOperationExecution;)Ljava/lang/Object; (147 bytes) @ 0x000001a78024936c [0x000001a780248880+0x0000000000000aec]
J 7021 c1 org.gradle.internal.operations.DefaultBuildOperationRunner.execute(Lorg/gradle/internal/operations/BuildOperation;Lorg/gradle/internal/operations/BuildOperationWorker;Lorg/gradle/internal/operations/BuildOperationState;)V (23 bytes) @ 0x000001a780b5037c [0x000001a780b500e0+0x000000000000029c]
j  org.gradle.internal.operations.DefaultBuildOperationRunner.run(Lorg/gradle/internal/operations/RunnableBuildOperation;)V+9
j  org.gradle.configuration.project.LifecycleProjectEvaluator$EvaluateProject.lambda$run$0(Lorg/gradle/internal/operations/BuildOperationContext;Lorg/gradle/api/internal/project/ProjectInternal;)V+102
j  org.gradle.configuration.project.LifecycleProjectEvaluator$EvaluateProject$$Lambda+0x00000001008e1280.accept(Ljava/lang/Object;)V+12
j  org.gradle.api.internal.project.DefaultProjectStateRegistry$ProjectStateImpl.lambda$applyToMutableState$1(Ljava/util/function/Consumer;Lorg/gradle/api/internal/project/ProjectInternal;)Ljava/lang/Object;+2
j  org.gradle.api.internal.project.DefaultProjectStateRegistry$ProjectStateImpl$$Lambda+0x00000001008e14c8.apply(Ljava/lang/Object;)Ljava/lang/Object;+8
j  org.gradle.api.internal.project.DefaultProjectStateRegistry$ProjectStateImpl.lambda$fromMutableState$2(Ljava/util/function/Function;)Ljava/lang/Object;+5
j  org.gradle.api.internal.project.DefaultProjectStateRegistry$ProjectStateImpl$$Lambda+0x00000001008e1720.create()Ljava/lang/Object;+8
j  org.gradle.internal.work.DefaultWorkerLeaseService.withReplacedLocks(Ljava/util/Collection;Lorg/gradle/internal/resources/ResourceLock;Lorg/gradle/internal/Factory;)Ljava/lang/Object;+40
j  org.gradle.api.internal.project.DefaultProjectStateRegistry$ProjectStateImpl.fromMutableState(Ljava/util/function/Function;)Ljava/lang/Object;+132
j  org.gradle.api.internal.project.DefaultProjectStateRegistry$ProjectStateImpl.applyToMutableState(Ljava/util/function/Consumer;)V+7
j  org.gradle.configuration.project.LifecycleProjectEvaluator$EvaluateProject.run(Lorg/gradle/internal/operations/BuildOperationContext;)V+16
j  org.gradle.internal.operations.DefaultBuildOperationRunner$1.execute(Lorg/gradle/internal/operations/RunnableBuildOperation;Lorg/gradle/internal/operations/BuildOperationContext;)V+2
j  org.gradle.internal.operations.DefaultBuildOperationRunner$1.execute(Lorg/gradle/internal/operations/BuildOperation;Lorg/gradle/internal/operations/BuildOperationContext;)V+6
J 7653 c1 org.gradle.internal.operations.DefaultBuildOperationRunner$2.execute(Lorg/gradle/internal/operations/BuildOperationDescriptor;Lorg/gradle/internal/operations/BuildOperationState;Lorg/gradle/internal/operations/BuildOperationState;Lorg/gradle/internal/operations/DefaultBuildOperationRunner$ReadableBuildOperationContext;Lorg/gradle/internal/operations/DefaultBuildOperationRunner$BuildOperationExecutionListener;)Lorg/gradle/internal/operations/BuildOperation; (110 bytes) @ 0x000001a7803bb634 [0x000001a7803bb440+0x00000000000001f4]
J 7650 c1 org.gradle.internal.operations.DefaultBuildOperationRunner$2.execute(Lorg/gradle/internal/operations/BuildOperationDescriptor;Lorg/gradle/internal/operations/BuildOperationState;Lorg/gradle/internal/operations/BuildOperationState;Lorg/gradle/internal/operations/DefaultBuildOperationRunner$ReadableBuildOperationContext;Lorg/gradle/internal/operations/DefaultBuildOperationRunner$BuildOperationExecutionListener;)Ljava/lang/Object; (12 bytes) @ 0x000001a78083193c [0x000001a7808318c0+0x000000000000007c]
J 7442 c1 org.gradle.internal.operations.DefaultBuildOperationRunner.execute(Lorg/gradle/internal/operations/BuildOperationDescriptor$Builder;Lorg/gradle/internal/operations/BuildOperationState;Lorg/gradle/internal/operations/DefaultBuildOperationRunner$BuildOperationExecution;)Ljava/lang/Object; (147 bytes) @ 0x000001a78024936c [0x000001a780248880+0x0000000000000aec]
J 7021 c1 org.gradle.internal.operations.DefaultBuildOperationRunner.execute(Lorg/gradle/internal/operations/BuildOperation;Lorg/gradle/internal/operations/BuildOperationWorker;Lorg/gradle/internal/operations/BuildOperationState;)V (23 bytes) @ 0x000001a780b5037c [0x000001a780b500e0+0x000000000000029c]
j  org.gradle.internal.operations.DefaultBuildOperationRunner.run(Lorg/gradle/internal/operations/RunnableBuildOperation;)V+9
j  org.gradle.configuration.project.LifecycleProjectEvaluator.evaluate(Lorg/gradle/api/internal/project/ProjectInternal;Lorg/gradle/api/internal/project/ProjectStateInternal;)V+42
j  org.gradle.api.internal.project.DefaultProject.evaluateUnchecked()Lorg/gradle/api/internal/project/ProjectInternal;+19
j  org.gradle.api.internal.project.ProjectLifecycleController.lambda$ensureSelfConfigured$2()V+4
j  org.gradle.api.internal.project.ProjectLifecycleController$$Lambda+0x00000001008dba18.run()V+4
j  org.gradle.internal.model.StateTransitionController.lambda$doTransition$14(Ljava/lang/Runnable;)Lorg/gradle/internal/build/ExecutionResult;+1
j  org.gradle.internal.model.StateTransitionController$$Lambda+0x00000001004cbd10.get()Ljava/lang/Object;+4
j  org.gradle.internal.model.StateTransitionController.doTransition(Lorg/gradle/internal/model/StateTransitionController$State;Lorg/gradle/internal/model/StateTransitionController$State;Ljava/util/function/Supplier;)Lorg/gradle/internal/build/ExecutionResult;+24
j  org.gradle.internal.model.StateTransitionController.doTransition(Lorg/gradle/internal/model/StateTransitionController$State;Lorg/gradle/internal/model/StateTransitionController$State;Ljava/lang/Runnable;)V+9
j  org.gradle.internal.model.StateTransitionController.lambda$maybeTransitionIfNotCurrentlyTransitioning$10(Lorg/gradle/internal/model/StateTransitionController$State;Lorg/gradle/internal/model/StateTransitionController$State;Ljava/lang/Runnable;)V+16
j  org.gradle.internal.model.StateTransitionController$$Lambda+0x00000001008dbc50.run()V+16
j  org.gradle.internal.work.DefaultSynchronizer.withLock(Ljava/lang/Runnable;)V+6
j  org.gradle.internal.model.StateTransitionController.maybeTransitionIfNotCurrentlyTransitioning(Lorg/gradle/internal/model/StateTransitionController$State;Lorg/gradle/internal/model/StateTransitionController$State;Ljava/lang/Runnable;)V+13
j  org.gradle.api.internal.project.ProjectLifecycleController.ensureSelfConfigured()V+16
j  org.gradle.api.internal.project.DefaultProjectStateRegistry$ProjectStateImpl.ensureConfigured()V+19
j  org.gradle.execution.TaskPathProjectEvaluator.configure(Lorg/gradle/api/internal/project/ProjectInternal;)V+6
j  org.gradle.execution.TaskPathProjectEvaluator.configureHierarchy(Lorg/gradle/api/internal/project/ProjectInternal;)V+41
j  org.gradle.configuration.DefaultProjectsPreparer.prepareProjects(Lorg/gradle/api/internal/GradleInternal;)V+52
j  org.gradle.configuration.BuildTreePreparingProjectsPreparer.prepareProjects(Lorg/gradle/api/internal/GradleInternal;)V+114
j  org.gradle.configuration.BuildOperationFiringProjectsPreparer$ConfigureBuild.run(Lorg/gradle/internal/operations/BuildOperationContext;)V+11
j  org.gradle.internal.operations.DefaultBuildOperationRunner$1.execute(Lorg/gradle/internal/operations/RunnableBuildOperation;Lorg/gradle/internal/operations/BuildOperationContext;)V+2
j  org.gradle.internal.operations.DefaultBuildOperationRunner$1.execute(Lorg/gradle/internal/operations/BuildOperation;Lorg/gradle/internal/operations/BuildOperationContext;)V+6
j  org.gradle.internal.operations.DefaultBuildOperationRunner$2.execute(Lorg/gradle/internal/operations/BuildOperationDescriptor;Lorg/gradle/internal/operations/BuildOperationState;Lorg/gradle/internal/operations/BuildOperationState;Lorg/gradle/internal/operations/DefaultBuildOperationRunner$ReadableBuildOperationContext;Lorg/gradle/internal/operations/DefaultBuildOperationRunner$BuildOperationExecutionListener;)Lorg/gradle/internal/operations/BuildOperation;+22
j  org.gradle.internal.operations.DefaultBuildOperationRunner$2.execute(Lorg/gradle/internal/operations/BuildOperationDescriptor;Lorg/gradle/internal/operations/BuildOperationState;Lorg/gradle/internal/operations/BuildOperationState;Lorg/gradle/internal/operations/DefaultBuildOperationRunner$ReadableBuildOperationContext;Lorg/gradle/internal/operations/DefaultBuildOperationRunner$BuildOperationExecutionListener;)Ljava/lang/Object;+8
j  org.gradle.internal.operations.DefaultBuildOperationRunner.execute(Lorg/gradle/internal/operations/BuildOperationDescriptor$Builder;Lorg/gradle/internal/operations/BuildOperationState;Lorg/gradle/internal/operations/DefaultBuildOperationRunner$BuildOperationExecution;)Ljava/lang/Object;+141
j  org.gradle.internal.operations.DefaultBuildOperationRunner.execute(Lorg/gradle/internal/operations/BuildOperation;Lorg/gradle/internal/operations/BuildOperationWorker;Lorg/gradle/internal/operations/BuildOperationState;)V+18
j  org.gradle.internal.operations.DefaultBuildOperationRunner.run(Lorg/gradle/internal/operations/RunnableBuildOperation;)V+9
j  org.gradle.configuration.BuildOperationFiringProjectsPreparer.prepareProjects(Lorg/gradle/api/internal/GradleInternal;)V+13
j  org.gradle.initialization.VintageBuildModelController.lambda$prepareProjects$2()V+8
j  org.gradle.initialization.VintageBuildModelController$$Lambda+0x000000010083add8.run()V+4
j  org.gradle.internal.model.StateTransitionController.lambda$doTransition$14(Ljava/lang/Runnable;)Lorg/gradle/internal/build/ExecutionResult;+1
j  org.gradle.internal.model.StateTransitionController$$Lambda+0x00000001004cbd10.get()Ljava/lang/Object;+4
j  org.gradle.internal.model.StateTransitionController.doTransition(Lorg/gradle/internal/model/StateTransitionController$State;Lorg/gradle/internal/model/StateTransitionController$State;Ljava/util/function/Supplier;)Lorg/gradle/internal/build/ExecutionResult;+24
j  org.gradle.internal.model.StateTransitionController.doTransition(Lorg/gradle/internal/model/StateTransitionController$State;Lorg/gradle/internal/model/StateTransitionController$State;Ljava/lang/Runnable;)V+9
j  org.gradle.internal.model.StateTransitionController.lambda$transitionIfNotPreviously$11(Lorg/gradle/internal/model/StateTransitionController$State;Lorg/gradle/internal/model/StateTransitionController$State;Ljava/lang/Runnable;)V+16
j  org.gradle.internal.model.StateTransitionController$$Lambda+0x00000001004c8a38.run()V+16
j  org.gradle.internal.work.DefaultSynchronizer.withLock(Ljava/lang/Runnable;)V+6
j  org.gradle.internal.model.StateTransitionController.transitionIfNotPreviously(Lorg/gradle/internal/model/StateTransitionController$State;Lorg/gradle/internal/model/StateTransitionController$State;Ljava/lang/Runnable;)V+13
j  org.gradle.initialization.VintageBuildModelController.prepareProjects()V+16
j  org.gradle.initialization.VintageBuildModelController.prepareToScheduleTasks()V+5
j  org.gradle.internal.build.DefaultBuildLifecycleController.lambda$prepareToScheduleTasks$6()V+9
j  org.gradle.internal.build.DefaultBuildLifecycleController$$Lambda+0x00000001004cb8a0.run()V+4
j  org.gradle.internal.model.StateTransitionController.lambda$doTransition$14(Ljava/lang/Runnable;)Lorg/gradle/internal/build/ExecutionResult;+1
j  org.gradle.internal.model.StateTransitionController$$Lambda+0x00000001004cbd10.get()Ljava/lang/Object;+4
j  org.gradle.internal.model.StateTransitionController.doTransition(Lorg/gradle/internal/model/StateTransitionController$State;Lorg/gradle/internal/model/StateTransitionController$State;Ljava/util/function/Supplier;)Lorg/gradle/internal/build/ExecutionResult;+24
j  org.gradle.internal.model.StateTransitionController.doTransition(Lorg/gradle/internal/model/StateTransitionController$State;Lorg/gradle/internal/model/StateTransitionController$State;Ljava/lang/Runnable;)V+9
j  org.gradle.internal.model.StateTransitionController.lambda$maybeTransition$9(Lorg/gradle/internal/model/StateTransitionController$State;Lorg/gradle/internal/model/StateTransitionController$State;Ljava/lang/Runnable;)V+16
j  org.gradle.internal.model.StateTransitionController$$Lambda+0x00000001004cbad8.run()V+16
j  org.gradle.internal.work.DefaultSynchronizer.withLock(Ljava/lang/Runnable;)V+6
j  org.gradle.internal.model.StateTransitionController.maybeTransition(Lorg/gradle/internal/model/StateTransitionController$State;Lorg/gradle/internal/model/StateTransitionController$State;Ljava/lang/Runnable;)V+13
j  org.gradle.internal.build.DefaultBuildLifecycleController.prepareToScheduleTasks()V+16
j  org.gradle.internal.buildtree.DefaultBuildTreeWorkPreparer.scheduleRequestedTasks(Lorg/gradle/internal/buildtree/BuildTreeWorkGraph;Lorg/gradle/execution/EntryTaskSelector;)Lorg/gradle/internal/buildtree/BuildTreeWorkGraph$FinalizedGraph;+4
j  org.gradle.internal.cc.impl.VintageBuildTreeWorkController$scheduleAndRunRequestedTasks$1.apply(Lorg/gradle/internal/buildtree/BuildTreeWorkGraph;)Lorg/gradle/internal/build/ExecutionResult;+18
j  org.gradle.internal.cc.impl.VintageBuildTreeWorkController$scheduleAndRunRequestedTasks$1.apply(Ljava/lang/Object;)Ljava/lang/Object;+5
j  org.gradle.composite.internal.DefaultIncludedBuildTaskGraph.withNewWorkGraph(Ljava/util/function/Function;)Ljava/lang/Object;+30
j  org.gradle.internal.cc.impl.VintageBuildTreeWorkController.scheduleAndRunRequestedTasks(Lorg/gradle/execution/EntryTaskSelector;)Lorg/gradle/internal/build/ExecutionResult;+16
j  org.gradle.internal.buildtree.DefaultBuildTreeLifecycleController.lambda$scheduleAndRunTasks$1(Lorg/gradle/execution/EntryTaskSelector;)Lorg/gradle/internal/build/ExecutionResult;+5
j  org.gradle.internal.buildtree.DefaultBuildTreeLifecycleController$$Lambda+0x00000001004ca990.get()Ljava/lang/Object;+8
j  org.gradle.internal.buildtree.DefaultBuildTreeLifecycleController.lambda$runBuild$4(Ljava/util/function/Supplier;)Ljava/lang/Object;+1
j  org.gradle.internal.buildtree.DefaultBuildTreeLifecycleController$$Lambda+0x00000001004cabc8.get()Ljava/lang/Object;+8
j  org.gradle.internal.model.StateTransitionController.lambda$transition$6(Ljava/util/function/Supplier;)Lorg/gradle/internal/build/ExecutionResult;+1
j  org.gradle.internal.model.StateTransitionController$$Lambda+0x00000001004cb038.get()Ljava/lang/Object;+4
j  org.gradle.internal.model.StateTransitionController.doTransition(Lorg/gradle/internal/model/StateTransitionController$State;Lorg/gradle/internal/model/StateTransitionController$State;Ljava/util/function/Supplier;)Lorg/gradle/internal/build/ExecutionResult;+24
j  org.gradle.internal.model.StateTransitionController.lambda$transition$7(Lorg/gradle/internal/model/StateTransitionController$State;Lorg/gradle/internal/model/StateTransitionController$State;Ljava/util/function/Supplier;)Ljava/lang/Object;+9
j  org.gradle.internal.model.StateTransitionController$$Lambda+0x00000001004cae00.create()Ljava/lang/Object;+16
j  org.gradle.internal.work.DefaultSynchronizer.withLock(Lorg/gradle/internal/Factory;)Ljava/lang/Object;+6
j  org.gradle.internal.model.StateTransitionController.transition(Lorg/gradle/internal/model/StateTransitionController$State;Lorg/gradle/internal/model/StateTransitionController$State;Ljava/util/function/Supplier;)Ljava/lang/Object;+13
j  org.gradle.internal.buildtree.DefaultBuildTreeLifecycleController.runBuild(Ljava/util/function/Supplier;)Ljava/lang/Object;+17
j  org.gradle.internal.buildtree.DefaultBuildTreeLifecycleController.scheduleAndRunTasks(Lorg/gradle/execution/EntryTaskSelector;)V+8
j  org.gradle.internal.buildtree.DefaultBuildTreeLifecycleController.scheduleAndRunTasks()V+2
j  org.gradle.tooling.internal.provider.runner.BuildModelActionRunner.run(Lorg/gradle/internal/invocation/BuildAction;Lorg/gradle/internal/buildtree/BuildTreeLifecycleController;)Lorg/gradle/internal/buildtree/BuildActionRunner$Result;+65
j  org.gradle.launcher.exec.ChainingBuildActionRunner.run(Lorg/gradle/internal/invocation/BuildAction;Lorg/gradle/internal/buildtree/BuildTreeLifecycleController;)Lorg/gradle/internal/buildtree/BuildActionRunner$Result;+34
j  org.gradle.internal.buildtree.ProblemReportingBuildActionRunner.run(Lorg/gradle/internal/invocation/BuildAction;Lorg/gradle/internal/buildtree/BuildTreeLifecycleController;)Lorg/gradle/internal/buildtree/BuildActionRunner$Result;+12
j  org.gradle.launcher.exec.BuildOutcomeReportingBuildActionRunner.run(Lorg/gradle/internal/invocation/BuildAction;Lorg/gradle/internal/buildtree/BuildTreeLifecycleController;)Lorg/gradle/internal/buildtree/BuildActionRunner$Result;+69
j  org.gradle.tooling.internal.provider.FileSystemWatchingBuildActionRunner.run(Lorg/gradle/internal/invocation/BuildAction;Lorg/gradle/internal/buildtree/BuildTreeLifecycleController;)Lorg/gradle/internal/buildtree/BuildActionRunner$Result;+335
j  org.gradle.launcher.exec.BuildCompletionNotifyingBuildActionRunner.run(Lorg/gradle/internal/invocation/BuildAction;Lorg/gradle/internal/buildtree/BuildTreeLifecycleController;)Lorg/gradle/internal/buildtree/BuildActionRunner$Result;+6
j  org.gradle.launcher.exec.RootBuildLifecycleBuildActionExecutor.lambda$execute$0(Lorg/gradle/internal/invocation/BuildAction;Lorg/gradle/internal/buildtree/BuildTreeLifecycleController;)Lorg/gradle/internal/buildtree/BuildActionRunner$Result;+6
j  org.gradle.launcher.exec.RootBuildLifecycleBuildActionExecutor$$Lambda+0x00000001004b7258.apply(Ljava/lang/Object;)Ljava/lang/Object;+12
j  org.gradle.composite.internal.DefaultRootBuildState.run(Ljava/util/function/Function;)Ljava/lang/Object;+87
j  org.gradle.launcher.exec.RootBuildLifecycleBuildActionExecutor.execute(Lorg/gradle/internal/invocation/BuildAction;Lorg/gradle/internal/buildtree/BuildTreeContext;)Lorg/gradle/internal/buildtree/BuildActionRunner$Result;+75
j  org.gradle.internal.buildtree.InitDeprecationLoggingActionExecutor.execute(Lorg/gradle/internal/invocation/BuildAction;Lorg/gradle/internal/buildtree/BuildTreeContext;)Lorg/gradle/internal/buildtree/BuildActionRunner$Result;+83
j  org.gradle.internal.buildtree.InitProblems.execute(Lorg/gradle/internal/invocation/BuildAction;Lorg/gradle/internal/buildtree/BuildTreeContext;)Lorg/gradle/internal/buildtree/BuildActionRunner$Result;+13
j  org.gradle.internal.buildtree.DefaultBuildTreeContext.execute(Lorg/gradle/internal/invocation/BuildAction;)Lorg/gradle/internal/buildtree/BuildActionRunner$Result;+64
j  org.gradle.launcher.exec.BuildTreeLifecycleBuildActionExecutor.lambda$execute$0(Lorg/gradle/internal/invocation/BuildAction;Lorg/gradle/internal/buildtree/BuildTreeContext;)Lorg/gradle/internal/buildtree/BuildActionRunner$Result;+2
j  org.gradle.launcher.exec.BuildTreeLifecycleBuildActionExecutor$$Lambda+0x00000001003b08c0.apply(Ljava/lang/Object;)Ljava/lang/Object;+8
j  org.gradle.internal.buildtree.BuildTreeState.run(Ljava/util/function/Function;)Ljava/lang/Object;+47
j  org.gradle.launcher.exec.BuildTreeLifecycleBuildActionExecutor.execute(Lorg/gradle/internal/invocation/BuildAction;Lorg/gradle/internal/session/BuildSessionContext;)Lorg/gradle/internal/buildtree/BuildActionRunner$Result;+74
j  org.gradle.launcher.exec.RunAsBuildOperationBuildActionExecutor$3.call(Lorg/gradle/internal/operations/BuildOperationContext;)Lorg/gradle/internal/buildtree/BuildActionRunner$Result;+25
j  org.gradle.launcher.exec.RunAsBuildOperationBuildActionExecutor$3.call(Lorg/gradle/internal/operations/BuildOperationContext;)Ljava/lang/Object;+2
j  org.gradle.internal.operations.DefaultBuildOperationRunner$CallableBuildOperationWorker.execute(Lorg/gradle/internal/operations/CallableBuildOperation;Lorg/gradle/internal/operations/BuildOperationContext;)V+3
j  org.gradle.internal.operations.DefaultBuildOperationRunner$CallableBuildOperationWorker.execute(Lorg/gradle/internal/operations/BuildOperation;Lorg/gradle/internal/operations/BuildOperationContext;)V+6
j  org.gradle.internal.operations.DefaultBuildOperationRunner$2.execute(Lorg/gradle/internal/operations/BuildOperationDescriptor;Lorg/gradle/internal/operations/BuildOperationState;Lorg/gradle/internal/operations/BuildOperationState;Lorg/gradle/internal/operations/DefaultBuildOperationRunner$ReadableBuildOperationContext;Lorg/gradle/internal/operations/DefaultBuildOperationRunner$BuildOperationExecutionListener;)Lorg/gradle/internal/operations/BuildOperation;+22
j  org.gradle.internal.operations.DefaultBuildOperationRunner$2.execute(Lorg/gradle/internal/operations/BuildOperationDescriptor;Lorg/gradle/internal/operations/BuildOperationState;Lorg/gradle/internal/operations/BuildOperationState;Lorg/gradle/internal/operations/DefaultBuildOperationRunner$ReadableBuildOperationContext;Lorg/gradle/internal/operations/DefaultBuildOperationRunner$BuildOperationExecutionListener;)Ljava/lang/Object;+8
j  org.gradle.internal.operations.DefaultBuildOperationRunner.execute(Lorg/gradle/internal/operations/BuildOperationDescriptor$Builder;Lorg/gradle/internal/operations/BuildOperationState;Lorg/gradle/internal/operations/DefaultBuildOperationRunner$BuildOperationExecution;)Ljava/lang/Object;+141
j  org.gradle.internal.operations.DefaultBuildOperationRunner.execute(Lorg/gradle/internal/operations/BuildOperation;Lorg/gradle/internal/operations/BuildOperationWorker;Lorg/gradle/internal/operations/BuildOperationState;)V+18
j  org.gradle.internal.operations.DefaultBuildOperationRunner.call(Lorg/gradle/internal/operations/CallableBuildOperation;)Ljava/lang/Object;+16
j  org.gradle.launcher.exec.RunAsBuildOperationBuildActionExecutor.execute(Lorg/gradle/internal/invocation/BuildAction;Lorg/gradle/internal/session/BuildSessionContext;)Lorg/gradle/internal/buildtree/BuildActionRunner$Result;+23
j  org.gradle.launcher.exec.RunAsWorkerThreadBuildActionExecutor.lambda$execute$0(Lorg/gradle/internal/invocation/BuildAction;Lorg/gradle/internal/session/BuildSessionContext;)Lorg/gradle/internal/buildtree/BuildActionRunner$Result;+6
j  org.gradle.launcher.exec.RunAsWorkerThreadBuildActionExecutor$$Lambda+0x00000001003813f0.create()Ljava/lang/Object;+12
j  org.gradle.internal.work.DefaultWorkerLeaseService.withLocks(Ljava/util/Collection;Lorg/gradle/internal/Factory;)Ljava/lang/Object;+28
j  org.gradle.internal.work.DefaultWorkerLeaseService.runAsWorkerThread(Lorg/gradle/internal/Factory;)Ljava/lang/Object;+33
j  org.gradle.launcher.exec.RunAsWorkerThreadBuildActionExecutor.execute(Lorg/gradle/internal/invocation/BuildAction;Lorg/gradle/internal/session/BuildSessionContext;)Lorg/gradle/internal/buildtree/BuildActionRunner$Result;+12
j  org.gradle.tooling.internal.provider.continuous.ContinuousBuildActionExecutor.execute(Lorg/gradle/internal/invocation/BuildAction;Lorg/gradle/internal/session/BuildSessionContext;)Lorg/gradle/internal/buildtree/BuildActionRunner$Result;+58
j  org.gradle.tooling.internal.provider.SubscribableBuildActionExecutor.execute(Lorg/gradle/internal/invocation/BuildAction;Lorg/gradle/internal/session/BuildSessionContext;)Lorg/gradle/internal/buildtree/BuildActionRunner$Result;+30
j  org.gradle.internal.session.DefaultBuildSessionContext.execute(Lorg/gradle/internal/invocation/BuildAction;)Lorg/gradle/internal/buildtree/BuildActionRunner$Result;+64
j  org.gradle.internal.buildprocess.execution.BuildSessionLifecycleBuildActionExecutor$ActionImpl.apply(Lorg/gradle/internal/session/BuildSessionContext;)Lorg/gradle/launcher/exec/BuildActionResult;+6
j  org.gradle.internal.buildprocess.execution.BuildSessionLifecycleBuildActionExecutor$ActionImpl.apply(Ljava/lang/Object;)Ljava/lang/Object;+5
j  org.gradle.internal.session.BuildSessionState.run(Ljava/util/function/Function;)Ljava/lang/Object;+5
j  org.gradle.internal.buildprocess.execution.BuildSessionLifecycleBuildActionExecutor.execute(Lorg/gradle/internal/invocation/BuildAction;Lorg/gradle/launcher/exec/BuildActionParameters;Lorg/gradle/initialization/BuildRequestContext;)Lorg/gradle/launcher/exec/BuildActionResult;+95
j  org.gradle.internal.buildprocess.execution.BuildSessionLifecycleBuildActionExecutor.execute(Lorg/gradle/internal/invocation/BuildAction;Ljava/lang/Object;Ljava/lang/Object;)Lorg/gradle/launcher/exec/BuildActionResult;+10
j  org.gradle.internal.buildprocess.execution.StartParamsValidatingActionExecutor.execute(Lorg/gradle/internal/invocation/BuildAction;Lorg/gradle/launcher/exec/BuildActionParameters;Lorg/gradle/initialization/BuildRequestContext;)Lorg/gradle/launcher/exec/BuildActionResult;+203
j  org.gradle.internal.buildprocess.execution.StartParamsValidatingActionExecutor.execute(Lorg/gradle/internal/invocation/BuildAction;Ljava/lang/Object;Ljava/lang/Object;)Lorg/gradle/launcher/exec/BuildActionResult;+10
j  org.gradle.internal.buildprocess.execution.SessionFailureReportingActionExecutor.execute(Lorg/gradle/internal/invocation/BuildAction;Lorg/gradle/launcher/exec/BuildActionParameters;Lorg/gradle/initialization/BuildRequestContext;)Lorg/gradle/launcher/exec/BuildActionResult;+7
j  org.gradle.internal.buildprocess.execution.SessionFailureReportingActionExecutor.execute(Lorg/gradle/internal/invocation/BuildAction;Ljava/lang/Object;Ljava/lang/Object;)Lorg/gradle/launcher/exec/BuildActionResult;+10
j  org.gradle.internal.buildprocess.execution.SetupLoggingActionExecutor.execute(Lorg/gradle/internal/invocation/BuildAction;Lorg/gradle/launcher/exec/BuildActionParameters;Lorg/gradle/initialization/BuildRequestContext;)Lorg/gradle/launcher/exec/BuildActionResult;+50
j  org.gradle.internal.buildprocess.execution.SetupLoggingActionExecutor.execute(Lorg/gradle/internal/invocation/BuildAction;Ljava/lang/Object;Ljava/lang/Object;)Lorg/gradle/launcher/exec/BuildActionResult;+10
j  org.gradle.launcher.daemon.server.exec.ExecuteBuild.doBuild(Lorg/gradle/launcher/daemon/server/api/DaemonCommandExecution;Lorg/gradle/launcher/daemon/protocol/Build;)V+147
j  org.gradle.launcher.daemon.server.exec.BuildCommandOnly.execute(Lorg/gradle/launcher/daemon/server/api/DaemonCommandExecution;)V+49
j  org.gradle.launcher.daemon.server.api.DaemonCommandExecution.proceed()Z+23
j  org.gradle.launcher.daemon.server.exec.WatchForDisconnection.execute(Lorg/gradle/launcher/daemon/server/api/DaemonCommandExecution;)V+19
j  org.gradle.launcher.daemon.server.api.DaemonCommandExecution.proceed()Z+23
j  org.gradle.launcher.daemon.server.exec.ResetDeprecationLogger.execute(Lorg/gradle/launcher/daemon/server/api/DaemonCommandExecution;)V+7
j  org.gradle.launcher.daemon.server.api.DaemonCommandExecution.proceed()Z+23
j  org.gradle.launcher.daemon.server.exec.RequestStopIfSingleUsedDaemon.execute(Lorg/gradle/launcher/daemon/server/api/DaemonCommandExecution;)V+33
j  org.gradle.launcher.daemon.server.api.DaemonCommandExecution.proceed()Z+23
j  org.gradle.launcher.daemon.server.exec.ForwardClientInput.lambda$execute$0(Lorg/gradle/launcher/daemon/server/api/DaemonCommandExecution;Lorg/gradle/internal/daemon/clientinput/StdinHandler;)Ljava/lang/Object;+11
j  org.gradle.launcher.daemon.server.exec.ForwardClientInput$$Lambda+0x0000000100237270.apply(Ljava/lang/Object;)Ljava/lang/Object;+8
j  org.gradle.internal.daemon.clientinput.ClientInputForwarder.forwardInput(Ljava/util/function/Function;)Ljava/lang/Object;+46
j  org.gradle.launcher.daemon.server.exec.ForwardClientInput.execute(Lorg/gradle/launcher/daemon/server/api/DaemonCommandExecution;)V+10
j  org.gradle.launcher.daemon.server.api.DaemonCommandExecution.proceed()Z+23
j  org.gradle.launcher.daemon.server.exec.LogAndCheckHealth.execute(Lorg/gradle/launcher/daemon/server/api/DaemonCommandExecution;)V+51
j  org.gradle.launcher.daemon.server.api.DaemonCommandExecution.proceed()Z+23
j  org.gradle.launcher.daemon.server.exec.LogToClient.doBuild(Lorg/gradle/launcher/daemon/server/api/DaemonCommandExecution;Lorg/gradle/launcher/daemon/protocol/Build;)V+87
j  org.gradle.launcher.daemon.server.exec.BuildCommandOnly.execute(Lorg/gradle/launcher/daemon/server/api/DaemonCommandExecution;)V+49
j  org.gradle.launcher.daemon.server.api.DaemonCommandExecution.proceed()Z+23
j  org.gradle.launcher.daemon.server.exec.EstablishBuildEnvironment.doBuild(Lorg/gradle/launcher/daemon/server/api/DaemonCommandExecution;Lorg/gradle/launcher/daemon/protocol/Build;)V+356
j  org.gradle.launcher.daemon.server.exec.BuildCommandOnly.execute(Lorg/gradle/launcher/daemon/server/api/DaemonCommandExecution;)V+49
j  org.gradle.launcher.daemon.server.api.DaemonCommandExecution.proceed()Z+23
j  org.gradle.launcher.daemon.server.exec.StartBuildOrRespondWithBusy$1.run()V+44
j  org.gradle.launcher.daemon.server.DaemonStateCoordinator.lambda$runCommand$0(Ljava/lang/Runnable;)V+1
j  org.gradle.launcher.daemon.server.DaemonStateCoordinator$$Lambda+0x0000000100233a70.run()V+8
j  org.gradle.internal.concurrent.ExecutorPolicy$CatchAndRecordFailures.onExecute(Ljava/lang/Runnable;)V+1
j  org.gradle.internal.concurrent.AbstractManagedExecutor$1.run()V+25
j  java.util.concurrent.ThreadPoolExecutor.runWorker(Ljava/util/concurrent/ThreadPoolExecutor$Worker;)V+92 java.base@21.0.6
j  java.util.concurrent.ThreadPoolExecutor$Worker.run()V+5 java.base@21.0.6
j  java.lang.Thread.runWith(Ljava/lang/Object;Ljava/lang/Runnable;)V+5 java.base@21.0.6
j  java.lang.Thread.run()V+19 java.base@21.0.6
v  ~StubRoutines::call_stub 0x000001a78753100d

Compiled method (n/a) 30661  839     n 0       java.lang.ClassLoader::defineClass1 (native)
 total in heap  [0x000001a787b29990,0x000001a787b29fe8] = 1624
 relocation     [0x000001a787b29af0,0x000001a787b29b28] = 56
 main code      [0x000001a787b29b40,0x000001a787b29fe7] = 1191
 stub code      [0x000001a787b29fe7,0x000001a787b29fe8] = 1

[Constant Pool (empty)]

[MachCode]
[Entry Point]
  # {method} {0x000001a78f025018} 'defineClass1' '(Ljava/lang/ClassLoader;Ljava/lang/String;[BIILjava/security/ProtectionDomain;Ljava/lang/String;)Ljava/lang/Class;' in 'java/lang/ClassLoader'
  # parm0:    rdx:rdx   = 'java/lang/ClassLoader'
  # parm1:    r8:r8     = 'java/lang/String'
  # parm2:    r9:r9     = '[B'
  # parm3:    rdi       = int
  # parm4:    rsi       = int
  # parm5:    rcx:rcx   = 'java/security/ProtectionDomain'
  # parm6:    [sp+0xa0]   = 'java/lang/String'  (sp of caller)
  0x000001a787b29b40: 448b 5208 | 49c1 e203 | 493b c20f | 8407 0000 

  0x000001a787b29b50: ;   {runtime_call ic_miss_stub}
  0x000001a787b29b50: 00e9 2a4c | a5ff 6690 
[Verified Entry Point]
  0x000001a787b29b58: 8984 2400 | 80ff ff55 | 488b ec48 | 81ec 9000 | 0000 6690 | 4181 7f20 | 1300 0000 

  0x000001a787b29b74: ;   {runtime_call StubRoutines (final stubs)}
  0x000001a787b29b74: 7405 e8a5 | 00a4 ff48 | 837d 1000 | 488d 4510 | 480f 4445 | 1048 8944 | 2440 4889 | 4c24 7048 
  0x000001a787b29b94: 83f9 0048 | 8d44 2470 | 480f 4444 | 2470 4889 | 4424 3848 | 8974 2430 | 4889 7c24 | 284c 894c 
  0x000001a787b29bb4: 2458 4983 | f900 488d | 4424 5848 | 0f44 4424 | 5848 8944 | 2420 4c89 | 4424 5049 | 83f8 004c 
  0x000001a787b29bd4: 8d4c 2450 | 4c0f 444c | 2450 4889 | 5424 4848 | 83fa 004c | 8d44 2448 | 4c0f 4444 

  0x000001a787b29bf0: ;   {oop(a 'java/lang/Class'{0x0000000080098ac8} = 'java/lang/ClassLoader')}
  0x000001a787b29bf0: 2448 49be | c88a 0980 | 0000 0000 | 4c89 7424 | 784c 8d74 | 2478 498b | d6c5 f877 

  0x000001a787b29c0c: ;   {internal_word}
  0x000001a787b29c0c: 49ba 099c | b287 a701 | 0000 4d89 | 97a0 0300 | 0049 89a7 | 9803 0000 

  0x000001a787b29c24: ;   {external_word}
  0x000001a787b29c24: 49ba 8057 | fb44 fb7f | 0000 4180 | 3a00 0f84 | 4e00 0000 | 5241 5041 

  0x000001a787b29c3c: ;   {metadata({method} {0x000001a78f025018} 'defineClass1' '(Ljava/lang/ClassLoader;Ljava/lang/String;[BIILjava/security/ProtectionDomain;Ljava/lang/String;)Ljava/lang/Class;' in 'java/lang/ClassLoader')}
  0x000001a787b29c3c: 5148 ba10 | 5002 8fa7 | 0100 0049 | 8bcf 4883 | ec20 40f6 | c40f 0f84 | 1900 0000 | 4883 ec08 
  0x000001a787b29c5c: ;   {runtime_call}
  0x000001a787b29c5c: 48b8 c076 | b544 fb7f | 0000 ffd0 | 4883 c408 | e90c 0000 

  0x000001a787b29c70: ;   {runtime_call}
  0x000001a787b29c70: 0048 b8c0 | 76b5 44fb | 7f00 00ff | d048 83c4 | 2041 5941 | 585a 498d | 8fb8 0300 | 0041 c787 
  0x000001a787b29c90: 4404 0000 | 0400 0000 

  0x000001a787b29c98: ;   {runtime_call}
  0x000001a787b29c98: 48b8 ac16 | 919b fb7f | 0000 ffd0 | c5f8 7741 | c787 4404 | 0000 0500 | 0000 f083 | 4424 c000 
  0x000001a787b29cb8: 493b af48 | 0400 000f | 870e 0000 | 0041 83bf | 4004 0000 | 000f 842b | 0000 00c5 | f877 4889 
  0x000001a787b29cd8: 45f8 498b | cf4c 8be4 | 4883 ec20 | 4883 e4f0 

  0x000001a787b29ce8: ;   {runtime_call}
  0x000001a787b29ce8: 48b8 e0db | 8044 fb7f | 0000 ffd0 | 498b e44d | 33e4 488b | 45f8 41c7 | 8744 0400 | 0008 0000 
  0x000001a787b29d08: 0041 83bf | c004 0000 | 020f 84a3 

  0x000001a787b29d14: ;   {external_word}
  0x000001a787b29d14: 0200 0049 | ba80 57fb | 44fb 7f00 | 0041 803a | 000f 844c | 0000 0048 

  0x000001a787b29d2c: ;   {metadata({method} {0x000001a78f025018} 'defineClass1' '(Ljava/lang/ClassLoader;Ljava/lang/String;[BIILjava/security/ProtectionDomain;Ljava/lang/String;)Ljava/lang/Class;' in 'java/lang/ClassLoader')}
  0x000001a787b29d2c: 8945 f848 | ba10 5002 | 8fa7 0100 | 0049 8bcf | 4883 ec20 | 40f6 c40f | 0f84 1900 | 0000 4883 
  0x000001a787b29d4c: ;   {runtime_call}
  0x000001a787b29d4c: ec08 48b8 | c076 b544 | fb7f 0000 | ffd0 4883 | c408 e90c 

  0x000001a787b29d60: ;   {runtime_call}
  0x000001a787b29d60: 0000 0048 | b8c0 76b5 | 44fb 7f00 | 00ff d048 | 83c4 2048 | 8b45 f849 | c787 9803 | 0000 0000 
  0x000001a787b29d80: 0000 49c7 | 87a0 0300 | 0000 0000 | 00c5 f877 | 4885 c00f | 84fe 0100 | 00a8 030f | 8508 0000 
  0x000001a787b29da0: 0048 8b00 | e9ee 0100 | 00a8 010f | 8509 0000 | 0048 8b40 | fee9 dd01 | 0000 488b | 40ff 4180 
  0x000001a787b29dc0: 7f40 000f | 84ce 0100 | 0048 83f8 | 000f 84c4 | 0100 0049 | 8b4f 2848 | 83f9 000f | 8414 0000 
  0x000001a787b29de0: 0048 83e9 | 0849 894f | 2849 034f | 3848 8901 | e9a2 0100 | 0048 81ec | d000 0000 | 4889 0424 
  0x000001a787b29e00: 4889 4c24 | 0848 8954 | 2410 4889 | 7424 1848 | 897c 2420 | 4c89 4424 | 284c 894c | 2430 4c89 
  0x000001a787b29e20: 5424 384c | 895c 2440 | c5fb 1144 | 2450 c5fb | 114c 2458 | c5fb 1154 | 2460 c5fb | 115c 2468 
  0x000001a787b29e40: c5fb 1164 | 2470 c5fb | 116c 2478 | c5fb 11b4 | 2480 0000 | 00c5 fb11 | bc24 8800 | 0000 c57b 
  0x000001a787b29e60: ;   {no_reloc}
  0x000001a787b29e60: 1184 2490 | 0000 00c5 | 7b11 8c24 | 9800 0000 | c57b 1194 | 24a0 0000 | 00c5 7b11 | 9c24 a800 
  0x000001a787b29e80: 0000 c57b | 11a4 24b0 | 0000 00c5 | 7b11 ac24 | b800 0000 | c57b 11b4 | 24c0 0000 | 00c5 7b11 
  0x000001a787b29ea0: bc24 c800 | 0000 498b | d748 8bc8 | 4883 ec20 | 40f6 c40f | 0f84 1900 | 0000 4883 

  0x000001a787b29ebc: ;   {runtime_call}
  0x000001a787b29ebc: ec08 48b8 | 70ee 7344 | fb7f 0000 | ffd0 4883 | c408 e90c 

  0x000001a787b29ed0: ;   {runtime_call}
  0x000001a787b29ed0: 0000 0048 | b870 ee73 | 44fb 7f00 | 00ff d048 | 83c4 20c5 | 7b10 bc24 | c800 0000 | c57b 10b4 
  0x000001a787b29ef0: 24c0 0000 | 00c5 7b10 | ac24 b800 | 0000 c57b | 10a4 24b0 | 0000 00c5 | 7b10 9c24 | a800 0000 
  0x000001a787b29f10: c57b 1094 | 24a0 0000 | 00c5 7b10 | 8c24 9800 | 0000 c57b | 1084 2490 | 0000 00c5 | fb10 bc24 
  0x000001a787b29f30: 8800 0000 | c5fb 10b4 | 2480 0000 | 00c5 fb10 | 6c24 78c5 | fb10 6424 | 70c5 fb10 | 5c24 68c5 
  0x000001a787b29f50: fb10 5424 | 60c5 fb10 | 4c24 58c5 | fb10 4424 | 504c 8b5c | 2440 4c8b | 5424 384c | 8b4c 2430 
  0x000001a787b29f70: 4c8b 4424 | 2848 8b7c | 2420 488b | 7424 1848 | 8b54 2410 | 488b 4c24 | 0848 8b04 | 2448 81c4 
  0x000001a787b29f90: d000 0000 | c5f8 7749 | 8b8f 2804 | 0000 c781 | 0001 0000 | 0000 0000 | c949 837f | 0800 0f85 
  0x000001a787b29fb0: 0100 0000 

  0x000001a787b29fb4: ;   {runtime_call StubRoutines (initial stubs)}
  0x000001a787b29fb4: c3e9 466f | a0ff c5f8 | 7748 8945 | f84c 8be4 | 4883 ec20 | 4883 e4f0 

  0x000001a787b29fcc: ;   {runtime_call}
  0x000001a787b29fcc: 48b8 60ae | b544 fb7f | 0000 ffd0 | 498b e44d | 33e4 488b | 45f8 e930 | fdff fff4 
[/MachCode]


Compiled method (c2) 30681 9288       4       java.lang.ClassLoader::defineClass (43 bytes)
 total in heap  [0x000001a787f35b90,0x000001a787f3b210] = 22144
 relocation     [0x000001a787f35cf0,0x000001a787f36038] = 840
 main code      [0x000001a787f36040,0x000001a787f390a0] = 12384
 stub code      [0x000001a787f390a0,0x000001a787f391d8] = 312
 oops           [0x000001a787f391d8,0x000001a787f391f0] = 24
 metadata       [0x000001a787f391f0,0x000001a787f39470] = 640
 scopes data    [0x000001a787f39470,0x000001a787f3a618] = 4520
 scopes pcs     [0x000001a787f3a618,0x000001a787f3ad58] = 1856
 dependencies   [0x000001a787f3ad58,0x000001a787f3ae00] = 168
 handler table  [0x000001a787f3ae00,0x000001a787f3b160] = 864
 nul chk table  [0x000001a787f3b160,0x000001a787f3b210] = 176

[Constant Pool (empty)]

[MachCode]
[Entry Point]
  # {method} {0x000001a78f024e38} 'defineClass' '(Ljava/lang/String;[BIILjava/security/ProtectionDomain;)Ljava/lang/Class;' in 'java/lang/ClassLoader'
  # this:     rdx:rdx   = 'java/lang/ClassLoader'
  # parm0:    r8:r8     = 'java/lang/String'
  # parm1:    r9:r9     = '[B'
  # parm2:    rdi       = int
  # parm3:    rsi       = int
  # parm4:    rcx:rcx   = 'java/security/ProtectionDomain'
  #           [sp+0xe0]  (sp of caller)
  0x000001a787f36040: 448b 5208 | 49c1 e203 

  0x000001a787f36048: ;   {runtime_call ic_miss_stub}
  0x000001a787f36048: 493b c20f | 852f 8764 | ff66 6690 | 0f1f 8400 | 0000 0000 | 6666 6690 
[Verified Entry Point]
  0x000001a787f36060: 8984 2400 | 80ff ff55 | 4881 ecd0 | 0000 0090 | 4181 7f20 | 1300 0000 | 0f85 1530 | 0000 4889 
  0x000001a787f36080: 4c24 4089 | 7424 3c89 | 7c24 384c | 894c 2430 | 4889 5424 | 284c 8984 | 2488 0000 | 0045 8b50 
  0x000001a787f360a0: 1445 8b5a | 0c45 85db | 0f86 0e1f | 0000 410f | be48 1085 | c90f 850d | 2000 0045 | 8bcb 41d3 
  0x000001a787f360c0: f945 3bcb | 418b d941 | 0f4f db4d | 8bc2 c4c1 | f96e c04d | 8d6a 1085 | db0f 8e87 | 0000 0044 
  0x000001a787f360e0: 3bdb 0f82 | 201f 0000 | b82f 0000 | 0049 8bfd | 8bd3 488b | df83 fa10 | 0f8c 3100 | 0000 c5f9 
  0x000001a787f36100: 6ed0 c5e1 | efdb c4e2 | 6900 d38b | ca83 e1f0 | 83e2 0fc5 | fa6f 0bc5 | f174 cac4 | e279 17d9 
  0x000001a787f36120: 0f83 2a00 | 0000 4883 | c310 83e9 | 1075 e485 | d20f 8412 | 0000 000f | b60b 3bc1 | 741c 4883 
  0x000001a787f36140: c301 83ea | 0174 02eb 

  0x000001a787f36148: ;   {no_reloc}
  0x000001a787f36148: eebb ffff | ffff eb0d | c5f9 d7c9 | 0fbc c148 | 03d8 482b | df83 fbff | 0f85 d21f | 0000 410f 
  0x000001a787f36168: b66d 0083 | fd5b 0f84 | 1820 0000 | 418d 49fb | 85c9 7c55 | 450f be45 | 0041 83f8 | 6a75 4a41 
  0x000001a787f36188: 83fb 040f | 868a 2300 | 0041 807a | 1161 7539 | 4180 7a12 | 7675 3241 | 807a 1361 | 752b 4180 
  0x000001a787f361a8: 7a14 2e75 

  0x000001a787f361ac: ;   {oop(a 'jdk/internal/loader/ClassLoaders$PlatformClassLoader'{0x0000000080007350})}
  0x000001a787f361ac: 2449 b850 | 7300 8000 | 0000 0048 | 8b4c 2428 | 493b c80f | 85d7 2800 

  0x000001a787f361c4: ;   {oop(a 'jdk/internal/loader/ClassLoaders$PlatformClassLoader'{0x0000000080007350})}
  0x000001a787f361c4: 0048 bb50 | 7300 8000 | 0000 00eb | 0548 8b5c | 2428 4c8b | 4424 4045 | 8b70 1045 | 8bc3 41ff 
  0x000001a787f361e4: c841 8bf9 | ffcf 413b | f841 0f4f | f885 ff0f | 8c07 0d00 | 0041 3bfb | 0f83 8a1d | 0000 85ff 
  0x000001a787f36204: 0f8e ce1d | 0000 8bcf | ffc9 33d2 | c4c1 f96e | cd89 5424 | 2045 0fbe | 443a 1041 | 83f8 2e0f 
  0x000001a787f36224: 84c7 0c00 | 00ff cf3b | f97f ea83 | ff02 0f8e | 9300 0000 | 8d4f fe83 | ff02 0f4c | 4c24 2081 
  0x000001a787f36244: f9a0 0f00 | 0041 b8a0 | 0f00 0041 | 0f47 c88b | d72b d166 | 0f1f 8400 | 0000 0000 | 4c63 c743 
  0x000001a787f36264: 0fbe 4c02 | 1083 f92e | 0f84 8900 | 0000 470f | be44 020f | 4183 f82e | 0f84 7e00 | 0000 448d 
  0x000001a787f36284: 47fe 430f | be74 0210 | 83fe 2e74 | 7544 8d47 | fd43 0fbe | 4c02 1083 | f92e 7466 | 83c7 fc3b 
  0x000001a787f362a4: fa7f b949 | 8b87 5004 | 0000 4c8b | 4424 2848 | 8b8c 2488 | 0000 0048 

  0x000001a787f362bc: ; ImmutableOopMap {r10=NarrowOop r8=Oop rcx=Oop rbx=Oop rdx=Oop r14=NarrowOop xmm0=Oop xmm1=Derived_oop_xmm0 [40]=Oop [48]=Oop [64]=Oop [136]=Oop }
                      ;*goto {reexecute=1 rethrow=0 return_oop=0}
                      ; - (reexecute) java.lang.StringLatin1::lastIndexOf@35
                      ; - java.lang.String::lastIndexOf@13
                      ; - java.lang.String::lastIndexOf@8
                      ; - java.lang.ClassLoader::checkCerts@3
                      ; - java.lang.ClassLoader::preDefineClass@113
                      ; - java.lang.ClassLoader::defineClass@4
  0x000001a787f362bc: 8b54 2440 

  0x000001a787f362c0: ;   {poll}
  0x000001a787f362c0: 8500 83ff | 020f 8f6d | ffff ff83 | ffff 7e21 | 450f be44 | 3a10 4183 | f82e 0f84 | c81f 0000 
  0x000001a787f362e0: ffcf 83ff | ff7f e9c4 | c1f9 7ecd | e915 0c00 | 00c4 c1f9 | 7ecd e90b | 0c00 0044 | 8bc7 eb06 
  0x000001a787f36300: 448b c741 | ffc8 c4c1 | f97e cd41 | 83f8 ff0f | 84e5 0f00 | 0045 85c0 | 0f8c da1d | 0000 453b 
  0x000001a787f36320: c10f 8f85 | 1e00 0045 | 3bc1 0f84 | 700b 0000 | 4585 c00f | 840f 1800 | 0049 8bb7 | b801 0000 
  0x000001a787f36340: 4c8b ce49 | 83c1 184d | 3b8f c801 | 0000 0f83 | c618 0000 | 4d89 8fb8 | 0100 0041 | 0f18 81c0 
  0x000001a787f36360: 0000 0048 | c706 0100 

  0x000001a787f36368: ;   {metadata('java/lang/String')}
  0x000001a787f36368: 0000 c746 | 08d6 8300 | 2044 8966 | 0c4c 8966 | 1045 3bc3 | 0f84 e300 | 0000 4181 | f800 0010 
  0x000001a787f36388: 000f 8781 | 2000 004d | 63c8 498b | d545 3bd8 | 418b eb41 | 0f4f e844 | 3bdd 0f82 | dc20 0000 
  0x000001a787f363a8: 443b c50f | 82d3 2000 | 0049 83c1 | 174d 8bd9 | 4983 e3f8 | 4181 f800 | 0010 000f | 8788 1a00 
  0x000001a787f363c8: 004d 8baf | b801 0000 | 4d8b d54d | 03d3 4d3b | 97c8 0100 | 000f 836e | 1a00 004d | 8997 b801 
  0x000001a787f363e8: 0000 410f | 1882 c000 | 0000 49c7 | 4500 0100 | 0000 410f | 1882 0001 

  0x000001a787f36400: ;   {metadata({type array byte})}
  0x000001a787f36400: 0000 41c7 | 4508 4581 | 0020 4589 | 450c 410f | 1882 4001 | 0000 410f | 1882 8001 | 0000 4d8b 
  0x000001a787f36420: d549 83c2 | 1049 c1e9 | 0385 ed0f | 84e7 1f00 | 0041 3be8 | 0f8c a814 | 0000 4983 | c3f0 49c1 
  0x000001a787f36440: eb03 488b | ca49 8bd2 | 4d8b c349 | ba20 8256 | 87a7 0100 | 0041 ffd2 

  0x000001a787f36458: ;   {other}
  0x000001a787f36458: 0f1f 8400 | 0000 0000 | e993 0000 | 004d 63c3 | 4181 fb00 | 0010 000f | 8783 1800 | 004d 8bcd 
  0x000001a787f36478: 4d8b afb8 | 0100 0049 | 8d48 1748 | 83e1 f849 | 8bfd 4803 | f949 3bbf | c801 0000 | 0f83 5b18 
  0x000001a787f36498: 0000 4989 | bfb8 0100 | 000f 1887 | c000 0000 | 49c7 4500 | 0100 0000 | 0f18 8700 

  0x000001a787f364b4: ;   {metadata({type array byte})}
  0x000001a787f364b4: 0100 0041 | c745 0845 | 8100 2045 | 895d 0c0f | 1887 4001 | 0000 0f18 | 8780 0100 | 0049 8bd5 
  0x000001a787f364d4: 4883 c210 | 4983 c007 | 49c1 e803 | 498b c949 | ba20 8256 | 87a7 0100 | 0041 ffd2 

  0x000001a787f364f0: ;   {other}
  0x000001a787f364f0: 0f1f 8400 | 0000 0000 | 4180 7f40 | 000f 8506 | 0e00 004c | 8bd6 4d8b | c544 8946 | 144d 8bdd 
  0x000001a787f36510: 4d33 da49 | c1eb 144d | 85db 741a | 49c1 ea09 | 48b9 0000 | 80fa a701 | 0000 4903 | ca80 3902 
  0x000001a787f36530: 0f85 060e | 0000 4488 | 6610 488b | fe45 8b46 | 1445 85c0 | 0f85 c709 | 0000 458b | 4610 4585 
  0x000001a787f36550: c00f 856f 

  0x000001a787f36554: ;   {oop(""{0x0000000080006ca0})}
  0x000001a787f36554: 0a00 0049 | b8a0 6c00 | 8000 0000 | 0049 b900 | 0080 faa7 

  0x000001a787f36568: ;   {oop(a 'java/security/cert/Certificate'[0] {0x000000008004d1d0})}
  0x000001a787f36568: 0100 0049 | bbd0 d104 | 8000 0000 | 0044 8b53 | 2c45 85d2 | 0f84 c319 | 0000 4c89 | 5c24 604c 
  0x000001a787f36588: 8bdf 4c89 | 4c24 584c | 8944 2450 | 4889 5c24 | 4849 8bd2 | bf01 0000 | 004d 8bc3 | 4c8b 4c24 
  0x000001a787f365a8: ;   {optimized virtual_call}
  0x000001a787f365a8: 6066 90e8 

  0x000001a787f365ac: ; ImmutableOopMap {[40]=Oop [48]=Oop [64]=Oop [72]=Oop [80]=Oop [96]=Oop [136]=Oop }
                      ;*invokevirtual putVal {reexecute=0 rethrow=0 return_oop=1}
                      ; - java.util.concurrent.ConcurrentHashMap::putIfAbsent@4
                      ; - java.lang.ClassLoader::checkCerts@62
                      ; - java.lang.ClassLoader::preDefineClass@113
                      ; - java.lang.ClassLoader::defineClass@4
  0x000001a787f365ac: b090 0900 

  0x000001a787f365b0: ;   {other}
  0x000001a787f365b0: 0f1f 8400 | 200a 0001 | 4885 c074 | 3144 8b58 

  0x000001a787f365c0: ;   {metadata('java/security/cert/Certificate'[])}
  0x000001a787f365c0: 0841 81fb | e651 0020 | 0f85 f225 | 0000 488b | d848 8b7c | 2460 448b | 570c 8b4b | 0c45 85d2 
  0x000001a787f365e0: 0f87 9713 | 0000 85c9 | 0f87 021c | 0000 4c8b | 5424 4045 | 8b5a 1041 | 8b6b 0c44 | 8b5d 3845 
  0x000001a787f36600: 85db 0f84 | 5819 0000 | 498b d34c 

  0x000001a787f3660c: ;   {optimized virtual_call}
  0x000001a787f3660c: 8bc5 90e8 

  0x000001a787f36610: ; ImmutableOopMap {[40]=Oop [48]=Oop [64]=Oop [80]=Oop [136]=Oop }
                      ;*invokevirtual toExternalForm {reexecute=0 rethrow=0 return_oop=1}
                      ; - java.net.URL::toExternalForm@5
                      ; - java.net.URL::toString@1
                      ; - java.lang.ClassLoader::defineClassSourceLocation@22
                      ; - java.lang.ClassLoader::defineClass@12
  0x000001a787f36610: 0c18 c2ff 

  0x000001a787f36614: ;   {other}
  0x000001a787f36614: 0f1f 8400 | 840a 0002 | 488b 5424 | 284c 8b84 | 2488 0000 | 004c 8b4c | 2430 8b7c | 2438 8b74 
  0x000001a787f36634: 243c 488b | 4c24 4048 

  0x000001a787f3663c: ;   {static_call}
  0x000001a787f3663c: 8904 24e8 

  0x000001a787f36640: ; ImmutableOopMap {[40]=Oop [64]=Oop [80]=Oop }
                      ;*invokestatic defineClass1 {reexecute=0 rethrow=0 return_oop=1}
                      ; - java.lang.ClassLoader::defineClass@27
  0x000001a787f36640: 1435 bfff 

  0x000001a787f36644: ;   {other}
  0x000001a787f36644: 0f1f 8400 | b40a 0003 | 4889 4424 | 6844 8b58 | 3c45 85db | 7408 498b | fbe9 e203 | 0000 4c8b 
  0x000001a787f36664: 5010 458b | 4208 4585 | c00f 8ced | 1900 0044 | 8b58 2c45 | 85db 0f84 | 2d08 0000 | 4d8b c345 
  0x000001a787f36684: 8b48 1441 | 8b79 0c41 | 0fbe 4810 | 8bdf d3fb | 448b db41 | ffcb 85c9 | 0f85 b01c | 0000 4d8b 
  0x000001a787f366a4: d14c 8994 | 2488 0000 | 0044 8bd7 | 41ff ca45 | 3bd3 450f | 4fd3 4585 | d20f 8ce6 | 0000 0085 
  0x000001a787f366c4: ff0f 8669 | 1900 0044 | 3bd7 0f83 | 6019 0000 | 4585 d20f | 8eab 1900 | 0041 8bca | ffc9 430f 
  0x000001a787f366e4: be54 1110 | 83fa 2e0f | 8407 0800 | 0041 ffca | 443b d17f | e941 83fa | 020f 8e87 | 0000 0045 
  0x000001a787f36704: 8d5a fe41 | 83fa 0244 | 0f4c 5c24 | 2041 81fb | a00f 0000 | baa0 0f00 | 0044 0f47 | da41 8bca 
  0x000001a787f36724: 412b cb66 | 0f1f 8400 | 0000 0000 | 4963 d245 | 0fbe 5c11 | 1041 83fb | 2e74 7245 

  0x000001a787f36740: ;   {no_reloc}
  0x000001a787f36740: 0fbe 5c11 | 0f41 83fb | 2e74 6b45 | 8d5a fe43 | 0fbe 7419 | 1083 fe2e | 7462 458d | 5afd 430f 
  0x000001a787f36760: be54 1910 | 83fa 2e74 | 5341 83c2 | fc44 3bd1 | 7fbe 498b | 8750 0400 | 004c 8b5c 

  0x000001a787f3677c: ; ImmutableOopMap {r11=Oop r8=Oop r9=NarrowOop [40]=Oop [64]=Oop [80]=Oop [104]=Oop [136]=Oop }
                      ;*goto {reexecute=1 rethrow=0 return_oop=0}
                      ; - (reexecute) java.lang.StringLatin1::lastIndexOf@35
                      ; - java.lang.String::lastIndexOf@13
                      ; - java.lang.String::lastIndexOf@8
                      ; - java.lang.Class::getPackageName@47
                      ; - java.lang.ClassLoader::postDefineClass@2
                      ; - java.lang.ClassLoader::defineClass@37
                      ;   {poll}
  0x000001a787f3677c: 2468 8500 | 4183 fa02 | 0f8f 79ff | ffff 4183 | faff 7e19 | 470f be5c | 1110 4183 | fb2e 0f84 
  0x000001a787f3679c: 731d 0000 | 41ff ca41 | 83fa ff7f | e741 bbff | ffff ffeb | 0b45 8bda | eb06 458b | da41 ffcb 
  0x000001a787f367bc: 4183 fbff | 0f84 2f02 | 0000 4585 | db0f 8cde | 1b00 0044 | 3bdb 0f8f | 041c 0000 | 443b db0f 
  0x000001a787f367dc: 8407 0700 | 0045 85db | 0f84 2114 | 0000 498b | 9fb8 0100 | 004c 8bd3 | 4983 c218 | 4d3b 97c8 
  0x000001a787f367fc: 0100 000f | 8372 1500 | 004d 8997 | b801 0000 | 410f 1882 | c000 0000 | 48c7 0301 

  0x000001a787f36818: ;   {metadata('java/lang/String')}
  0x000001a787f36818: 0000 00c7 | 4308 d683 | 0020 4489 | 630c 4c89 | 6310 4d8d | 5110 443b | df0f 84d9 | 0000 0041 
  0x000001a787f36838: 81fb 0000 | 1000 0f87 | 9d1d 0000 | 4963 cb41 | 3bfb 8bef | 410f 4feb | 3bfd 0f82 | fa1d 0000 
  0x000001a787f36858: 443b dd0f | 82f1 1d00 | 0048 83c1 | 174c 8bc1 | 4983 e0f8 | 4181 fb00 | 0010 000f | 876b 1600 
  0x000001a787f36878: 0049 8bb7 | b801 0000 | 4c8b ce4d | 03c8 4d3b | 8fc8 0100 | 000f 8351 | 1600 004d | 898f b801 
  0x000001a787f36898: 0000 410f | 1881 c000 | 0000 48c7 | 0601 0000 | 0041 0f18 | 8100 0100 

  0x000001a787f368b0: ;   {metadata({type array byte})}
  0x000001a787f368b0: 00c7 4608 | 4581 0020 | 4489 5e0c | 410f 1881 | 4001 0000 | 410f 1881 | 8001 0000 | 4c8b ce49 
  0x000001a787f368d0: 83c1 1048 | c1e9 0385 | ed0f 840a | 1d00 0041 | 3beb 0f8c | 6f12 0000 | 4983 c0f0 | 49c1 e803 
  0x000001a787f368f0: 498b ca49 | 8bd1 49ba | 2082 5687 | a701 0000 

  0x000001a787f36900: ;   {other}
  0x000001a787f36900: 41ff d20f | 1f84 0000 | 0000 00e9 | 8c00 0000 | 4c63 c781 | ff00 0010 | 000f 87c6 | 1400 0049 
  0x000001a787f36920: 8bb7 b801 | 0000 4d8d | 5817 4983 | e3f8 488b | ce49 03cb | 493b 8fc8 | 0100 000f | 83a4 1400 
  0x000001a787f36940: 0049 898f | b801 0000 | 0f18 81c0 | 0000 0048 | c706 0100 | 0000 0f18 | 8100 0100 

  0x000001a787f3695c: ;   {metadata({type array byte})}
  0x000001a787f3695c: 00c7 4608 | 4581 0020 | 897e 0c0f | 1881 4001 | 0000 0f18 | 8180 0100 | 0048 8bd6 | 4883 c210 
  0x000001a787f3697c: 4983 c007 | 49c1 e803 | 498b ca49 | ba20 8256 | 87a7 0100 | 0041 ffd2 

  0x000001a787f36994: ;   {other}
  0x000001a787f36994: 0f1f 8400 | 0000 0000 | 4180 7f40 | 000f 85a2 | 0d00 004c | 8bd3 4c8b | c644 8943 | 144c 8bde 
  0x000001a787f369b4: 4d33 da49 | c1eb 144d | 85db 741a | 49c1 ea09 | 48b9 0000 | 80fa a701 | 0000 4903 | ca80 3902 
  0x000001a787f369d4: 0f85 a20d | 0000 4488 | 6310 488b 

  0x000001a787f369e0: ;   {optimized virtual_call}
  0x000001a787f369e0: d366 90e8 

  0x000001a787f369e4: ; ImmutableOopMap {[40]=Oop [64]=Oop [104]=Oop }
                      ;*invokevirtual intern {reexecute=0 rethrow=0 return_oop=1}
                      ; - java.lang.Class::getPackageName@65
                      ; - java.lang.ClassLoader::postDefineClass@2
                      ; - java.lang.ClassLoader::defineClass@37
  0x000001a787f369e4: 70f4 baff 

  0x000001a787f369e8: ;   {other}
  0x000001a787f369e8: 0f1f 8400 | 580e 0005 | 4889 4424 | 5041 807f | 4000 0f85 | 8a09 0000 | 4c8b 5424 | 6848 8b7c 
  0x000001a787f36a08: 2450 4c8b | c74c 8b5c | 2468 4589 | 433c 4c8b | df4d 33da | 49c1 eb14 | 4d85 db74 | 1f48 85ff 
  0x000001a787f36a28: 741a 49c1 | ea09 48b9 | 0000 80fa | a701 0000 | 4903 ca80 | 3902 0f85 | 7e09 0000 | 488b 5c24 
  0x000001a787f36a48: 2844 8b43 | 3845 85c0 | 0f84 1e15 | 0000 488b | cf8b 470c | 4c8b 5424 | 6845 8b4a | 3085 c00f 
  0x000001a787f36a68: 84d1 0300 | 0045 8b40 | 2845 85c0 | 0f84 d301 | 0000 418b | 680c 85ed | 0f86 da16 | 0000 448b 
  0x000001a787f36a88: d041 c1ea | 1044 33d0 | ffcd 4181 | e2ff ffff | 7f41 23ea | 4c63 dd47 | 8b44 9810 | 4585 c00f 
  0x000001a787f36aa8: 84a0 0100 | 0045 8b58 | 0c49 8bf8 | 453b da0f | 84b0 0000 | 0045 85db | 0f8c 6b01 | 0000 458b 
  0x000001a787f36ac8: 4018 4585 | c00f 847a | 0100 0049 | 8bf0 8b7e | 0c49 8b87 

  0x000001a787f36adc: ; ImmutableOopMap {r9=NarrowOop rcx=Oop rbx=Oop rsi=Oop [64]=Oop [104]=Oop }
                      ;*if_icmpne {reexecute=1 rethrow=0 return_oop=0}
                      ; - (reexecute) java.util.concurrent.ConcurrentHashMap::get@127
                      ; - java.lang.ClassLoader::getNamedPackage@5
                      ; - java.lang.ClassLoader::postDefineClass@9
                      ; - java.lang.ClassLoader::defineClass@37
  0x000001a787f36adc: 5004 0000 

  0x000001a787f36ae0: ;   {poll}
  0x000001a787f36ae0: 8500 413b | fa74 1244 | 8b5e 1845 | 85db 0f84 | 5901 0000 | 498b f3eb | dd8b 6e10 | 4c8b dd4c 
  0x000001a787f36b00: 3bd9 745d | 85ed 0f84 | 4a1d 0000 | 4889 7424 | 5044 8954 | 2448 4489 | 4c24 2448 | 894c 2438 
  0x000001a787f36b20: 4889 5c24 | 284c 8bc5 | 488b d148 | 8b6c 2468 

  0x000001a787f36b30: ;   {optimized virtual_call}
  0x000001a787f36b30: 6666 90e8 

  0x000001a787f36b34: ; ImmutableOopMap {rbp=Oop [36]=NarrowOop [40]=Oop [56]=Oop [64]=Oop [80]=Oop }
                      ;*invokevirtual equals {reexecute=0 rethrow=0 return_oop=0}
                      ; - java.util.concurrent.ConcurrentHashMap::get@149
                      ; - java.lang.ClassLoader::getNamedPackage@5
                      ; - java.lang.ClassLoader::postDefineClass@9
                      ; - java.lang.ClassLoader::defineClass@37
  0x000001a787f36b34: 8874 baff 

  0x000001a787f36b38: ;   {other}
  0x000001a787f36b38: 0f1f 8400 | a80f 0007 | 85c0 0f84 | 441d 0000 | 488b 5c24 | 2848 896c | 2468 488b | 4c24 3844 
  0x000001a787f36b58: 8b4c 2424 | 488b 7424 | 508b 6e14 | 85ed 756a | e9e0 0000 | 0041 8b68 | 104c 8bdd | 4c3b d974 
  0x000001a787f36b78: 5185 ed0f | 84fb 1a00 | 0044 8944 | 243c 4489 | 5424 3844 | 894c 2424 | 4889 5c24 | 284c 8bc5 
  0x000001a787f36b98: 488b d148 | 8be9 4889 

  0x000001a787f36ba0: ;   {optimized virtual_call}
  0x000001a787f36ba0: 7c24 50e8 

  0x000001a787f36ba4: ; ImmutableOopMap {rbp=Oop [36]=NarrowOop [40]=Oop [60]=NarrowOop [64]=Oop [80]=Oop [104]=Oop }
                      ;*invokevirtual equals {reexecute=0 rethrow=0 return_oop=0}
                      ; - java.util.concurrent.ConcurrentHashMap::get@73
                      ; - java.lang.ClassLoader::getNamedPackage@5
                      ; - java.lang.ClassLoader::postDefineClass@9
                      ; - java.lang.ClassLoader::defineClass@37
  0x000001a787f36ba4: 1874 baff 

  0x000001a787f36ba8: ;   {other}
  0x000001a787f36ba8: 0f1f 8400 | 1810 0008 | 85c0 0f84 | 3710 0000 | 488b 5c24 | 2848 8bcd | 448b 4c24 | 2444 8b44 
  0x000001a787f36bc8: 243c 418b | 6814 85ed | 747b 448b | 5508 4d33 | db4f 8d1c | d34d 8b53 

  0x000001a787f36be0: ;   {metadata('java/lang/NamedPackage')}
  0x000001a787f36be0: 3849 bb88 | e708 0001 | 0000 004d | 3bd3 0f85 | c014 0000 | 4c8b 5424 | 4045 8b4a | 1041 8b49 
  0x000001a787f36c00: 1485 c90f | 8507 0800 | 0045 8b59 | 1045 85db | 0f85 9e08 | 0000 488b | 4424 6848 | 81c4 d000 
  0x000001a787f36c20: ;   {poll_return}
  0x000001a787f36c20: 0000 5d49 | 3ba7 4804 | 0000 0f87 | 4d24 0000 | c341 8b50 

  0x000001a787f36c34: ;   {metadata('java/util/concurrent/ConcurrentHashMap$ForwardingNode')}
  0x000001a787f36c34: 0881 fa4d | 2701 200f | 84b7 0100 

  0x000001a787f36c40: ;   {metadata('java/util/concurrent/ConcurrentHashMap$ReservationNode')}
  0x000001a787f36c40: 0081 fafb | d200 200f | 858b 1e00 | 0049 8b87 | b801 0000 | 4c8b d049 | 83c2 184d | 3b97 c801 
  0x000001a787f36c60: 0000 0f83 | 5211 0000 | 4d89 97b8 | 0100 0041 | 0f18 82c0 | 0000 0048 | c700 0100 

  0x000001a787f36c7c: ;   {metadata('java/lang/NamedPackage')}
  0x000001a787f36c7c: 0000 c740 | 08f1 1c01 | 2044 8960 | 0c4c 8960 | 1048 895c | 2428 4889 | 4c24 3044 | 894c 2424 
  0x000001a787f36c9c: 4889 4424 | 3848 8b54 

  0x000001a787f36ca4: ;   {optimized virtual_call}
  0x000001a787f36ca4: 2430 90e8 

  0x000001a787f36ca8: ; ImmutableOopMap {[36]=NarrowOop [40]=Oop [48]=Oop [56]=Oop [64]=Oop [104]=Oop }
                      ;*invokevirtual isEmpty {reexecute=0 rethrow=0 return_oop=0}
                      ; - java.lang.NamedPackage::<init>@5
                      ; - java.lang.ClassLoader::getNamedPackage@22
                      ; - java.lang.ClassLoader::postDefineClass@9
                      ; - java.lang.ClassLoader::defineClass@37
  0x000001a787f36ca8: 947b c0ff 

  0x000001a787f36cac: ;   {other}
  0x000001a787f36cac: 0f1f 8400 | 1c11 0009 | 85c0 7428 | 448b 5c24 | 2445 85db | 0f84 ba15 | 0000 498b 

  0x000001a787f36cc8: ;   {optimized virtual_call}
  0x000001a787f36cc8: d366 90e8 

  0x000001a787f36ccc: ; ImmutableOopMap {[36]=NarrowOop [40]=Oop [48]=Oop [56]=Oop [64]=Oop [104]=Oop }
                      ;*invokevirtual isNamed {reexecute=0 rethrow=0 return_oop=0}
                      ; - java.lang.NamedPackage::<init>@12
                      ; - java.lang.ClassLoader::getNamedPackage@22
                      ; - java.lang.ClassLoader::postDefineClass@9
                      ; - java.lang.ClassLoader::defineClass@37
  0x000001a787f36ccc: 7056 24f8 

  0x000001a787f36cd0: ;   {other}
  0x000001a787f36cd0: 0f1f 8400 | 4011 000a | 85c0 0f85 | b415 0000 | 448b 5c24 | 2449 8beb | 488b 5424 

  0x000001a787f36cec: ;   {optimized virtual_call}
  0x000001a787f36cec: 3066 90e8 

  0x000001a787f36cf0: ; ImmutableOopMap {rbp=Oop [36]=NarrowOop [40]=Oop [48]=Oop [56]=Oop [64]=Oop [104]=Oop }
                      ;*invokevirtual intern {reexecute=0 rethrow=0 return_oop=1}
                      ; - java.lang.NamedPackage::<init>@47
                      ; - java.lang.ClassLoader::getNamedPackage@22
                      ; - java.lang.ClassLoader::postDefineClass@9
                      ; - java.lang.ClassLoader::defineClass@37
  0x000001a787f36cf0: 64f1 baff 

  0x000001a787f36cf4: ;   {other}
  0x000001a787f36cf4: 0f1f 8400 | 6411 000b | 488b d841 | 807f 4000 | 0f85 f30a | 0000 488b | 7424 384c | 8bd6 4c8b 
  0x000001a787f36d14: db4d 33da | 4c8b c344 | 8946 0c49 | c1eb 144d | 85db 741f | 4885 db74 | 1a49 c1ea | 0948 b900 
  0x000001a787f36d34: 0080 faa7 | 0100 0049 | 03ca 8039 | 020f 8546 | 0b00 0041 | 807f 4000 | 0f85 780a | 0000 8b7c 
  0x000001a787f36d54: 2424 897e | 104c 8bd5 | 4c8b de4d | 33d3 49c1 | ea14 4d85 | d274 1e85 | ff74 1a49 | c1eb 0948 
  0x000001a787f36d74: b900 0080 | faa7 0100 | 0049 03cb | 8039 020f | 85b6 0a00 | 004c 8b54 | 2428 458b | 5a38 4585 
  0x000001a787f36d94: db0f 84b6 | 1400 0048 | 8974 2438 | 498b d34c | 8b44 2430 

  0x000001a787f36da8: ;   {optimized virtual_call}
  0x000001a787f36da8: 4c8b cee8 

  0x000001a787f36dac: ; ImmutableOopMap {[36]=NarrowOop [40]=Oop [56]=Oop [64]=Oop [104]=Oop }
                      ;*invokevirtual putIfAbsent {reexecute=0 rethrow=0 return_oop=1}
                      ; - java.lang.ClassLoader::getNamedPackage@32
                      ; - java.lang.ClassLoader::postDefineClass@9
                      ; - java.lang.ClassLoader::defineClass@37
  0x000001a787f36dac: 1024 c6ff 

  0x000001a787f36db0: ;   {other}
  0x000001a787f36db0: 0f1f 8400 | 2012 000c | 4885 c00f | 8474 0a00 | 0044 8b58 | 084d 33d2 | 4f8d 14da | 4d8b 5238 
  0x000001a787f36dd0: ;   {metadata('java/lang/NamedPackage')}
  0x000001a787f36dd0: 49bb 88e7 | 0800 0100 | 0000 4d3b | d30f 8485 | 1400 00ba | deff ffff 

  0x000001a787f36de8: ;   {runtime_call UncommonTrapBlob}
  0x000001a787f36de8: 488b e8e8 

  0x000001a787f36dec: ; ImmutableOopMap {rbp=Oop }
                      ;*checkcast {reexecute=0 rethrow=0 return_oop=0}
                      ; - java.lang.ClassLoader::getNamedPackage@35
                      ; - java.lang.ClassLoader::postDefineClass@9
                      ; - java.lang.ClassLoader::defineClass@37
  0x000001a787f36dec: 10d8 64ff 

  0x000001a787f36df0: ;   {other}
  0x000001a787f36df0: 0f1f 8400 | 6012 000d | 4489 4c24 | 2448 894c | 2438 4889 | 5c24 2848 | 8bd7 458b | c24c 8bc9 
  0x000001a787f36e10: ;   {optimized virtual_call}
  0x000001a787f36e10: 6666 90e8 

  0x000001a787f36e14: ; ImmutableOopMap {[36]=NarrowOop [40]=Oop [56]=Oop [64]=Oop [104]=Oop }
                      ;*invokevirtual find {reexecute=0 rethrow=0 return_oop=1}
                      ; - java.util.concurrent.ConcurrentHashMap::get@93
                      ; - java.lang.ClassLoader::getNamedPackage@5
                      ; - java.lang.ClassLoader::postDefineClass@9
                      ; - java.lang.ClassLoader::defineClass@37
  0x000001a787f36e14: 687c 64ff 

  0x000001a787f36e18: ;   {other}
  0x000001a787f36e18: 0f1f 8400 | 8812 000e | 4885 c00f | 8414 1000 | 008b 6814 | 85ed 0f84 | 7c14 0000 | 488b 5c24 
  0x000001a787f36e38: 28e9 94fd | ffff 440f | b657 1145 | 85d2 0f85 | 8f0a 0000 | 448b 5714 | 498b e849 | 8bd2 807f 
  0x000001a787f36e58: 1000 0f85 | 740e 0000 | 4489 4c24 | 3844 8944 | 2424 4889 

  0x000001a787f36e6c: ;   {static_call}
  0x000001a787f36e6c: 7c24 30e8 

  0x000001a787f36e70: ; ImmutableOopMap {rbp=Oop [36]=NarrowOop [40]=Oop [48]=Oop [56]=NarrowOop [64]=Oop [104]=Oop }
                      ;*invokestatic hashCode {reexecute=0 rethrow=0 return_oop=0}
                      ; - java.lang.String::hashCode@27
                      ; - java.util.concurrent.ConcurrentHashMap::get@1
                      ; - java.lang.ClassLoader::getNamedPackage@5
                      ; - java.lang.ClassLoader::postDefineClass@9
                      ; - java.lang.ClassLoader::defineClass@37
  0x000001a787f36e70: ac4f bcff 

  0x000001a787f36e74: ;   {other}
  0x000001a787f36e74: 0f1f 8400 | e412 000f | 85c0 0f84 | 310e 0000 | 488b 4c24 | 3089 410c | 488b 5c24 | 2844 8b44 
  0x000001a787f36e94: 2424 448b | 4c24 38e9 | cdfb ffff | 488b b424 | 8800 0000 | e98d f6ff | ff48 8944 | 2430 488b 
  0x000001a787f36eb4: d048 8b6c 

  0x000001a787f36eb8: ;   {optimized virtual_call}
  0x000001a787f36eb8: 2440 90e8 

  0x000001a787f36ebc: ; ImmutableOopMap {rbp=Oop [40]=Oop [48]=Oop [64]=Oop [80]=Oop [104]=Oop }
                      ;*invokevirtual initClassName {reexecute=0 rethrow=0 return_oop=1}
                      ; - java.lang.Class::getName@14
                      ; - java.lang.Class::getPackageName@40
                      ; - java.lang.ClassLoader::postDefineClass@2
                      ; - java.lang.ClassLoader::defineClass@37
  0x000001a787f36ebc: 984c bbff 

  0x000001a787f36ec0: ;   {other}
  0x000001a787f36ec0: 0f1f 8400 | 3013 0010 | 4c8b c048 | 85c0 0f85 | aff7 ffff | baf6 ffff 

  0x000001a787f36ed8: ;   {runtime_call UncommonTrapBlob}
  0x000001a787f36ed8: ff66 90e8 

  0x000001a787f36edc: ; ImmutableOopMap {}
                      ;*invokevirtual lastIndexOf {reexecute=0 rethrow=0 return_oop=0}
                      ; - java.lang.Class::getPackageName@47
                      ; - java.lang.ClassLoader::postDefineClass@2
                      ; - java.lang.ClassLoader::defineClass@37
  0x000001a787f36edc: 20d7 64ff 

  0x000001a787f36ee0: ;   {other}
  0x000001a787f36ee0: 0f1f 8400 | 5013 0011 | 498b d8e9 | eefa ffff | 448b c7e9 | 0ef4 ffff | 458b dae9 | bcf8 ffff 
  0x000001a787f36f00: 33c9 894c | 2420 41b8 | ffff ffff | e9fa f3ff | ff41 8b48 | 0c45 8b48 | 0849 8be8 | 4c63 d949 
  0x000001a787f36f20: c1e3 0281 | f900 0004 | 000f 8785 | 1700 0049 | 8bb7 b801 | 0000 4d8d | 5317 4983 | e2f8 488b 
  0x000001a787f36f40: d649 03d2 | 493b 97c8 | 0100 000f | 8363 1700 | 0049 8997 | b801 0000 | 0f18 82c0 | 0000 0048 
  0x000001a787f36f60: c706 0100 | 0000 4489 | 4e08 894e | 0c0f 1882 | 0001 0000 | 0f18 8240 | 0100 000f | 1882 8001 
  0x000001a787f36f80: 0000 498d | 4810 488b | d648 83c2 | 1049 83c3 | 0749 c1eb | 034d 8bc3 | 49ba 2082 | 5687 a701 
  0x000001a787f36fa0: 0000 41ff 

  0x000001a787f36fa4: ;   {other}
  0x000001a787f36fa4: d20f 1f84 | 0000 0000 

  0x000001a787f36fac: ;   {oop(""{0x0000000080006ca0})}
  0x000001a787f36fac: 0049 b8a0 | 6c00 8000 | 0000 0049 | b900 0080 | faa7 0100 | 00e9 2c03 | 0000 498b | 87b8 0100 
  0x000001a787f36fcc: 004c 8bd0 | 4983 c218 | 498b d64d | 3b97 c801 | 0000 0f83 | 6e17 0000 | 4d89 97b8 | 0100 0041 
  0x000001a787f36fec: 0f18 82c0 | 0000 0048 | c700 0100 

  0x000001a787f36ff8: ;   {metadata('java/util/ArrayList')}
  0x000001a787f36ff8: 0000 c740 | 0845 ae00 | 2044 8960 | 0c44 8960 | 1045 8b50 

  0x000001a787f3700c: ;   {oop(a 'java/lang/Object'[0] {0x0000000080006a68})}
  0x000001a787f3700c: 0cc7 4014 | 686a 0080 | 4c8b c845 | 85d2 7618 

  0x000001a787f3701c: ;   {oop(""{0x0000000080006ca0})}
  0x000001a787f3701c: 49ba a06c | 0080 0000 | 0000 48be | 0000 80fa | a701 0000 | 33c9 eb4e 

  0x000001a787f37034: ;   {oop(""{0x0000000080006ca0})}
  0x000001a787f37034: 49ba a06c | 0080 0000 | 0000 49bb | 0000 80fa | a701 0000 | e9fe 0000 | 0066 6690 | 4c8b 5424 
  0x000001a787f37054: 204c 8954 | 2428 448b | 5c24 4844 | 895c 2420 | 488b 5c24 | 504c 8b54 | 2458 488b | 7424 6048 
  0x000001a787f37074: 8b7c 2468 | 488b 5424 | 704c 8b4c | 2478 458b | 580c 413b | cb0f 8385 | 1900 0045 | 8b5c 8810 
  0x000001a787f37094: ; implicit exception: dispatches to 0x000001a787f38e34
  0x000001a787f37094: 458b 4310 

  0x000001a787f37098: ; implicit exception: dispatches to 0x000001a787f38e48
  0x000001a787f37098: 458b 5810 | 898c 2480 | 0000 004c | 894c 2478 | 4889 5424 | 7048 897c | 2468 4889 | 7424 604c 
  0x000001a787f370b8: 8954 2458 | 4489 7424 | 4c48 895c | 2450 448b | 4424 2044 | 8944 2448 | 4c8b 5424 | 284c 8954 
  0x000001a787f370d8: 2420 4d8b | c349 8bd1 

  0x000001a787f370e0: ;   {optimized virtual_call}
  0x000001a787f370e0: 6666 90e8 

  0x000001a787f370e4: ; ImmutableOopMap {[32]=Oop [48]=Oop [64]=Oop [76]=NarrowOop [80]=Oop [88]=Oop [104]=Oop [112]=Oop [120]=Oop [136]=Oop }
                      ;*invokevirtual addAll {reexecute=0 rethrow=0 return_oop=0}
                      ; - java.security.CodeSource::getCertificates@57
                      ; - java.lang.ClassLoader::checkCerts@34
                      ; - java.lang.ClassLoader::preDefineClass@113
                      ; - java.lang.ClassLoader::defineClass@4
  0x000001a787f370e4: 9879 64ff 

  0x000001a787f370e8: ;   {other}
  0x000001a787f370e8: 0f1f 8400 | 5815 0012 | 4d8b 9750 | 0400 0044 | 8b74 244c | 458b 4610 | 8b8c 2480 | 0000 00ff 
  0x000001a787f37108: ; ImmutableOopMap {r8=NarrowOop r14=NarrowOop [32]=Oop [48]=Oop [64]=Oop [80]=Oop [88]=Oop [104]=Oop [112]=Oop [120]=Oop [136]=Oop }
                      ;*goto {reexecute=1 rethrow=0 return_oop=0}
                      ; - (reexecute) java.security.CodeSource::getCertificates@64
                      ; - java.lang.ClassLoader::checkCerts@34
                      ; - java.lang.ClassLoader::preDefineClass@113
                      ; - java.lang.ClassLoader::defineClass@4
                      ;   {poll}
  0x000001a787f37108: c141 8502 

  0x000001a787f3710c: ; implicit exception: dispatches to 0x000001a787f38e5c
  0x000001a787f3710c: 458b 500c | 413b ca0f | 8c37 ffff | ff4c 8b54 | 2420 4c89 | 5424 2844 | 8b54 2448 | 4489 5424 
  0x000001a787f3712c: 2048 8b5c | 2450 4c8b | 5424 584c | 8b5c 2460 | 488b 7c24 | 6848 8b54 | 2470 4c8b | 4c24 7849 
  0x000001a787f3714c: 8b87 b801 | 0000 4c8b | c049 83c0 | 104d 3b87 | c801 0000 | 0f83 6c16 | 0000 4d89 | 87b8 0100 
  0x000001a787f3716c: 0041 0f18 | 80c0 0000 | 0048 c700 | 0100 0000 | 410f 1880 | 0001 0000 

  0x000001a787f37184: ;   {metadata('java/security/cert/Certificate'[])}
  0x000001a787f37184: c740 08e6 | 5100 2041 | 0f18 8040 | 0100 0044 | 8960 0c41 | 0f18 8080 | 0100 0048 | 8bac 2488 
  0x000001a787f371a4: 0000 0048 | 895c 2448 | 4489 7424 | 244c 8954 | 2450 4c89 | 5c24 5848 | 897c 2460 | 4889 5424 
  0x000001a787f371c4: 684c 894c | 2470 4c8b | c048 8b54 

  0x000001a787f371d0: ;   {optimized virtual_call}
  0x000001a787f371d0: 2470 90e8 

  0x000001a787f371d4: ; ImmutableOopMap {rbp=Oop [36]=NarrowOop [40]=Oop [48]=Oop [64]=Oop [72]=Oop [80]=Oop [96]=Oop [104]=Oop }
                      ;*invokevirtual toArray {reexecute=0 rethrow=0 return_oop=1}
                      ; - java.security.CodeSource::getCertificates@73
                      ; - java.lang.ClassLoader::checkCerts@34
                      ; - java.lang.ClassLoader::preDefineClass@113
                      ; - java.lang.ClassLoader::defineClass@4
  0x000001a787f371d4: a878 64ff 

  0x000001a787f371d8: ;   {other}
  0x000001a787f371d8: 0f1f 8400 | 4816 0014 | 488b d844 

  0x000001a787f371e4: ;   {metadata('java/security/cert/Certificate'[])}
  0x000001a787f371e4: 8b50 0841 | 81fa e651 | 0020 0f85 | 1c1a 0000 | 4180 7f40 | 000f 85c5 | 1000 008b | 7c24 244c 
  0x000001a787f37204: 8b54 2468 | 4d8b da4c | 8bd3 4489 | 5714 4c8b | d34d 33d3 | 49c1 ea14 | 4d85 d274 | 1a49 c1eb 
  0x000001a787f37224: 0948 b900 | 0080 faa7 | 0100 0049 | 03cb 8039 | 020f 85c0 | 1000 0044 | 8b5b 0c44 | 8b53 084d 
  0x000001a787f37244: 63c3 49c1 | e002 4181 | fb00 0004 | 000f 87ca | 1500 0049 | 8bb7 b801 | 0000 4d8d | 4817 4983 
  0x000001a787f37264: e1f8 488b | ce49 03c9 | 493b 8fc8 | 0100 000f | 83a8 1500 | 0049 898f | b801 0000 | 0f18 81c0 
  0x000001a787f37284: 0000 0048 | c706 0100 | 0000 4489 | 5608 4489 | 5e0c 0f18 | 8100 0100 | 000f 1881 | 4001 0000 
  0x000001a787f372a4: 0f18 8180 | 0100 0048 | 8bcb 4883 | c110 488b | d648 83c2 | 1049 83c0 | 0749 c1e8 | 0349 ba20 
  0x000001a787f372c4: 8256 87a7 | 0100 0041 

  0x000001a787f372cc: ;   {other}
  0x000001a787f372cc: ffd2 0f1f | 8400 0000 | 0000 4889 | ac24 8800 | 0000 488b | 5c24 484c | 8b44 2450 | 4c8b 4c24 
  0x000001a787f372ec: 5848 8b7c | 2460 4c8b | dee9 7bf2 

  0x000001a787f372f8: ;   {oop(""{0x0000000080006ca0})}
  0x000001a787f372f8: ffff 48bf | a06c 0080 | 0000 0000 | e934 f2ff | ff44 8b56 | 1445 85d2 | 0f84 edf1 | ffff 4d8b 
  0x000001a787f37318: 5f28 498b | ca4d 85db | 0f84 0e0f | 0000 4d8b | 5738 4b89 | 4c1a f849 | 83c3 f84d | 895f 28e9 
  0x000001a787f37338: c7f1 ffff | 4d8b 5748 | 4d8b 5f58 | f083 4424 | c000 8039 | 000f 84e3 | f1ff ff44 | 8821 4d85 
  0x000001a787f37358: d275 1d49 | 8bd7 49ba | 50ee 7344 | fb7f 0000 

  0x000001a787f37368: ;   {other}
  0x000001a787f37368: 41ff d20f | 1f84 0000 | 0000 00e9 | bef1 ffff | 4b89 4c13 | f849 83c2 | f84d 8957 | 48e9 acf1 
  0x000001a787f37388: ffff 4c8b | 5424 6845 | 8b52 3c45 | 85d2 0f84 | 64f6 ffff | 4d8b 5f28 | 498b ca4d | 85db 0f84 
  0x000001a787f373a8: e40f 0000 | 4d8b 5738 | 4b89 4c1a | f849 83c3 | f84d 895f | 28e9 3ef6 | ffff 4d8b | 5748 4d8b 
  0x000001a787f373c8: 5f58 f083 | 4424 c000 | 8039 000f | 846b f6ff | ff44 8821 | 4d85 d275 | 1d49 8bd7 | 49ba 50ee 
  0x000001a787f373e8: 7344 fb7f | 0000 41ff 

  0x000001a787f373f0: ;   {other}
  0x000001a787f373f0: d20f 1f84 | 0000 0000 | 00e9 46f6 | ffff 4b89 | 4c13 f849 | 83c2 f84d | 8957 48e9 | 34f6 ffff 
  0x000001a787f37410: 8b79 0c44 | 8b59 0848 | 8be9 4c63 | c749 c1e0 | 0281 ff00 | 0004 000f | 87f1 1200 | 0049 8b87 
  0x000001a787f37430: b801 0000 | 4d8d 5017 | 4983 e2f8 | 4c8b c84d | 03ca 4d3b | 8fc8 0100 | 000f 83cf | 1200 004d 
  0x000001a787f37450: 898f b801 | 0000 410f | 1881 c000 | 0000 48c7 | 0001 0000 | 0044 8958 | 0889 780c | 410f 1881 
  0x000001a787f37470: 0001 0000 | 410f 1881 | 4001 0000 | 410f 1881 | 8001 0000 | 488b d848 | 8d49 1048 | 8bd3 4883 
  0x000001a787f37490: c210 4983 | c007 49c1 | e803 49ba | 2082 5687 | a701 0000 

  0x000001a787f374a4: ;   {other}
  0x000001a787f374a4: 41ff d20f | 1f84 0000 | 0000 00e9 | 7a02 0000 | 498b 87b8 | 0100 004c | 8bd0 4983 | c218 498b 
  0x000001a787f374c4: f94d 3b97 | c801 0000 | 0f83 e613 | 0000 4d89 | 97b8 0100 | 0041 0f18 | 82c0 0000 | 0048 c700 
  0x000001a787f374e4: 0100 0000 

  0x000001a787f374e8: ;   {metadata('java/util/ArrayList')}
  0x000001a787f374e8: c740 0845 | ae00 2044 | 8960 0c44 | 8960 1041 

  0x000001a787f374f8: ;   {oop(a 'java/lang/Object'[0] {0x0000000080006a68})}
  0x000001a787f374f8: 8b53 0cc7 | 4014 686a | 0080 488b | c885 d20f | 8687 0000 | 0045 33c0 | eb0d 488b | dd48 8b7c 
  0x000001a787f37518: 2430 488b | 4c24 3841 | 8b53 0c44 | 3bc2 0f83 | 4415 0000 | 478b 5c83 | 1045 8b53 | 1045 8b52 
  0x000001a787f37538: 1044 8944 | 2440 4889 | 4c24 3848 | 897c 2430 | 4489 4c24 | 2448 8beb | 4d8b c248 

  0x000001a787f37554: ;   {optimized virtual_call}
  0x000001a787f37554: 8bd1 90e8 

  0x000001a787f37558: ; ImmutableOopMap {rbp=Oop [36]=NarrowOop [48]=Oop [56]=Oop [104]=Oop }
                      ;*invokevirtual addAll {reexecute=0 rethrow=0 return_oop=0}
                      ; - java.security.CodeSource::getCertificates@57
                      ; - java.lang.ClassLoader::postDefineClass@24
                      ; - java.lang.ClassLoader::defineClass@37
  0x000001a787f37558: 2475 64ff 

  0x000001a787f3755c: ;   {other}
  0x000001a787f3755c: 0f1f 8400 | cc19 0015 | 498b 8f50 | 0400 0044 | 8b4c 2424 | 458b 5910 | 448b 4424 

  0x000001a787f37578: ; ImmutableOopMap {r11=NarrowOop r9=NarrowOop rbp=Oop [48]=Oop [56]=Oop [104]=Oop }
                      ;*goto {reexecute=1 rethrow=0 return_oop=0}
                      ; - (reexecute) java.security.CodeSource::getCertificates@64
                      ; - java.lang.ClassLoader::postDefineClass@24
                      ; - java.lang.ClassLoader::defineClass@37
  0x000001a787f37578: 4041 ffc0 

  0x000001a787f3757c: ;   {poll}
  0x000001a787f3757c: 8501 458b | 530c 453b | c27c 8b48 | 8bdd 488b | 7c24 3048 | 8b4c 2438 | 498b 87b8 | 0100 004c 
  0x000001a787f3759c: 8bd0 4983 | c210 4d3b | 97c8 0100 | 000f 834c | 1300 004d | 8997 b801 | 0000 410f | 1882 c000 
  0x000001a787f375bc: 0000 48c7 | 0001 0000 | 0041 0f18 | 8200 0100 

  0x000001a787f375cc: ;   {metadata('java/security/cert/Certificate'[])}
  0x000001a787f375cc: 00c7 4008 | e651 0020 | 410f 1882 | 4001 0000 | 4489 600c | 410f 1882 | 8001 0000 | 4889 5c24 
  0x000001a787f375ec: 284c 8b54 | 2468 4c89 | 5424 3041 | 8be9 4889 | 7c24 3848 | 894c 2440 | 4c8b c048 | 8b54 2440 
  0x000001a787f3760c: ;   {optimized virtual_call}
  0x000001a787f3760c: 6666 90e8 

  0x000001a787f37610: ; ImmutableOopMap {rbp=NarrowOop [40]=Oop [48]=Oop [56]=Oop }
                      ;*invokevirtual toArray {reexecute=0 rethrow=0 return_oop=1}
                      ; - java.security.CodeSource::getCertificates@73
                      ; - java.lang.ClassLoader::postDefineClass@24
                      ; - java.lang.ClassLoader::defineClass@37
  0x000001a787f37610: 6c74 64ff 

  0x000001a787f37614: ;   {other}
  0x000001a787f37614: 0f1f 8400 | 841a 0017 | 488b f844 

  0x000001a787f37620: ;   {metadata('java/security/cert/Certificate'[])}
  0x000001a787f37620: 8b58 0841 | 81fb e651 | 0020 0f85 | 1816 0000 | 4180 7f40 | 000f 8511 | 0f00 008b | dd4c 8bd7 
  0x000001a787f37640: 4c89 5424 | 404c 8b54 | 2438 4c8b | 5c24 404d | 8bc3 4489 | 4314 4d33 | da49 c1eb | 144d 85db 
  0x000001a787f37660: 7416 49c1 | ea09 4c8b | 4424 584d | 03c2 4180 | 3802 0f85 | 090f 0000 | 4c8b 5424 | 4045 8b5a 
  0x000001a787f37680: 0c45 8b52 | 0849 63eb | 48c1 e502 | 4181 fb00 | 0004 000f | 87a0 1200 | 0049 8b87 | b801 0000 
  0x000001a787f376a0: 4c8d 4517 | 4983 e0f8 | 4c8b c84d | 03c8 4d3b | 8fc8 0100 | 000f 837e | 1200 004d | 898f b801 
  0x000001a787f376c0: 0000 410f | 1881 c000 | 0000 48c7 | 0001 0000 | 0044 8950 | 0844 8958 | 0c41 0f18 | 8100 0100 
  0x000001a787f376e0: 0041 0f18 | 8140 0100 | 0041 0f18 | 8180 0100 | 0048 8bd8 | 488b 4c24 | 4048 83c1 | 1048 8bd3 
  0x000001a787f37700: 4883 c210 | 4883 c507 | 48c1 ed03 | 4c8b c549 | ba20 8256 | 87a7 0100 | 0041 ffd2 

  0x000001a787f3771c: ;   {other}
  0x000001a787f3771c: 0f1f 8400 | 0000 0000 | 4c8b 5424 | 304c 8954 | 2468 488b | 5424 684c 

  0x000001a787f37734: ;   {optimized virtual_call}
  0x000001a787f37734: 8bc3 90e8 

  0x000001a787f37738: ; ImmutableOopMap {[104]=Oop }
                      ;*invokevirtual setSigners {reexecute=0 rethrow=0 return_oop=0}
                      ; - java.lang.ClassLoader::setSigners@2
                      ; - java.lang.ClassLoader::postDefineClass@35
                      ; - java.lang.ClassLoader::defineClass@37
  0x000001a787f37738: 4473 64ff 

  0x000001a787f3773c: ;   {other}
  0x000001a787f3773c: 0f1f 8400 | ac1b 0018 | e9cd f4ff | ff44 8b53 | 1445 85d2 | 0f84 51f2 | ffff 4d8b | 5f28 498b 
  0x000001a787f3775c: ca4d 85db | 0f84 560d | 0000 4d8b | 5738 4b89 | 4c1a f849 | 83c3 f84d | 895f 28e9 | 2bf2 ffff 
  0x000001a787f3777c: 4d8b 5748 | 4d8b 5f58 | f083 4424 | c000 8039 | 000f 8447 | f2ff ff44 | 8821 4d85 | d275 1d49 
  0x000001a787f3779c: 8bd7 49ba | 50ee 7344 | fb7f 0000 

  0x000001a787f377a8: ;   {other}
  0x000001a787f377a8: 41ff d20f | 1f84 0000 | 0000 00e9 | 22f2 ffff | 4b89 4c13 | f849 83c2 | f84d 8957 | 48e9 10f2 
  0x000001a787f377c8: ffff 448b | 5e10 4585 | db0f 847b | f5ff ff4d | 8b57 2849 | 8bcb 4d85 | d20f 840f | 0d00 004d 
  0x000001a787f377e8: 8b5f 384b | 894c 13f8 | 4983 c2f8 | 4d89 5728 | e955 f5ff | ff48 8b74 | 2438 448b | 560c 4585 
  0x000001a787f37808: d20f 8400 | f5ff ff4d | 8b5f 2849 | 8bca 4d85 | db0f 84ba | 0c00 004d | 8b57 384b | 894c 1af8 
  0x000001a787f37828: 4983 c3f8 | 4d89 5f28 | e9da f4ff | ff48 8b5c | 2428 e9b5 | f3ff ff4d | 8b57 584d | 8b5f 48f0 
  0x000001a787f37848: 8344 24c0 | 0080 3900 | 0f84 33f5 | ffff 4488 | 214d 85db | 751d 498b | d749 ba50 | ee73 44fb 
  0x000001a787f37868: 7f00 0041 

  0x000001a787f3786c: ;   {other}
  0x000001a787f3786c: ffd2 0f1f | 8400 0000 | 0000 e90e | f5ff ff4b | 894c 1af8 | 4983 c3f8 | 4d89 5f48 | e9fc f4ff 
  0x000001a787f3788c: ff4d 8b57 | 584d 8b5f | 48f0 8344 | 24c0 0080 | 3900 0f84 | a3f4 ffff | 4488 214d | 85db 751d 
  0x000001a787f378ac: 498b d749 | ba50 ee73 | 44fb 7f00 | 0041 ffd2 

  0x000001a787f378bc: ;   {other}
  0x000001a787f378bc: 0f1f 8400 | 0000 0000 | e97e f4ff | ff4b 894c | 1af8 4983 | c3f8 4d89 | 5f48 e96c | f4ff ff33 
  0x000001a787f378dc: c0e9 8bf1 | ffff 4c63 | c54d 8d58 | 1049 8bcb | 4883 e1f8 | 498b fd48 | 03f9 49c1 | eb03 4d2b 
  0x000001a787f378fc: cb49 8bc9 | 4833 c048 | 83f9 087f | 1048 ffc9 | 784f 4889 | 04cf 48ff | c97d f7eb | 44c5 fd57 
  0x000001a787f3791c: c0e9 0d00 | 0000 c5fe | 7f07 c5fe | 7f47 2048 | 83c7 4048 | 83e9 087d | ed48 83c1 | 047c 0cc5 
  0x000001a787f3793c: fe7f 0748 | 83c7 2048 | 83e9 0448 | 83c1 047e | 1048 ffc9 | c5f9 d607 | 4883 c708 | 48ff c97d 
  0x000001a787f3795c: f348 8bca | 498b d249 | bac0 7a56 | 87a7 0100 | 0041 ffd2 

  0x000001a787f37970: ;   {other}
  0x000001a787f37970: 0f1f 8400 | 0000 0000 | e9e3 eaff | ff44 3bd1 | 0f85 f500 | 0000 458b | da41 ffcb | 453b da0f 
  0x000001a787f37990: 837b 1100 | 0085 c90f | 8673 1100 | 0044 8bd9 | 41ff cb45 | 33c9 eb3a | 448b 8c24 | 8400 0000 
  0x000001a787f379b0: 41ff c144 | 3b8c 24a0 | 0000 000f | 8dfb 0000 | 0048 8b7c | 2470 488b | 5c24 4844 | 8b94 24a0 
  0x000001a787f379d0: 0000 008b | 8c24 a400 | 0000 448b | 9c24 a800 | 0000 428b | 448f 1044 | 3bd9 0f83 | 650f 0000 
  0x000001a787f379f0: 85c0 0f84 | 5d0f 0000 | 4c8b c033 | ed48 897c | 2470 4489 | 9424 a000 | 0000 898c | 24a4 0000 
  0x000001a787f37a10: 0044 899c | 24a8 0000 | 0044 898c | 2484 0000 | 0089 8424 | 9000 0000 | 4c89 8424 | b000 0000 
  0x000001a787f37a30: eb13 6666 | 0f1f 8400 | 0000 0000 | 6666 6690 | 488b 5c24 | 4844 8b54 | ab10 4889 | 5c24 484d 
  0x000001a787f37a50: 8bc2 488b | 9424 b000 

  0x000001a787f37a58: ;   {optimized virtual_call}
  0x000001a787f37a58: 0000 90e8 

  0x000001a787f37a5c: ; ImmutableOopMap {[40]=Oop [48]=Oop [64]=Oop [72]=Oop [80]=Oop [112]=Oop [136]=Oop [144]=NarrowOop [176]=Oop }
                      ;*invokevirtual equals {reexecute=0 rethrow=0 return_oop=0}
                      ; - java.lang.ClassLoader::compareCerts@81
                      ; - java.lang.ClassLoader::checkCerts@80
                      ; - java.lang.ClassLoader::preDefineClass@113
                      ; - java.lang.ClassLoader::defineClass@4
  0x000001a787f37a5c: 2070 64ff 

  0x000001a787f37a60: ;   {other}
  0x000001a787f37a60: 0f1f 8400 | d01e 0019 | 85c0 0f85 | 38ff ffff | ffc5 3bac | 24a4 0000 | 007c c5ba | 45ff ffff 
  0x000001a787f37a80: 488b 6c24 | 284c 8b54 | 2430 4c89 | 5424 2844 | 8b5c 2438 | 4489 5c24 | 3044 8b54 | 243c 4489 
  0x000001a787f37aa0: 5424 344c | 8b54 2440 | 4c89 5424 

  0x000001a787f37aac: ;   {runtime_call UncommonTrapBlob}
  0x000001a787f37aac: 3866 90e8 

  0x000001a787f37ab0: ; ImmutableOopMap {rbp=Oop [40]=Oop [56]=Oop [136]=Oop }
                      ;*ifne {reexecute=1 rethrow=0 return_oop=0}
                      ; - (reexecute) java.lang.ClassLoader::checkCerts@83
                      ; - java.lang.ClassLoader::preDefineClass@113
                      ; - java.lang.ClassLoader::defineClass@4
  0x000001a787f37ab0: 4ccb 64ff 

  0x000001a787f37ab4: ;   {other}
  0x000001a787f37ab4: 0f1f 8400 | 241f 001a | 4533 c0eb | 1644 8b44 | 247c 41ff | c044 3b84 | 24a4 0000 | 000f 8d17 
  0x000001a787f37ad4: ebff ff4c | 8b5c 2448 | 478b 5483 | 1045 85d2 | 0f84 c60e | 0000 4d8b | ca33 ed44 | 8944 247c 
  0x000001a787f37af4: 4489 9424 | 8000 0000 | 4c89 8c24 | 9800 0000 | 0f1f 8400 | 0000 0000 | 6666 6690 | 4c8b 5424 
  0x000001a787f37b14: 7045 8b5c | aa10 4d8b | c348 8b94 | 2498 0000 

  0x000001a787f37b24: ;   {optimized virtual_call}
  0x000001a787f37b24: 0066 90e8 

  0x000001a787f37b28: ; ImmutableOopMap {[40]=Oop [48]=Oop [64]=Oop [72]=Oop [80]=Oop [112]=Oop [128]=NarrowOop [136]=Oop [152]=Oop }
                      ;*invokevirtual equals {reexecute=0 rethrow=0 return_oop=0}
                      ; - java.lang.ClassLoader::compareCerts@166
                      ; - java.lang.ClassLoader::checkCerts@80
                      ; - java.lang.ClassLoader::preDefineClass@113
                      ; - java.lang.ClassLoader::defineClass@4
  0x000001a787f37b28: 546f 64ff 

  0x000001a787f37b2c: ;   {other}
  0x000001a787f37b2c: 0f1f 8400 | 9c1f 001b | 85c0 7589 | ffc5 3bac | 24a0 0000 | 007c cde9 | 33ff ffff 

  0x000001a787f37b48: ;   {oop(""{0x0000000080006ca0})}
  0x000001a787f37b48: 48be a06c | 0080 0000 | 0000 e9e3 | e9ff ff4c | 63c5 4d8d | 5810 498b | d348 83e2 | f848 8bfe 
  0x000001a787f37b68: 4803 fa49 | c1eb 0349 | 2bcb 4833 | c048 83f9 | 087f 1048 | ffc9 784f | 4889 04cf | 48ff c97d 
  0x000001a787f37b88: f7eb 44c5 | fd57 c0e9 | 0d00 0000 | c5fe 7f07 | c5fe 7f47 | 2048 83c7 | 4048 83e9 | 087d ed48 
  0x000001a787f37ba8: 83c1 047c | 0cc5 fe7f | 0748 83c7 | 2048 83e9 | 0448 83c1 | 047e 1048 | ffc9 c5f9 | d607 4883 
  0x000001a787f37bc8: c708 48ff | c97d f349 | 8bca 498b | d149 bac0 | 7a56 87a7 | 0100 0041 

  0x000001a787f37be0: ;   {other}
  0x000001a787f37be0: ffd2 0f1f | 8400 0000 | 0000 e91c | edff ff48 | 8b5c 2428 | 488b cd44 | 8b4c 2424 | 448b 5424 
  0x000001a787f37c00: 3844 8b44 | 243c e9bb 

  0x000001a787f37c08: ;   {oop(""{0x0000000080006ca0})}
  0x000001a787f37c08: eeff ff48 | bba0 6c00 | 8000 0000 | 00e9 c4ed | ffff 4489 | 4424 7044 | 8974 2454 | 4889 5c24 
  0x000001a787f37c28: 684c 896c | 2460 c5fb | 1144 2458 | 448b 4424 | 2044 8944 | 2450 4489 | 5c24 4c44 | 8954 2448 
  0x000001a787f37c48: 4c8b 5424 | 284c 8954 | 2420 488b | ac24 8800 

  0x000001a787f37c58: ;   {metadata('java/lang/String')}
  0x000001a787f37c58: 0000 48ba | b01e 0400 | 0100 0000 

  0x000001a787f37c64: ;   {runtime_call _new_instance_Java}
  0x000001a787f37c64: 6666 90e8 

  0x000001a787f37c68: ; ImmutableOopMap {rbp=Oop [32]=Oop [48]=Oop [64]=Oop [72]=NarrowOop [84]=NarrowOop [88]=Oop [96]=Derived_oop_[88] [104]=Oop [136]=Oop }
                      ;*new {reexecute=0 rethrow=0 return_oop=1}
                      ; - java.lang.StringLatin1::newString@7
                      ; - java.lang.String::substring@41
                      ; - java.lang.ClassLoader::checkCerts@21
                      ; - java.lang.ClassLoader::preDefineClass@113
                      ; - java.lang.ClassLoader::defineClass@4
  0x000001a787f37c68: 949e 70ff 

  0x000001a787f37c6c: ;   {other}
  0x000001a787f37c6c: 0f1f 8400 | dc20 001c | 4c8b 5424 | 204c 8954 | 2428 448b | 5424 4844 | 8b5c 244c | 8b4c 2450 
  0x000001a787f37c8c: 894c 2420 | c5fb 1044 | 2458 488b | 4c24 6048 | 8b5c 2468 | 448b 7424 | 5444 8b44 | 2470 488b 
  0x000001a787f37cac: f04c 8be9 | e9c4 e6ff | ff48 8b4c | 2430 c641 | 1101 33c0 | 488b 5c24 | 2844 8b44 | 2424 448b 
  0x000001a787f37ccc: 4c24 38e9 | 99ed ffff | 4489 4c24 | 3844 8944 | 2424 4889 

  0x000001a787f37ce0: ;   {static_call}
  0x000001a787f37ce0: 7c24 30e8 

  0x000001a787f37ce4: ; ImmutableOopMap {rbp=Oop [36]=NarrowOop [40]=Oop [48]=Oop [56]=NarrowOop [64]=Oop [104]=Oop }
                      ;*invokestatic hashCode {reexecute=0 rethrow=0 return_oop=0}
                      ; - java.lang.String::hashCode@37
                      ; - java.util.concurrent.ConcurrentHashMap::get@1
                      ; - java.lang.ClassLoader::getNamedPackage@5
                      ; - java.lang.ClassLoader::postDefineClass@9
                      ; - java.lang.ClassLoader::defineClass@37
  0x000001a787f37ce4: 9873 64ff 

  0x000001a787f37ce8: ;   {other}
  0x000001a787f37ce8: 0f1f 8400 | 5821 001d | e987 f1ff | ff4d 8be9 | 4c89 4424 | 7048 8974 | 2468 4489 | 7424 4c48 
  0x000001a787f37d08: 895c 2460 | 4c89 6c24 | 58c5 fb11 | 4424 5044 | 8b44 2420 | 4489 4424 | 4841 8bea | 4c8b 9424 
  0x000001a787f37d28: 8800 0000 | 4c89 5424 

  0x000001a787f37d30: ;   {metadata({type array byte})}
  0x000001a787f37d30: 2048 ba28 | 0a04 0001 | 0000 0045 

  0x000001a787f37d3c: ;   {runtime_call _new_array_nozero_Java}
  0x000001a787f37d3c: 8bc3 90e8 

  0x000001a787f37d40: ; ImmutableOopMap {rbp=NarrowOop [32]=Oop [40]=Oop [48]=Oop [64]=Oop [76]=NarrowOop [80]=Oop [88]=Derived_oop_[80] [96]=Oop [104]=Oop [136]=Oop }
                      ;*invokevirtual clone {reexecute=1 rethrow=0 return_oop=1}
                      ; - (reexecute) java.util.Arrays::copyOfRange@18
                      ; - java.lang.StringLatin1::newString@16
                      ; - java.lang.String::substring@41
                      ; - java.lang.ClassLoader::checkCerts@21
                      ; - java.lang.ClassLoader::preDefineClass@113
                      ; - java.lang.ClassLoader::defineClass@4
  0x000001a787f37d40: 3c97 70ff 

  0x000001a787f37d44: ;   {other}
  0x000001a787f37d44: 0f1f 8400 | b421 001e | 448b 5c24 | 4844 895c | 2420 4c8b | 4c24 5848 | 8b5c 2460 | 448b 7424 
  0x000001a787f37d64: 4c48 8b74 | 2468 4c8b | 4424 704c | 8be8 e95a | e7ff ff44 | 895c 2434 | 897c 2430 | 4489 4c24 
  0x000001a787f37d84: 2448 8b6c 

  0x000001a787f37d88: ;   {metadata('java/lang/String')}
  0x000001a787f37d88: 2468 48ba | b01e 0400 | 0100 0000 

  0x000001a787f37d94: ;   {runtime_call _new_instance_Java}
  0x000001a787f37d94: 6666 90e8 

  0x000001a787f37d98: ; ImmutableOopMap {rbp=Oop [36]=NarrowOop [40]=Oop [64]=Oop [104]=Oop [136]=Oop }
                      ;*new {reexecute=0 rethrow=0 return_oop=1}
                      ; - java.lang.StringLatin1::newString@7
                      ; - java.lang.String::substring@41
                      ; - java.lang.Class::getPackageName@62
                      ; - java.lang.ClassLoader::postDefineClass@2
                      ; - java.lang.ClassLoader::defineClass@37
  0x000001a787f37d98: 649d 70ff 

  0x000001a787f37d9c: ;   {other}
  0x000001a787f37d9c: 0f1f 8400 | 0c22 001f | 448b 4c24 | 248b 7c24 | 3044 8b5c | 2434 488b | d8e9 70ea | ffff 4489 
  0x000001a787f37dbc: 4c24 2448 | 894c 2430 | 4889 5c24 

  0x000001a787f37dc8: ;   {metadata('java/lang/NamedPackage')}
  0x000001a787f37dc8: 2848 ba88 | e708 0001 

  0x000001a787f37dd0: ;   {runtime_call _new_instance_Java}
  0x000001a787f37dd0: 0000 00e8 

  0x000001a787f37dd4: ; ImmutableOopMap {[36]=NarrowOop [40]=Oop [48]=Oop [64]=Oop [104]=Oop }
                      ;*new {reexecute=0 rethrow=0 return_oop=1}
                      ; - java.lang.ClassLoader::getNamedPackage@16
                      ; - java.lang.ClassLoader::postDefineClass@9
                      ; - java.lang.ClassLoader::defineClass@37
  0x000001a787f37dd4: 289d 70ff 

  0x000001a787f37dd8: ;   {other}
  0x000001a787f37dd8: 0f1f 8400 | 4822 0020 | e9b7 eeff | ff4c 8944 | 2450 4c89 | 5424 4848 | 895c 2438 | 418b e94c 
  0x000001a787f37df8: 8b54 2468 | 4c89 5424 

  0x000001a787f37e00: ;   {metadata({type array byte})}
  0x000001a787f37e00: 3048 ba28 | 0a04 0001 | 0000 0044 

  0x000001a787f37e0c: ;   {runtime_call _new_array_nozero_Java}
  0x000001a787f37e0c: 8bc7 90e8 

  0x000001a787f37e10: ; ImmutableOopMap {rbp=NarrowOop [40]=Oop [48]=Oop [56]=Oop [64]=Oop [136]=Oop [72]=Derived_oop_[136] }
                      ;*invokevirtual clone {reexecute=1 rethrow=0 return_oop=1}
                      ; - (reexecute) java.util.Arrays::copyOfRange@18
                      ; - java.lang.StringLatin1::newString@16
                      ; - java.lang.String::substring@41
                      ; - java.lang.Class::getPackageName@62
                      ; - java.lang.ClassLoader::postDefineClass@2
                      ; - java.lang.ClassLoader::defineClass@37
  0x000001a787f37e10: 6c96 70ff 

  0x000001a787f37e14: ;   {other}
  0x000001a787f37e14: 0f1f 8400 | 8422 0021 | 4c8b 5424 | 304c 8954 | 2468 488b | 5c24 384c | 8b54 2448 | 4c8b 4424 
  0x000001a787f37e34: 5048 8bf0 | e938 ebff | ff48 8b5c | 2428 488b | 4c24 3844 | 8b4c 2424 | e9fc edff | ff4c 899c 
  0x000001a787f37e54: 2480 0000 | 004c 894c | 2478 4889 | 7424 7044 | 8944 2468 | 4489 7424 | 4c48 895c | 2460 4889 
  0x000001a787f37e74: 5424 58c5 | fb11 4424 | 5044 8b5c | 2420 4489 | 5c24 484c | 8b94 2488 | 0000 004c | 8954 2420 
  0x000001a787f37e94: ;   {metadata({type array byte})}
  0x000001a787f37e94: 48ba 280a | 0400 0100 

  0x000001a787f37e9c: ;   {runtime_call _new_array_nozero_Java}
  0x000001a787f37e9c: 0000 90e8 

  0x000001a787f37ea0: ; ImmutableOopMap {[32]=Oop [40]=Oop [48]=Oop [64]=Oop [76]=NarrowOop [80]=Oop [88]=Derived_oop_[80] [96]=Oop [112]=Oop [136]=Oop }
                      ;*newarray {reexecute=0 rethrow=0 return_oop=1}
                      ; - java.util.Arrays::copyOfRangeByte@10
                      ; - java.util.Arrays::copyOfRange@13
                      ; - java.lang.StringLatin1::newString@16
                      ; - java.lang.String::substring@41
                      ; - java.lang.ClassLoader::checkCerts@21
                      ; - java.lang.ClassLoader::preDefineClass@113
                      ; - java.lang.ClassLoader::defineClass@4
  0x000001a787f37ea0: dc95 70ff 

  0x000001a787f37ea4: ;   {other}
  0x000001a787f37ea4: 0f1f 8400 | 1423 0022 | 448b 5424 | 4844 8954 | 2420 488b | 5424 5848 | 8b5c 2460 | 448b 7424 
  0x000001a787f37ec4: 4c44 8b44 | 2468 488b | 7424 704c | 8be8 4c8b | 4c24 784c | 8b9c 2480 | 0000 00e9 | 3ae5 ffff 
  0x000001a787f37ee4: 4c89 4424 | 6048 894c | 2450 4c89 | 5424 4848 | 895c 2438 | 4489 5c24 | 244c 8b54 | 2468 4c89 
  0x000001a787f37f04: ;   {metadata({type array byte})}
  0x000001a787f37f04: 5424 3048 | ba28 0a04 | 0001 0000 | 0045 8bc3 

  0x000001a787f37f14: ;   {runtime_call _new_array_nozero_Java}
  0x000001a787f37f14: 6666 90e8 

  0x000001a787f37f18: ; ImmutableOopMap {[40]=Oop [48]=Oop [56]=Oop [64]=Oop [104]=Oop [136]=Oop [72]=Derived_oop_[136] }
                      ;*newarray {reexecute=0 rethrow=0 return_oop=1}
                      ; - java.util.Arrays::copyOfRangeByte@10
                      ; - java.util.Arrays::copyOfRange@13
                      ; - java.lang.StringLatin1::newString@16
                      ; - java.lang.String::substring@41
                      ; - java.lang.Class::getPackageName@62
                      ; - java.lang.ClassLoader::postDefineClass@2
                      ; - java.lang.ClassLoader::defineClass@37
  0x000001a787f37f18: 6495 70ff 

  0x000001a787f37f1c: ;   {other}
  0x000001a787f37f1c: 0f1f 8400 | 8c23 0023 | 448b 5c24 | 2448 8b5c | 2438 4c8b | 5424 4848 | 8bf0 488b | 4c24 504c 
  0x000001a787f37f3c: 8b44 2460 | e987 e9ff | ffba f6ff | ffff 488b | ef4c 895c 

  0x000001a787f37f50: ;   {runtime_call UncommonTrapBlob}
  0x000001a787f37f50: 2420 90e8 

  0x000001a787f37f54: ; ImmutableOopMap {rbp=Oop [32]=Oop }
                      ;*invokevirtual putIfAbsent {reexecute=0 rethrow=0 return_oop=0}
                      ; - java.lang.ClassLoader::checkCerts@62
                      ; - java.lang.ClassLoader::preDefineClass@113
                      ; - java.lang.ClassLoader::defineClass@4
  0x000001a787f37f54: a8c6 64ff 

  0x000001a787f37f58: ;   {other}
  0x000001a787f37f58: 0f1f 8400 | c823 0024 | baf6 ffff 

  0x000001a787f37f64: ;   {runtime_call UncommonTrapBlob}
  0x000001a787f37f64: ff66 90e8 

  0x000001a787f37f68: ; ImmutableOopMap {rbp=NarrowOop }
                      ;*invokevirtual toExternalForm {reexecute=0 rethrow=0 return_oop=0}
                      ; - java.net.URL::toExternalForm@5
                      ; - java.net.URL::toString@1
                      ; - java.lang.ClassLoader::defineClassSourceLocation@22
                      ; - java.lang.ClassLoader::defineClass@12
  0x000001a787f37f68: 94c6 64ff 

  0x000001a787f37f6c: ;   {other}
  0x000001a787f37f6c: 0f1f 8400 | dc23 0025 | baf6 ffff | ff48 8bef 

  0x000001a787f37f7c: ;   {runtime_call UncommonTrapBlob}
  0x000001a787f37f7c: 6666 90e8 

  0x000001a787f37f80: ; ImmutableOopMap {rbp=Oop }
                      ;*invokevirtual get {reexecute=0 rethrow=0 return_oop=0}
                      ; - java.lang.ClassLoader::getNamedPackage@5
                      ; - java.lang.ClassLoader::postDefineClass@9
                      ; - java.lang.ClassLoader::defineClass@37
  0x000001a787f37f80: 7cc6 64ff 

  0x000001a787f37f84: ;   {other}
  0x000001a787f37f84: 0f1f 8400 | f423 0026 | ba76 ffff | ff41 8bea | 897c 2424 | 4c8b 9424 | 8800 0000 | 4889 5c24 
  0x000001a787f37fa4: 504c 8954 | 2458 4489 

  0x000001a787f37fac: ;   {runtime_call UncommonTrapBlob}
  0x000001a787f37fac: 7424 60e8 

  0x000001a787f37fb0: ; ImmutableOopMap {rbp=NarrowOop [40]=Oop [48]=Oop [64]=Oop [80]=Oop [88]=Oop [96]=NarrowOop [136]=Oop }
                      ;*iflt {reexecute=1 rethrow=0 return_oop=0}
                      ; - (reexecute) java.lang.StringLatin1::lastIndexOf@19
                      ; - java.lang.String::lastIndexOf@13
                      ; - java.lang.String::lastIndexOf@8
                      ; - java.lang.ClassLoader::checkCerts@3
                      ; - java.lang.ClassLoader::preDefineClass@113
                      ; - java.lang.ClassLoader::defineClass@4
  0x000001a787f37fb0: 4cc6 64ff 

  0x000001a787f37fb4: ;   {other}
  0x000001a787f37fb4: 0f1f 8400 | 2424 0027 | ba45 ffff | ff48 8b6c | 2428 4c89 

  0x000001a787f37fc8: ;   {runtime_call UncommonTrapBlob}
  0x000001a787f37fc8: 4424 48e8 

  0x000001a787f37fcc: ; ImmutableOopMap {rbp=Oop [48]=Oop [64]=Oop [72]=Oop [136]=Oop }
                      ;*ifeq {reexecute=1 rethrow=0 return_oop=0}
                      ; - (reexecute) java.lang.ClassLoader::checkName@8
                      ; - java.lang.ClassLoader::preDefineClass@1
                      ; - java.lang.ClassLoader::defineClass@4
  0x000001a787f37fcc: 30c6 64ff 

  0x000001a787f37fd0: ;   {other}
  0x000001a787f37fd0: 0f1f 8400 | 4024 0028 | ba6e ffff | ff41 8bea | 897c 2424 | 4c8b 9424 | 8800 0000 | 4889 5c24 
  0x000001a787f37ff0: 504c 8954 | 2458 4489 

  0x000001a787f37ff8: ;   {runtime_call UncommonTrapBlob}
  0x000001a787f37ff8: 7424 60e8 

  0x000001a787f37ffc: ; ImmutableOopMap {rbp=NarrowOop [40]=Oop [48]=Oop [64]=Oop [80]=Oop [88]=Oop [96]=NarrowOop [136]=Oop }
                      ;*iflt {reexecute=1 rethrow=0 return_oop=0}
                      ; - (reexecute) java.lang.StringLatin1::lastIndexOf@19
                      ; - java.lang.String::lastIndexOf@13
                      ; - java.lang.String::lastIndexOf@8
                      ; - java.lang.ClassLoader::checkCerts@3
                      ; - java.lang.ClassLoader::preDefineClass@113
                      ; - java.lang.ClassLoader::defineClass@4
  0x000001a787f37ffc: 00c6 64ff 

  0x000001a787f38000: ;   {other}
  0x000001a787f38000: 0f1f 8400 | 7024 0029 | bace ffff | ff41 8bea | 4c8b 9424 | 8800 0000 | 4c89 5424 | 504c 8954 
  0x000001a787f38020: 2458 895c 

  0x000001a787f38024: ;   {runtime_call UncommonTrapBlob}
  0x000001a787f38024: 2460 90e8 

  0x000001a787f38028: ; ImmutableOopMap {rbp=NarrowOop [40]=Oop [48]=Oop [64]=Oop [80]=Oop [88]=Oop }
                      ;*invokestatic indexOfChar {reexecute=0 rethrow=0 return_oop=0}
                      ; - java.lang.StringLatin1::indexOf@33
                      ; - java.lang.String::indexOf@17
                      ; - java.lang.String::indexOf@3
                      ; - java.lang.ClassLoader::checkName@16
                      ; - java.lang.ClassLoader::preDefineClass@1
                      ; - java.lang.ClassLoader::defineClass@4
  0x000001a787f38028: d4c5 64ff 

  0x000001a787f3802c: ;   {other}
  0x000001a787f3802c: 0f1f 8400 | 9c24 002a | ba76 ffff | ff41 8be9 | 4489 5424 | 244c 8b54 | 2468 4c89 | 5424 304c 
  0x000001a787f3804c: 8944 2458 

  0x000001a787f38050: ;   {runtime_call UncommonTrapBlob}
  0x000001a787f38050: 6666 90e8 

  0x000001a787f38054: ; ImmutableOopMap {rbp=NarrowOop [40]=Oop [48]=Oop [64]=Oop [88]=Oop }
                      ;*iflt {reexecute=1 rethrow=0 return_oop=0}
                      ; - (reexecute) java.lang.StringLatin1::lastIndexOf@19
                      ; - java.lang.String::lastIndexOf@13
                      ; - java.lang.String::lastIndexOf@8
                      ; - java.lang.Class::getPackageName@47
                      ; - java.lang.ClassLoader::postDefineClass@2
                      ; - java.lang.ClassLoader::defineClass@37
  0x000001a787f38054: a8c5 64ff 

  0x000001a787f38058: ;   {other}
  0x000001a787f38058: 0f1f 8400 | c824 002b | ba45 ffff | ff48 8944 | 2430 4c8b | 5424 404c | 8954 2438 | 4889 4424 
  0x000001a787f38078: ;   {runtime_call UncommonTrapBlob}
  0x000001a787f38078: 4066 90e8 

  0x000001a787f3807c: ; ImmutableOopMap {[40]=Oop [48]=Oop [56]=Oop [64]=Oop }
                      ;*ifeq {reexecute=1 rethrow=0 return_oop=0}
                      ; - (reexecute) java.lang.Class::getPackageName@13
                      ; - java.lang.ClassLoader::postDefineClass@2
                      ; - java.lang.ClassLoader::defineClass@37
  0x000001a787f3807c: 80c5 64ff 

  0x000001a787f38080: ;   {other}
  0x000001a787f38080: 0f1f 8400 | f024 002c | ba6e ffff | ff41 8be9 | 4489 5424 | 244c 8b54 | 2468 4c89 | 5424 304c 
  0x000001a787f380a0: 8944 2458 

  0x000001a787f380a4: ;   {runtime_call UncommonTrapBlob}
  0x000001a787f380a4: 6666 90e8 

  0x000001a787f380a8: ; ImmutableOopMap {rbp=NarrowOop [40]=Oop [48]=Oop [64]=Oop [88]=Oop }
                      ;*iflt {reexecute=1 rethrow=0 return_oop=0}
                      ; - (reexecute) java.lang.StringLatin1::lastIndexOf@19
                      ; - java.lang.String::lastIndexOf@13
                      ; - java.lang.String::lastIndexOf@8
                      ; - java.lang.Class::getPackageName@47
                      ; - java.lang.ClassLoader::postDefineClass@2
                      ; - java.lang.ClassLoader::defineClass@37
  0x000001a787f380a8: 54c5 64ff 

  0x000001a787f380ac: ;   {other}
  0x000001a787f380ac: 0f1f 8400 | 1c25 002d | bade ffff 

  0x000001a787f380b8: ;   {runtime_call UncommonTrapBlob}
  0x000001a787f380b8: ff66 90e8 

  0x000001a787f380bc: ; ImmutableOopMap {rbp=NarrowOop }
                      ;*checkcast {reexecute=0 rethrow=0 return_oop=0}
                      ; - java.lang.ClassLoader::getNamedPackage@8
                      ; - java.lang.ClassLoader::postDefineClass@9
                      ; - java.lang.ClassLoader::defineClass@37
  0x000001a787f380bc: 40c5 64ff 

  0x000001a787f380c0: ;   {other}
  0x000001a787f380c0: 0f1f 8400 | 3025 002e | 4533 d285 | c941 0f94 | c2ba 45ff | ffff 488b | 6c24 284c | 8944 2448 
  0x000001a787f380e0: 4c89 4424 | 5044 8954 

  0x000001a787f380e8: ;   {runtime_call UncommonTrapBlob}
  0x000001a787f380e8: 2460 90e8 

  0x000001a787f380ec: ; ImmutableOopMap {rbp=Oop [48]=Oop [64]=Oop [72]=Oop [80]=Oop }
                      ;*ifeq {reexecute=1 rethrow=0 return_oop=0}
                      ; - (reexecute) java.lang.String::indexOf@4
                      ; - java.lang.String::indexOf@3
                      ; - java.lang.ClassLoader::checkName@16
                      ; - java.lang.ClassLoader::preDefineClass@1
                      ; - java.lang.ClassLoader::defineClass@4
  0x000001a787f380ec: 10c5 64ff 

  0x000001a787f380f0: ;   {other}
  0x000001a787f380f0: 0f1f 8400 | 6025 002f | ba45 ffff | ff44 8944 | 2420 4489 | 4424 244c | 8b94 2488 | 0000 0048 
  0x000001a787f38110: 895c 2450 | 4c89 5424 | 5844 8974 | 2460 4c89 | 5424 6844 | 894c 2470 

  0x000001a787f38128: ;   {runtime_call UncommonTrapBlob}
  0x000001a787f38128: 6666 90e8 

  0x000001a787f3812c: ; ImmutableOopMap {[40]=Oop [48]=Oop [64]=Oop [80]=Oop [88]=Oop [96]=NarrowOop [104]=Oop }
                      ;*if_icmpgt {reexecute=1 rethrow=0 return_oop=0}
                      ; - (reexecute) jdk.internal.util.Preconditions::checkFromToIndex@6
                      ; - java.lang.String::checkBoundsBeginEnd@6
                      ; - java.lang.String::substring@8
                      ; - java.lang.ClassLoader::checkCerts@21
                      ; - java.lang.ClassLoader::preDefineClass@113
                      ; - java.lang.ClassLoader::defineClass@4
  0x000001a787f3812c: d0c4 64ff 

  0x000001a787f38130: ;   {other}
  0x000001a787f38130: 0f1f 8400 | a025 0030 | ba45 ffff | ff48 8b6c | 2428 4c8b | 9424 8800 | 0000 4c89 | 5424 4889 
  0x000001a787f38150: ;   {runtime_call UncommonTrapBlob}
  0x000001a787f38150: 5c24 50e8 

  0x000001a787f38154: ; ImmutableOopMap {rbp=Oop [48]=Oop [64]=Oop [72]=Oop [136]=Oop }
                      ;*if_icmpne {reexecute=1 rethrow=0 return_oop=0}
                      ; - (reexecute) java.lang.ClassLoader::checkName@20
                      ; - java.lang.ClassLoader::preDefineClass@1
                      ; - java.lang.ClassLoader::defineClass@4
  0x000001a787f38154: a8c4 64ff 

  0x000001a787f38158: ;   {other}
  0x000001a787f38158: 0f1f 8400 | c825 0031 | ba45 ffff | ff4c 8b54 | 2440 4c89 | 5424 3848 | 895c 2440 | 4889 4c24 
  0x000001a787f38178: 4844 894c 

  0x000001a787f3817c: ;   {runtime_call UncommonTrapBlob}
  0x000001a787f3817c: 2450 90e8 

  0x000001a787f38180: ; ImmutableOopMap {[56]=Oop [64]=Oop [72]=Oop [80]=NarrowOop [104]=Oop }
                      ;*ifle {reexecute=1 rethrow=0 return_oop=0}
                      ; - (reexecute) java.util.concurrent.ConcurrentHashMap::get@23
                      ; - java.lang.ClassLoader::getNamedPackage@5
                      ; - java.lang.ClassLoader::postDefineClass@9
                      ; - java.lang.ClassLoader::defineClass@37
  0x000001a787f38180: 7cc4 64ff 

  0x000001a787f38184: ;   {other}
  0x000001a787f38184: 0f1f 8400 | f425 0032 | ba45 ffff | ff4c 8b94 | 2488 0000 | 004c 8954 

  0x000001a787f3819c: ;   {runtime_call UncommonTrapBlob}
  0x000001a787f3819c: 2450 90e8 

  0x000001a787f381a0: ; ImmutableOopMap {[40]=Oop [48]=Oop [64]=Oop [80]=Oop [136]=Oop }
                      ;*if_icmpne {reexecute=1 rethrow=0 return_oop=0}
                      ; - (reexecute) java.lang.ClassLoader::checkName@30
                      ; - java.lang.ClassLoader::preDefineClass@1
                      ; - java.lang.ClassLoader::defineClass@4
  0x000001a787f381a0: 5cc4 64ff 

  0x000001a787f381a4: ;   {other}
  0x000001a787f381a4: 0f1f 8400 | 1426 0033 | ba45 ffff | ff44 8944 | 2420 4489 | 4424 244c | 8b94 2488 | 0000 0048 
  0x000001a787f381c4: 895c 2450 | 4c89 5424 | 5844 8974 | 2460 4c89 | 5424 6844 | 894c 2470 | 4489 4c24 

  0x000001a787f381e0: ;   {runtime_call UncommonTrapBlob}
  0x000001a787f381e0: 7466 90e8 

  0x000001a787f381e4: ; ImmutableOopMap {[40]=Oop [48]=Oop [64]=Oop [80]=Oop [88]=Oop [96]=NarrowOop [104]=Oop }
                      ;*if_icmple {reexecute=1 rethrow=0 return_oop=0}
                      ; - (reexecute) jdk.internal.util.Preconditions::checkFromToIndex@11
                      ; - java.lang.String::checkBoundsBeginEnd@6
                      ; - java.lang.String::substring@8
                      ; - java.lang.ClassLoader::checkCerts@21
                      ; - java.lang.ClassLoader::preDefineClass@113
                      ; - java.lang.ClassLoader::defineClass@4
  0x000001a787f381e4: 18c4 64ff 

  0x000001a787f381e8: ;   {other}
  0x000001a787f381e8: 0f1f 8400 | 5826 0034 | ba45 ffff | ff48 8b6c | 2428 4c8b | 5424 304c | 8954 2428 | 448b 5c24 
  0x000001a787f38208: 3844 895c | 2430 448b | 5424 3c44 | 8954 2434 | 4c8b 5424 | 404c 8954 | 2438 894c 

  0x000001a787f38224: ;   {runtime_call UncommonTrapBlob}
  0x000001a787f38224: 2448 90e8 

  0x000001a787f38228: ; ImmutableOopMap {rbp=Oop [40]=Oop [56]=Oop [136]=Oop }
                      ;*ifne {reexecute=1 rethrow=0 return_oop=0}
                      ; - (reexecute) java.lang.ClassLoader::compareCerts@7
                      ; - java.lang.ClassLoader::checkCerts@80
                      ; - java.lang.ClassLoader::preDefineClass@113
                      ; - java.lang.ClassLoader::defineClass@4
  0x000001a787f38228: d4c3 64ff 

  0x000001a787f3822c: ;   {other}
  0x000001a787f3822c: 0f1f 8400 | 9c26 0035 | 498b d749 | ba70 ee73 | 44fb 7f00 | 0041 ffd2 

  0x000001a787f38244: ;   {other}
  0x000001a787f38244: 0f1f 8400 | 0000 0000 | e9b2 e2ff | ffba f6ff | ffff 4889 

  0x000001a787f38258: ;   {runtime_call UncommonTrapBlob}
  0x000001a787f38258: 7424 20e8 

  0x000001a787f3825c: ; ImmutableOopMap {[32]=Oop [48]=Oop }
                      ;*invokevirtual putIfAbsent {reexecute=0 rethrow=0 return_oop=0}
                      ; - java.lang.ClassLoader::getNamedPackage@32
                      ; - java.lang.ClassLoader::postDefineClass@9
                      ; - java.lang.ClassLoader::defineClass@37
  0x000001a787f3825c: a0c3 64ff 

  0x000001a787f38260: ;   {other}
  0x000001a787f38260: 0f1f 8400 | d026 0036 | 488b e8ba | 54ff ffff 

  0x000001a787f38270: ;   {runtime_call UncommonTrapBlob}
  0x000001a787f38270: 6666 90e8 

  0x000001a787f38274: ; ImmutableOopMap {rbp=Oop [36]=NarrowOop [40]=Oop [56]=Oop [64]=Oop [104]=Oop }
                      ;*ifnull {reexecute=1 rethrow=0 return_oop=0}
                      ; - (reexecute) java.lang.ClassLoader::getNamedPackage@42
                      ; - java.lang.ClassLoader::postDefineClass@9
                      ; - java.lang.ClassLoader::defineClass@37
  0x000001a787f38274: 88c3 64ff 

  0x000001a787f38278: ;   {other}
  0x000001a787f38278: 0f1f 8400 | e826 0037 | baf6 ffff 

  0x000001a787f38284: ;   {runtime_call UncommonTrapBlob}
  0x000001a787f38284: ff66 90e8 

  0x000001a787f38288: ; ImmutableOopMap {}
                      ;*invokevirtual isNamed {reexecute=0 rethrow=0 return_oop=0}
                      ; - java.lang.NamedPackage::<init>@12
                      ; - java.lang.ClassLoader::getNamedPackage@22
                      ; - java.lang.ClassLoader::postDefineClass@9
                      ; - java.lang.ClassLoader::defineClass@37
  0x000001a787f38288: 74c3 64ff 

  0x000001a787f3828c: ;   {other}
  0x000001a787f3828c: 0f1f 8400 | fc26 0038 | ba12 0000 

  0x000001a787f38298: ;   {runtime_call UncommonTrapBlob}
  0x000001a787f38298: 0066 90e8 

  0x000001a787f3829c: ; ImmutableOopMap {[36]=NarrowOop [40]=Oop [48]=Oop [56]=Oop [64]=Oop [104]=Oop }
                      ;*new {reexecute=0 rethrow=0 return_oop=0}
                      ; - java.lang.NamedPackage::<init>@18
                      ; - java.lang.ClassLoader::getNamedPackage@22
                      ; - java.lang.ClassLoader::postDefineClass@9
                      ; - java.lang.ClassLoader::defineClass@37
  0x000001a787f3829c: 60c3 64ff 

  0x000001a787f382a0: ;   {other}
  0x000001a787f382a0: 0f1f 8400 | 1027 0039 | 448b c7e9 | 56e0 ffff | 488b 5c24 | 2848 8b4c | 2438 448b | 4c24 24e9 
  0x000001a787f382c0: 89e9 ffff | 8b7c 2424 | 448b 5f14 | 4585 db0f | 842e efff | ff4d 8b57 | 2849 8bcb | 4d85 d20f 
  0x000001a787f382e0: 847b 0800 | 004d 8b5f | 384b 894c | 13f8 4983 | c2f8 4d89 | 5728 e908 | efff ff4d | 8b57 484d 
  0x000001a787f38300: 8b5f 58f0 | 8344 24c0 | 0080 3900 | 742f 4488 | 214d 85d2 | 740f 4b89 | 4c13 f849 | 83c2 f84d 
  0x000001a787f38320: 8957 48eb | 1849 8bd7 | 49ba 50ee | 7344 fb7f | 0000 41ff 

  0x000001a787f38334: ;   {other}
  0x000001a787f38334: d20f 1f84 | 0000 0000 | 0044 8b57 | 1445 85d2 | 0f84 5008 | 0000 498b | dae9 e9ee | ffff 85c9 
  0x000001a787f38354: 448b 4c24 | 2041 0f94 | c1ba 45ff | ffff 488b | 6c24 684c | 8b54 2440 | 4c89 5424 | 384c 8944 
  0x000001a787f38374: 2450 4489 | 5c24 5844 | 894c 245c 

  0x000001a787f38380: ;   {runtime_call UncommonTrapBlob}
  0x000001a787f38380: 6666 90e8 

  0x000001a787f38384: ; ImmutableOopMap {rbp=Oop [40]=Oop [56]=Oop [80]=Oop }
                      ;*ifeq {reexecute=1 rethrow=0 return_oop=0}
                      ; - (reexecute) java.lang.String::lastIndexOf@4
                      ; - java.lang.String::lastIndexOf@8
                      ; - java.lang.Class::getPackageName@47
                      ; - java.lang.ClassLoader::postDefineClass@2
                      ; - java.lang.ClassLoader::defineClass@37
  0x000001a787f38384: 78c2 64ff 

  0x000001a787f38388: ;   {other}
  0x000001a787f38388: 0f1f 8400 | f827 003a | 498b d749 | ba70 ee73 | 44fb 7f00 | 0041 ffd2 

  0x000001a787f383a0: ;   {other}
  0x000001a787f383a0: 0f1f 8400 | 0000 0000 | e953 e6ff | ffba 45ff | ffff 4489 | 5c24 2044 | 895c 2424 | 4c8b 5424 
  0x000001a787f383c0: 684c 8954 | 2430 4c89 | 4424 5889 

  0x000001a787f383cc: ;   {runtime_call UncommonTrapBlob}
  0x000001a787f383cc: 5c24 64e8 

  0x000001a787f383d0: ; ImmutableOopMap {[40]=Oop [48]=Oop [64]=Oop [88]=Oop }
                      ;*if_icmpgt {reexecute=1 rethrow=0 return_oop=0}
                      ; - (reexecute) jdk.internal.util.Preconditions::checkFromToIndex@6
                      ; - java.lang.String::checkBoundsBeginEnd@6
                      ; - java.lang.String::substring@8
                      ; - java.lang.Class::getPackageName@62
                      ; - java.lang.ClassLoader::postDefineClass@2
                      ; - java.lang.ClassLoader::defineClass@37
  0x000001a787f383d0: 2cc2 64ff 

  0x000001a787f383d4: ;   {other}
  0x000001a787f383d4: 0f1f 8400 | 4428 003b | ba45 ffff | ff44 895c | 2420 4489 | 5c24 244c | 8b54 2468 | 4c89 5424 
  0x000001a787f383f4: 304c 8944 | 2458 895c | 2464 895c 

  0x000001a787f38400: ;   {runtime_call UncommonTrapBlob}
  0x000001a787f38400: 2468 90e8 

  0x000001a787f38404: ; ImmutableOopMap {[40]=Oop [48]=Oop [64]=Oop [88]=Oop }
                      ;*if_icmple {reexecute=1 rethrow=0 return_oop=0}
                      ; - (reexecute) jdk.internal.util.Preconditions::checkFromToIndex@11
                      ; - java.lang.String::checkBoundsBeginEnd@6
                      ; - java.lang.String::substring@8
                      ; - java.lang.Class::getPackageName@62
                      ; - java.lang.ClassLoader::postDefineClass@2
                      ; - java.lang.ClassLoader::defineClass@37
  0x000001a787f38404: f8c1 64ff 

  0x000001a787f38408: ;   {other}
  0x000001a787f38408: 0f1f 8400 | 7828 003c | 4d63 c8e9 | 7adf ffff | 4983 c1fe | 498b c949 | 8bfa 4833 | c048 83f9 
  0x000001a787f38428: 087f 1048 | ffc9 784f | 4889 04cf | 48ff c97d | f7eb 44c5 | fd57 c0e9 | 0d00 0000 | c5fe 7f07 
  0x000001a787f38448: c5fe 7f47 | 2048 83c7 | 4048 83e9 | 087d ed48 | 83c1 047c | 0cc5 fe7f | 0748 83c7 | 2048 83e9 
  0x000001a787f38468: 0448 83c1 | 047e 1048 | ffc9 c5f9 | d607 4883 | c708 48ff | c97d f3e9 | dcdf ffff | bacc ffff 
  0x000001a787f38488: ff41 8bea | 4489 4424 | 244c 8b94 | 2488 0000 | 0048 895c | 2450 4c89 | 5424 5844 | 8974 2460 
  0x000001a787f384a8: 4889 7424 

  0x000001a787f384ac: ;   {runtime_call UncommonTrapBlob}
  0x000001a787f384ac: 7066 90e8 

  0x000001a787f384b0: ; ImmutableOopMap {rbp=NarrowOop [40]=Oop [48]=Oop [64]=Oop [80]=Oop [88]=Oop [96]=NarrowOop [112]=Oop [136]=Oop }
                      ;*newarray {reexecute=1 rethrow=0 return_oop=0}
                      ; - (reexecute) java.util.Arrays::copyOfRangeByte@10
                      ; - java.util.Arrays::copyOfRange@13
                      ; - java.lang.StringLatin1::newString@16
                      ; - java.lang.String::substring@41
                      ; - java.lang.ClassLoader::checkCerts@21
                      ; - java.lang.ClassLoader::preDefineClass@113
                      ; - java.lang.ClassLoader::defineClass@4
  0x000001a787f384b0: 4cc1 64ff 

  0x000001a787f384b4: ;   {other}
  0x000001a787f384b4: 0f1f 8400 | 2429 003d | 498b d749 | ba70 ee73 | 44fb 7f00 | 0041 ffd2 

  0x000001a787f384cc: ;   {other}
  0x000001a787f384cc: 0f1f 8400 | 0000 0000 | e9ce e4ff | ff49 8bd7 | 49ba 70ee | 7344 fb7f | 0000 41ff 

  0x000001a787f384e8: ;   {other}
  0x000001a787f384e8: d20f 1f84 | 0000 0000 | 00e9 19e8 | ffff 498b | d749 ba70 | ee73 44fb | 7f00 0041 

  0x000001a787f38504: ;   {other}
  0x000001a787f38504: ffd2 0f1f | 8400 0000 | 0000 e93f | e8ff ff45 | 8bda e9a1 | e2ff ffba | e4ff ffff | 4489 5424 
  0x000001a787f38524: 204c 8b94 | 2488 0000 | 004c 8954 | 2448 448b | 5c24 3844 | 895c 2424 

  0x000001a787f3853c: ;   {runtime_call UncommonTrapBlob}
  0x000001a787f3853c: 6666 90e8 

  0x000001a787f38540: ; ImmutableOopMap {[32]=NarrowOop [40]=Oop [48]=Oop [64]=Oop [72]=Oop }
                      ;*baload {reexecute=0 rethrow=0 return_oop=0}
                      ; - jdk.internal.util.ArraysSupport::mismatch@82
                      ; - java.lang.String::startsWith@70
                      ; - java.lang.String::startsWith@3
                      ; - java.lang.ClassLoader::preDefineClass@43
                      ; - java.lang.ClassLoader::defineClass@4
  0x000001a787f38540: bcc0 64ff 

  0x000001a787f38544: ;   {other}
  0x000001a787f38544: 0f1f 8400 | b429 003e | 8bdd 448b | 5514 4585 | d20f 84e2 | f0ff ff4d | 8b5f 2849 | 8bca 4d85 
  0x000001a787f38564: db0f 8412 | 0600 004d | 8b57 384b | 894c 1af8 | 4983 c3f8 | 4d89 5f28 | e9bc f0ff | ff4d 8b57 
  0x000001a787f38584: 484d 8b5f | 58f0 8344 | 24c0 0041 | 8038 0074 | 3245 8820 | 4d85 d274 | 0f4f 8944 | 13f8 4983 
  0x000001a787f385a4: c2f8 4d89 | 5748 eb1b | 498b c849 | 8bd7 49ba | 50ee 7344 | fb7f 0000 

  0x000001a787f385bc: ;   {other}
  0x000001a787f385bc: 41ff d20f | 1f84 0000 | 0000 0044 | 8b5b 1445 | 85db 0f84 | d805 0000 | 4d8b d34c | 8954 2440 
  0x000001a787f385dc: e997 f0ff | ff49 63cb | e95e e2ff | ff48 83c1 | fe49 8bf9 | 4833 c048 | 83f9 087f | 1048 ffc9 
  0x000001a787f385fc: 784f 4889 | 04cf 48ff | c97d f7eb | 44c5 fd57 | c0e9 0d00 | 0000 c5fe | 7f07 c5fe | 7f47 2048 
  0x000001a787f3861c: 83c7 4048 | 83e9 087d | ed48 83c1 | 047c 0cc5 | fe7f 0748 | 83c7 2048 | 83e9 0448 | 83c1 047e 
  0x000001a787f3863c: 1048 ffc9 | c5f9 d607 | 4883 c708 | 48ff c97d | f3e9 b9e2 | ffff bacc | ffff ff41 | 8be9 4489 
  0x000001a787f3865c: 5c24 244c | 8b54 2468 | 4c89 5424 | 3048 895c 

  0x000001a787f3866c: ;   {runtime_call UncommonTrapBlob}
  0x000001a787f3866c: 2460 90e8 

  0x000001a787f38670: ; ImmutableOopMap {rbp=NarrowOop [40]=Oop [48]=Oop [64]=Oop [96]=Oop }
                      ;*newarray {reexecute=1 rethrow=0 return_oop=0}
                      ; - (reexecute) java.util.Arrays::copyOfRangeByte@10
                      ; - java.util.Arrays::copyOfRange@13
                      ; - java.lang.StringLatin1::newString@16
                      ; - java.lang.String::substring@41
                      ; - java.lang.Class::getPackageName@62
                      ; - java.lang.ClassLoader::postDefineClass@2
                      ; - java.lang.ClassLoader::defineClass@37
  0x000001a787f38670: 8cbf 64ff 

  0x000001a787f38674: ;   {other}
  0x000001a787f38674: 0f1f 8400 | e42a 003f | ba45 ffff | ff4c 8b5c | 2440 4c89 | 5c24 3848 | 895c 2440 | 4489 4c24 
  0x000001a787f38694: 5048 894c | 2458 4489 | 4424 5444 | 8954 2460 

  0x000001a787f386a4: ;   {runtime_call UncommonTrapBlob}
  0x000001a787f386a4: 6666 90e8 

  0x000001a787f386a8: ; ImmutableOopMap {rbp=NarrowOop [56]=Oop [64]=Oop [80]=NarrowOop [84]=NarrowOop [88]=Oop [104]=Oop }
                      ;*ifnull {reexecute=1 rethrow=0 return_oop=0}
                      ; - (reexecute) java.util.concurrent.ConcurrentHashMap::get@67
                      ; - java.lang.ClassLoader::getNamedPackage@5
                      ; - java.lang.ClassLoader::postDefineClass@9
                      ; - java.lang.ClassLoader::defineClass@37
  0x000001a787f386a8: 54bf 64ff 

  0x000001a787f386ac: ;   {other}
  0x000001a787f386ac: 0f1f 8400 | 1c2b 0040 | 4c89 5c24 | 6044 8944 | 244c 4889 | 7c24 5848 | 895c 2450 | 448b 4424 
  0x000001a787f386cc: 2044 8944 | 2448 4c8b | 9424 8800 | 0000 4c89 | 5424 2048 | 33d2 4a8d | 14ca 448b 

  0x000001a787f386e8: ;   {runtime_call _new_array_Java}
  0x000001a787f386e8: c166 90e8 

  0x000001a787f386ec: ; ImmutableOopMap {rbp=Oop [32]=Oop [40]=Oop [48]=Oop [64]=Oop [76]=NarrowOop [80]=Oop [88]=Oop [136]=Oop }
                      ;*invokevirtual clone {reexecute=1 rethrow=0 return_oop=1}
                      ; - (reexecute) java.security.CodeSource::getCertificates@11
                      ; - java.lang.ClassLoader::checkCerts@34
                      ; - java.lang.ClassLoader::preDefineClass@113
                      ; - java.lang.ClassLoader::defineClass@4
  0x000001a787f386ec: 1091 70ff 

  0x000001a787f386f0: ;   {other}
  0x000001a787f386f0: 0f1f 8400 | 602b 0041 | 448b 5c24 | 4844 895c | 2420 488b | 5c24 5048 | 8b7c 2458 | 448b 4424 
  0x000001a787f38710: 4c4c 8b5c | 2460 488b | f0e9 64e8 | ffff 4c89 | 4424 3889 | 4c24 3048 | 895c 2420 | 4833 d24a 
  0x000001a787f38730: 8d14 da44 

  0x000001a787f38734: ;   {runtime_call _new_array_Java}
  0x000001a787f38734: 8bc7 90e8 

  0x000001a787f38738: ; ImmutableOopMap {rbp=Oop [32]=Oop [48]=NarrowOop [104]=Oop }
                      ;*invokevirtual clone {reexecute=1 rethrow=0 return_oop=1}
                      ; - (reexecute) java.security.CodeSource::getCertificates@11
                      ; - java.lang.ClassLoader::postDefineClass@24
                      ; - java.lang.ClassLoader::defineClass@37
  0x000001a787f38738: c490 70ff 

  0x000001a787f3873c: ;   {other}
  0x000001a787f3873c: 0f1f 8400 | ac2b 0042 | 8b4c 2430 | 4c8b 4424 | 38e9 32ed | ffff 4889 | 5424 6844 | 8944 2460 
  0x000001a787f3875c: 4889 7c24 | 5844 8974 | 244c 4889 | 5c24 5044 | 8b5c 2420 | 4489 5c24 | 484c 8b54 | 2428 4c89 
  0x000001a787f3877c: 5424 2048 | 8bac 2488 

  0x000001a787f38784: ;   {metadata('java/util/ArrayList')}
  0x000001a787f38784: 0000 0048 | ba28 7205 | 0001 0000 

  0x000001a787f38790: ;   {runtime_call _new_instance_Java}
  0x000001a787f38790: 0066 90e8 

  0x000001a787f38794: ; ImmutableOopMap {rbp=Oop [32]=Oop [48]=Oop [64]=Oop [76]=NarrowOop [80]=Oop [88]=Oop [96]=NarrowOop [104]=Oop [136]=Oop }
                      ;*new {reexecute=0 rethrow=0 return_oop=1}
                      ; - java.security.CodeSource::getCertificates@25
                      ; - java.lang.ClassLoader::checkCerts@34
                      ; - java.lang.ClassLoader::preDefineClass@113
                      ; - java.lang.ClassLoader::defineClass@4
  0x000001a787f38794: 6893 70ff 

  0x000001a787f38798: ;   {other}
  0x000001a787f38798: 0f1f 8400 | 082c 0043 | 4c8b 5424 | 204c 8954 | 2428 448b | 5424 4844 | 8954 2420 | 488b 5c24 
  0x000001a787f387b8: 5044 8b74 | 244c 488b | 7c24 5844 | 8b44 2460 | 488b 5424 | 68e9 37e8 | ffff 4c89 | 4c24 7048 
  0x000001a787f387d8: 8954 2468 | 4889 7c24 | 604c 895c | 2458 4c89 | 5424 5044 | 8974 2424 | 4889 5c24 | 4848 8bac 
  0x000001a787f387f8: 2488 0000 

  0x000001a787f387fc: ;   {metadata('java/security/cert/Certificate'[])}
  0x000001a787f387fc: 0048 ba30 | 8f02 0001 | 0000 0044 | 8b44 2420 

  0x000001a787f3880c: ;   {runtime_call _new_array_Java}
  0x000001a787f3880c: 6666 90e8 

  0x000001a787f38810: ; ImmutableOopMap {rbp=Oop [36]=NarrowOop [40]=Oop [48]=Oop [64]=Oop [72]=Oop [80]=Oop [96]=Oop [104]=Oop [112]=Oop [136]=Oop }
                      ;*anewarray {reexecute=0 rethrow=0 return_oop=1}
                      ; - java.security.CodeSource::getCertificates@70
                      ; - java.lang.ClassLoader::checkCerts@34
                      ; - java.lang.ClassLoader::preDefineClass@113
                      ; - java.lang.ClassLoader::defineClass@4
  0x000001a787f38810: ec8f 70ff 

  0x000001a787f38814: ;   {other}
  0x000001a787f38814: 0f1f 8400 | 842c 0044 | e9a9 e9ff | ff4c 8944 | 2470 4889 | 5c24 6848 | 33d2 4a8d | 14d2 458b 
  0x000001a787f38834: ;   {runtime_call _new_array_Java}
  0x000001a787f38834: c366 90e8 

  0x000001a787f38838: ; ImmutableOopMap {rbp=Oop [40]=Oop [48]=Oop [64]=Oop [72]=Oop [80]=Oop [96]=Oop [104]=Oop }
                      ;*invokevirtual clone {reexecute=1 rethrow=0 return_oop=1}
                      ; - (reexecute) java.security.CodeSource::getCertificates@86
                      ; - java.lang.ClassLoader::checkCerts@34
                      ; - java.lang.ClassLoader::preDefineClass@113
                      ; - java.lang.ClassLoader::defineClass@4
  0x000001a787f38838: c48f 70ff 

  0x000001a787f3883c: ;   {other}
  0x000001a787f3883c: 0f1f 8400 | ac2c 0045 | 488b 5c24 | 684c 8b44 | 2470 488b | f0e9 55ea | ffff ba45 | ffff ff4c 
  0x000001a787f3885c: 8b5c 2440 | 4c89 5c24 | 3848 895c | 2440 4489 | 4c24 5048 | 894c 2458 | 4889 7424 | 6044 8954 
  0x000001a787f3887c: ;   {runtime_call UncommonTrapBlob}
  0x000001a787f3887c: 2454 90e8 

  0x000001a787f38880: ; ImmutableOopMap {rbp=NarrowOop [56]=Oop [64]=Oop [80]=NarrowOop [88]=Oop [96]=Oop [104]=Oop }
                      ;*ifnull {reexecute=1 rethrow=0 return_oop=0}
                      ; - (reexecute) java.util.concurrent.ConcurrentHashMap::get@143
                      ; - java.lang.ClassLoader::getNamedPackage@5
                      ; - java.lang.ClassLoader::postDefineClass@9
                      ; - java.lang.ClassLoader::defineClass@37
  0x000001a787f38880: 7cbd 64ff 

  0x000001a787f38884: ;   {other}
  0x000001a787f38884: 0f1f 8400 | f42c 0046 | ba45 ffff | ff44 8b5c | 2424 4489 | 5c24 2044 | 8b44 2448 | 4489 4424 
  0x000001a787f388a4: 2489 4424 

  0x000001a787f388a8: ;   {runtime_call UncommonTrapBlob}
  0x000001a787f388a8: 4866 90e8 

  0x000001a787f388ac: ; ImmutableOopMap {rbp=Oop [32]=NarrowOop [40]=Oop [56]=Oop [64]=Oop [80]=Oop }
                      ;*ifeq {reexecute=1 rethrow=0 return_oop=0}
                      ; - (reexecute) java.util.concurrent.ConcurrentHashMap::get@152
                      ; - java.lang.ClassLoader::getNamedPackage@5
                      ; - java.lang.ClassLoader::postDefineClass@9
                      ; - java.lang.ClassLoader::defineClass@37
  0x000001a787f388ac: 50bd 64ff 

  0x000001a787f388b0: ;   {other}
  0x000001a787f388b0: 0f1f 8400 | 202d 0047 | 4889 7c24 | 3844 895c | 2430 4489 | 4c24 2448 

  0x000001a787f388c8: ;   {metadata('java/util/ArrayList')}
  0x000001a787f388c8: 8beb 48ba | 2872 0500 | 0100 0000 

  0x000001a787f388d4: ;   {runtime_call _new_instance_Java}
  0x000001a787f388d4: 6666 90e8 

  0x000001a787f388d8: ; ImmutableOopMap {rbp=Oop [36]=NarrowOop [48]=NarrowOop [56]=Oop [104]=Oop }
                      ;*new {reexecute=0 rethrow=0 return_oop=1}
                      ; - java.security.CodeSource::getCertificates@25
                      ; - java.lang.ClassLoader::postDefineClass@24
                      ; - java.lang.ClassLoader::defineClass@37
  0x000001a787f388d8: 2492 70ff 

  0x000001a787f388dc: ;   {other}
  0x000001a787f388dc: 0f1f 8400 | 4c2d 0048 | 488b dd44 | 8b4c 2424 | 448b 5c24 | 3048 8b7c | 2438 e9fc | ebff ff48 
  0x000001a787f388fc: 894c 2440 | 4889 7c24 | 3841 8be9 | 4c8b 5424 | 684c 8954 | 2430 4889 

  0x000001a787f38914: ;   {metadata('java/security/cert/Certificate'[])}
  0x000001a787f38914: 5c24 2848 | ba30 8f02 | 0001 0000 | 0044 8b44 

  0x000001a787f38924: ;   {runtime_call _new_array_Java}
  0x000001a787f38924: 2420 90e8 

  0x000001a787f38928: ; ImmutableOopMap {rbp=NarrowOop [40]=Oop [48]=Oop [56]=Oop [64]=Oop [104]=Oop }
                      ;*anewarray {reexecute=0 rethrow=0 return_oop=1}
                      ; - java.security.CodeSource::getCertificates@70
                      ; - java.lang.ClassLoader::postDefineClass@24
                      ; - java.lang.ClassLoader::defineClass@37
  0x000001a787f38928: d48e 70ff 

  0x000001a787f3892c: ;   {other}
  0x000001a787f3892c: 0f1f 8400 | 9c2d 0049 | e9cb ecff | ff48 33d2 | 4a8d 14d2 

  0x000001a787f38940: ;   {runtime_call _new_array_Java}
  0x000001a787f38940: 458b c3e8 

  0x000001a787f38944: ; ImmutableOopMap {[40]=Oop [48]=Oop [64]=Oop }
                      ;*invokevirtual clone {reexecute=1 rethrow=0 return_oop=1}
                      ; - (reexecute) java.security.CodeSource::getCertificates@86
                      ; - java.lang.ClassLoader::postDefineClass@24
                      ; - java.lang.ClassLoader::defineClass@37
  0x000001a787f38944: b88e 70ff 

  0x000001a787f38948: ;   {other}
  0x000001a787f38948: 0f1f 8400 | b82d 004a | e99c edff | ffba 76ff | ffff 488b | 6c24 284c | 8b5c 2430 | 4c89 5c24 
  0x000001a787f38968: 2844 8b5c | 2438 4489 | 5c24 3044 | 8b44 243c | 4489 4424 | 344c 8b5c | 2440 4c89 | 5c24 3848 
  0x000001a787f38988: 897c 2458 | 4489 5424 | 6044 894c | 2464 8944 | 2468 4889 | 5c24 7089 

  0x000001a787f389a0: ;   {runtime_call UncommonTrapBlob}
  0x000001a787f389a0: 4c24 78e8 

  0x000001a787f389a4: ; ImmutableOopMap {rbp=Oop [40]=Oop [56]=Oop [88]=Oop [104]=NarrowOop [112]=Oop [136]=Oop }
                      ;*if_icmpge {reexecute=1 rethrow=0 return_oop=0}
                      ; - (reexecute) java.lang.ClassLoader::compareCerts@67
                      ; - java.lang.ClassLoader::checkCerts@80
                      ; - java.lang.ClassLoader::preDefineClass@113
                      ; - java.lang.ClassLoader::defineClass@4
  0x000001a787f389a4: 58bc 64ff 

  0x000001a787f389a8: ;   {other}
  0x000001a787f389a8: 0f1f 8400 | 182e 004b | ba76 ffff | ff48 8b6c | 2428 4c8b | 4c24 304c | 894c 2428 | 8b4c 2438 
  0x000001a787f389c8: 894c 2430 | 448b 4c24 | 3c44 894c | 2434 4c8b | 4c24 404c | 894c 2438 | 4c8b 4c24 | 704c 895c 
  0x000001a787f389e8: 2450 4489 | 4424 5c44 | 8954 2460 | 4c89 4c24 | 6844 8b94 | 24a0 0000 | 0044 8954 

  0x000001a787f38a04: ;   {runtime_call UncommonTrapBlob}
  0x000001a787f38a04: 2470 90e8 

  0x000001a787f38a08: ; ImmutableOopMap {rbp=Oop [40]=Oop [56]=Oop [80]=Oop [96]=NarrowOop [104]=Oop [136]=Oop }
                      ;*if_icmpge {reexecute=1 rethrow=0 return_oop=0}
                      ; - (reexecute) java.lang.ClassLoader::compareCerts@152
                      ; - java.lang.ClassLoader::checkCerts@80
                      ; - java.lang.ClassLoader::preDefineClass@113
                      ; - java.lang.ClassLoader::defineClass@4
  0x000001a787f38a08: f4bb 64ff 

  0x000001a787f38a0c: ;   {other}
  0x000001a787f38a0c: 0f1f 8400 | 7c2e 004c | bae4 ffff | ff48 8b6c | 2428 4c8b | 5424 304c | 8954 2428 | 448b 5c24 
  0x000001a787f38a2c: 3844 895c | 2430 448b | 5424 3c44 | 8954 2434 | 4c8b 5424 | 404c 8954 | 2438 4889 | 5c24 4048 
  0x000001a787f38a4c: 897c 2450 | 4489 7424 | 584c 894c | 2468 4489 | 4424 7089 

  0x000001a787f38a60: ;   {runtime_call UncommonTrapBlob}
  0x000001a787f38a60: 4c24 74e8 

  0x000001a787f38a64: ; ImmutableOopMap {rbp=Oop [40]=Oop [56]=Oop [64]=Oop [80]=Oop [88]=NarrowOop [104]=Oop [112]=NarrowOop [136]=Oop }
                      ;*aaload {reexecute=0 rethrow=0 return_oop=0}
                      ; - java.security.CodeSource::getCertificates@50
                      ; - java.lang.ClassLoader::checkCerts@34
                      ; - java.lang.ClassLoader::preDefineClass@113
                      ; - java.lang.ClassLoader::defineClass@4
  0x000001a787f38a64: 98bb 64ff 

  0x000001a787f38a68: ;   {other}
  0x000001a787f38a68: 0f1f 8400 | d82e 004d | bae4 ffff | ff48 895c | 2420 4489 | 4c24 3048 | 894c 2440 | 4489 5c24 
  0x000001a787f38a88: 4844 8944 

  0x000001a787f38a8c: ;   {runtime_call UncommonTrapBlob}
  0x000001a787f38a8c: 244c 90e8 

  0x000001a787f38a90: ; ImmutableOopMap {[32]=Oop [48]=NarrowOop [64]=Oop [72]=NarrowOop [104]=Oop }
                      ;*aaload {reexecute=0 rethrow=0 return_oop=0}
                      ; - java.security.CodeSource::getCertificates@50
                      ; - java.lang.ClassLoader::postDefineClass@24
                      ; - java.lang.ClassLoader::defineClass@37
  0x000001a787f38a90: 6cbb 64ff 

  0x000001a787f38a94: ;   {other}
  0x000001a787f38a94: 0f1f 8400 | 042f 004e | ba37 0100 | 0048 8be9 | 4c8b 9424 | 8800 0000 | 4c89 5424 | 204c 8b54 
  0x000001a787f38ab4: 2430 4c89 | 5424 2844 | 8b54 2438 | 4489 5424 | 3089 7424 

  0x000001a787f38ac8: ;   {runtime_call UncommonTrapBlob}
  0x000001a787f38ac8: 3466 90e8 

  0x000001a787f38acc: ; ImmutableOopMap {rbp=Oop [32]=Oop [40]=Oop }
                      ;*new {reexecute=0 rethrow=0 return_oop=0}
                      ; - java.lang.ClassLoader::preDefineClass@56
                      ; - java.lang.ClassLoader::defineClass@4
  0x000001a787f38acc: 30bb 64ff 

  0x000001a787f38ad0: ;   {other}
  0x000001a787f38ad0: 0f1f 8400 | 402f 004f | bac6 ffff | ff4c 8b5c | 2440 4c89 | 5c24 3048 | 895c 2438 | 4489 4c24 
  0x000001a787f38af0: 4844 8944 | 244c 4489 | 5424 5048 | 894c 2458 

  0x000001a787f38b00: ;   {runtime_call UncommonTrapBlob}
  0x000001a787f38b00: 6666 90e8 

  0x000001a787f38b04: ; ImmutableOopMap {[48]=Oop [56]=Oop [72]=NarrowOop [76]=NarrowOop [88]=Oop [104]=Oop }
                      ;*invokevirtual find {reexecute=0 rethrow=0 return_oop=0}
                      ; - java.util.concurrent.ConcurrentHashMap::get@93
                      ; - java.lang.ClassLoader::getNamedPackage@5
                      ; - java.lang.ClassLoader::postDefineClass@9
                      ; - java.lang.ClassLoader::defineClass@37
  0x000001a787f38b04: f8ba 64ff 

  0x000001a787f38b08: ;   {other}
  0x000001a787f38b08: 0f1f 8400 | 782f 0050 | ba76 ffff | ff48 8b6c | 2428 4c8b | 5c24 304c | 895c 2428 | 448b 4424 
  0x000001a787f38b28: 3844 8944 | 2430 448b | 4424 3c44 | 8944 2434 | 4c8b 5c24 | 404c 895c | 2438 4889 | 5c24 4848 
  0x000001a787f38b48: 897c 2458 | 4489 5424 

  0x000001a787f38b50: ;   {runtime_call UncommonTrapBlob}
  0x000001a787f38b50: 6466 90e8 

  0x000001a787f38b54: ; ImmutableOopMap {rbp=Oop [40]=Oop [56]=Oop [72]=Oop [88]=Oop [136]=Oop }
                      ;*if_icmpge {reexecute=1 rethrow=0 return_oop=0}
                      ; - (reexecute) java.lang.ClassLoader::compareCerts@40
                      ; - java.lang.ClassLoader::checkCerts@80
                      ; - java.lang.ClassLoader::preDefineClass@113
                      ; - java.lang.ClassLoader::defineClass@4
  0x000001a787f38b54: a8ba 64ff 

  0x000001a787f38b58: ;   {other}
  0x000001a787f38b58: 0f1f 8400 | c82f 0051 | 498b d749 | ba70 ee73 | 44fb 7f00 | 0041 ffd2 

  0x000001a787f38b70: ;   {other}
  0x000001a787f38b70: 0f1f 8400 | 0000 0000 | e986 e6ff | ff49 8bd7 | 49ba 70ee | 7344 fb7f | 0000 41ff 

  0x000001a787f38b8c: ;   {other}
  0x000001a787f38b8c: d20f 1f84 | 0000 0000 | 00e9 a3ea | ffff baf6 

  0x000001a787f38b9c: ;   {runtime_call UncommonTrapBlob}
  0x000001a787f38b9c: ffff ffe8 

  0x000001a787f38ba0: ; ImmutableOopMap {}
                      ;*invokevirtual clone {reexecute=1 rethrow=0 return_oop=0}
                      ; - (reexecute) java.security.CodeSource::getCertificates@86
                      ; - java.lang.ClassLoader::checkCerts@34
                      ; - java.lang.ClassLoader::preDefineClass@113
                      ; - java.lang.ClassLoader::defineClass@4
  0x000001a787f38ba0: 5cba 64ff 

  0x000001a787f38ba4: ;   {other}
  0x000001a787f38ba4: 0f1f 8400 | 1430 0052 | baf6 ffff 

  0x000001a787f38bb0: ;   {runtime_call UncommonTrapBlob}
  0x000001a787f38bb0: ff66 90e8 

  0x000001a787f38bb4: ; ImmutableOopMap {}
                      ;*invokevirtual clone {reexecute=1 rethrow=0 return_oop=0}
                      ; - (reexecute) java.security.CodeSource::getCertificates@86
                      ; - java.lang.ClassLoader::postDefineClass@24
                      ; - java.lang.ClassLoader::defineClass@37
  0x000001a787f38bb4: 48ba 64ff 

  0x000001a787f38bb8: ;   {other}
  0x000001a787f38bb8: 0f1f 8400 | 2830 0053 | bade ffff | ff48 8b6c | 2428 4c8b | 5424 304c | 8954 2428 | 448b 5424 
  0x000001a787f38bd8: 3844 8954 | 2430 448b | 5c24 3c44 | 895c 2434 | 4c8b 5424 | 404c 8954 | 2438 4c8b | 5424 484c 
  0x000001a787f38bf8: 8954 2440 | 4889 4424 

  0x000001a787f38c00: ;   {runtime_call UncommonTrapBlob}
  0x000001a787f38c00: 5866 90e8 

  0x000001a787f38c04: ; ImmutableOopMap {rbp=Oop [40]=Oop [56]=Oop [64]=Oop [88]=Oop [96]=Oop [136]=Oop }
                      ;*checkcast {reexecute=0 rethrow=0 return_oop=0}
                      ; - java.lang.ClassLoader::checkCerts@65
                      ; - java.lang.ClassLoader::preDefineClass@113
                      ; - java.lang.ClassLoader::defineClass@4
  0x000001a787f38c04: f8b9 64ff 

  0x000001a787f38c08: ;   {other}
  0x000001a787f38c08: 0f1f 8400 | 7830 0054 | bade ffff | ff44 8b54 | 2438 4489 | 5424 2044 | 8b5c 243c | 4489 5c24 
  0x000001a787f38c28: 384c 8b54 | 2460 4c89 | 5424 5848 | 8944 2460 

  0x000001a787f38c38: ;   {runtime_call UncommonTrapBlob}
  0x000001a787f38c38: 6666 90e8 

  0x000001a787f38c3c: ; ImmutableOopMap {rbp=Oop [36]=NarrowOop [40]=Oop [48]=Oop [64]=Oop [72]=Oop [88]=Oop [96]=Oop }
                      ;*checkcast {reexecute=0 rethrow=0 return_oop=0}
                      ; - java.security.CodeSource::getCertificates@76
                      ; - java.lang.ClassLoader::checkCerts@34
                      ; - java.lang.ClassLoader::preDefineClass@113
                      ; - java.lang.ClassLoader::defineClass@4
  0x000001a787f38c3c: c0b9 64ff 

  0x000001a787f38c40: ;   {other}
  0x000001a787f38c40: 0f1f 8400 | b030 0055 | bade ffff | ff48 8944 

  0x000001a787f38c50: ;   {runtime_call UncommonTrapBlob}
  0x000001a787f38c50: 2440 90e8 

  0x000001a787f38c54: ; ImmutableOopMap {rbp=NarrowOop [40]=Oop [48]=Oop [64]=Oop }
                      ;*checkcast {reexecute=0 rethrow=0 return_oop=0}
                      ; - java.security.CodeSource::getCertificates@76
                      ; - java.lang.ClassLoader::postDefineClass@24
                      ; - java.lang.ClassLoader::defineClass@37
  0x000001a787f38c54: a8b9 64ff 

  0x000001a787f38c58: ;   {other}
  0x000001a787f38c58: 0f1f 8400 | c830 0056 | baf6 ffff 

  0x000001a787f38c64: ;   {runtime_call UncommonTrapBlob}
  0x000001a787f38c64: ff66 90e8 

  0x000001a787f38c68: ; ImmutableOopMap {}
                      ;*arraylength {reexecute=0 rethrow=0 return_oop=0}
                      ; - java.lang.String::isEmpty@4
                      ; - java.lang.ClassLoader::checkName@5
                      ; - java.lang.ClassLoader::preDefineClass@1
                      ; - java.lang.ClassLoader::defineClass@4
  0x000001a787f38c68: 94b9 64ff 

  0x000001a787f38c6c: ;   {other}
  0x000001a787f38c6c: 0f1f 8400 | dc30 0057 | baf6 ffff 

  0x000001a787f38c78: ;   {runtime_call UncommonTrapBlob}
  0x000001a787f38c78: ff66 90e8 

  0x000001a787f38c7c: ; ImmutableOopMap {}
                      ;*invokevirtual getPackageName {reexecute=0 rethrow=0 return_oop=0}
                      ; - java.lang.ClassLoader::postDefineClass@2
                      ; - java.lang.ClassLoader::defineClass@37
  0x000001a787f38c7c: 80b9 64ff 

  0x000001a787f38c80: ;   {other}
  0x000001a787f38c80: 0f1f 8400 | f030 0058 | baf6 ffff 

  0x000001a787f38c8c: ;   {runtime_call UncommonTrapBlob}
  0x000001a787f38c8c: ff66 90e8 

  0x000001a787f38c90: ; ImmutableOopMap {}
                      ;*invokevirtual hashCode {reexecute=0 rethrow=0 return_oop=0}
                      ; - java.util.concurrent.ConcurrentHashMap::get@1
                      ; - java.lang.ClassLoader::getNamedPackage@5
                      ; - java.lang.ClassLoader::postDefineClass@9
                      ; - java.lang.ClassLoader::defineClass@37
  0x000001a787f38c90: 6cb9 64ff 

  0x000001a787f38c94: ;   {other}
  0x000001a787f38c94: 0f1f 8400 | 0431 0059 | 4d85 d244 | 8b5c 2420 | 410f 94c3 | ba45 ffff | ff48 8944 | 2430 4c8b 
  0x000001a787f38cb4: 5424 404c | 8954 2438 | 4889 4424 | 4044 895c 

  0x000001a787f38cc4: ;   {runtime_call UncommonTrapBlob}
  0x000001a787f38cc4: 2448 90e8 

  0x000001a787f38cc8: ; ImmutableOopMap {[40]=Oop [48]=Oop [56]=Oop [64]=Oop }
                      ;*ifeq {reexecute=1 rethrow=0 return_oop=0}
                      ; - (reexecute) java.lang.Class::getPackageName@29
                      ; - java.lang.ClassLoader::postDefineClass@2
                      ; - java.lang.ClassLoader::defineClass@37
  0x000001a787f38cc8: 34b9 64ff 

  0x000001a787f38ccc: ;   {other}
  0x000001a787f38ccc: 0f1f 8400 | 3c31 005a | baf6 ffff 

  0x000001a787f38cd8: ;   {runtime_call UncommonTrapBlob}
  0x000001a787f38cd8: ff66 90e8 

  0x000001a787f38cdc: ; ImmutableOopMap {}
                      ;*arraylength {reexecute=0 rethrow=0 return_oop=0}
                      ; - java.lang.String::length@4
                      ; - java.lang.String::lastIndexOf@3
                      ; - java.lang.Class::getPackageName@47
                      ; - java.lang.ClassLoader::postDefineClass@2
                      ; - java.lang.ClassLoader::defineClass@37
  0x000001a787f38cdc: 20b9 64ff 

  0x000001a787f38ce0: ;   {other}
  0x000001a787f38ce0: 0f1f 8400 | 5031 005b | ba45 ffff | ff48 8b6c | 2428 4c89 | 4424 484c | 8944 2450 

  0x000001a787f38cfc: ;   {runtime_call UncommonTrapBlob}
  0x000001a787f38cfc: 6666 90e8 

  0x000001a787f38d00: ; ImmutableOopMap {rbp=Oop [48]=Oop [64]=Oop [72]=Oop [80]=Oop }
                      ;*ifnull {reexecute=1 rethrow=0 return_oop=0}
                      ; - (reexecute) java.lang.ClassLoader::checkName@1
                      ; - java.lang.ClassLoader::preDefineClass@1
                      ; - java.lang.ClassLoader::defineClass@4
  0x000001a787f38d00: fcb8 64ff 

  0x000001a787f38d04: ;   {other}
  0x000001a787f38d04: 0f1f 8400 | 7431 005c | ba45 ffff | ff48 8b6c | 2428 4c8b | 9424 8800 | 0000 4c89 | 5424 204c 
  0x000001a787f38d24: 8b54 2430 | 4c89 5424 | 2844 8b5c | 2438 4489 | 5c24 3089 | 7424 3448 | 895c 2438 

  0x000001a787f38d40: ;   {runtime_call UncommonTrapBlob}
  0x000001a787f38d40: 6666 90e8 

  0x000001a787f38d44: ; ImmutableOopMap {rbp=Oop [32]=Oop [40]=Oop [56]=Oop [64]=Oop }
                      ;*ifnonnull {reexecute=1 rethrow=0 return_oop=0}
                      ; - (reexecute) java.lang.ClassLoader::preDefineClass@95
                      ; - java.lang.ClassLoader::defineClass@4
  0x000001a787f38d44: b8b8 64ff 

  0x000001a787f38d48: ;   {other}
  0x000001a787f38d48: 0f1f 8400 | b831 005d | ba45 ffff | ff48 8b6c | 2428 4c8b | 9424 8800 | 0000 4c89 | 5424 204c 
  0x000001a787f38d68: 8b54 2430 | 4c89 5424 | 2844 8b5c | 2438 4489 | 5c24 3044 | 8b5c 243c | 4489 5c24 | 344c 8b54 
  0x000001a787f38d88: 2440 4c89 | 5424 3848 | 895c 2440 | 4889 7c24 | 5844 8974 

  0x000001a787f38d9c: ;   {runtime_call UncommonTrapBlob}
  0x000001a787f38d9c: 2454 90e8 

  0x000001a787f38da0: ; ImmutableOopMap {rbp=Oop [32]=Oop [40]=Oop [56]=Oop [64]=Oop [84]=NarrowOop [88]=Oop }
                      ;*ifnull {reexecute=1 rethrow=0 return_oop=0}
                      ; - (reexecute) java.lang.ClassLoader::checkCerts@30
                      ; - java.lang.ClassLoader::preDefineClass@113
                      ; - java.lang.ClassLoader::defineClass@4
  0x000001a787f38da0: 5cb8 64ff 

  0x000001a787f38da4: ;   {other}
  0x000001a787f38da4: 0f1f 8400 | 1432 005e | ba45 ffff | ff48 8b6c | 2428 4c8b | 4424 304c | 8944 2428 | 448b 4c24 
  0x000001a787f38dc4: 3844 894c | 2430 448b | 4424 3c44 | 8944 2434 | 4c89 5424 | 3844 895c 

  0x000001a787f38ddc: ;   {runtime_call UncommonTrapBlob}
  0x000001a787f38ddc: 2444 90e8 

  0x000001a787f38de0: ; ImmutableOopMap {rbp=Oop [40]=Oop [56]=Oop [68]=NarrowOop [136]=Oop }
                      ;*ifnull {reexecute=1 rethrow=0 return_oop=0}
                      ; - (reexecute) java.lang.ClassLoader::defineClassSourceLocation@8
                      ; - java.lang.ClassLoader::defineClass@12
  0x000001a787f38de0: 1cb8 64ff 

  0x000001a787f38de4: ;   {other}
  0x000001a787f38de4: 0f1f 8400 | 5432 005f | ba45 ffff | ff4c 8b5c | 2428 4c89 

  0x000001a787f38df8: ;   {runtime_call UncommonTrapBlob}
  0x000001a787f38df8: 5c24 20e8 

  0x000001a787f38dfc: ; ImmutableOopMap {rbp=NarrowOop [32]=Oop [48]=Oop [64]=Oop [136]=Oop }
                      ;*ifnull {reexecute=1 rethrow=0 return_oop=0}
                      ; - (reexecute) java.lang.ClassLoader::defineClassSourceLocation@15
                      ; - java.lang.ClassLoader::defineClass@12
  0x000001a787f38dfc: 00b8 64ff 

  0x000001a787f38e00: ;   {other}
  0x000001a787f38e00: 0f1f 8400 | 7032 0060 | ba45 ffff | ff44 894c 

  0x000001a787f38e10: ;   {runtime_call UncommonTrapBlob}
  0x000001a787f38e10: 2420 90e8 

  0x000001a787f38e14: ; ImmutableOopMap {[32]=NarrowOop [104]=Oop }
                      ;*ifnull {reexecute=1 rethrow=0 return_oop=0}
                      ; - (reexecute) java.lang.ClassLoader::postDefineClass@17
                      ; - java.lang.ClassLoader::defineClass@37
  0x000001a787f38e14: e8b7 64ff 

  0x000001a787f38e18: ;   {other}
  0x000001a787f38e18: 0f1f 8400 | 8832 0061 | baf6 ffff 

  0x000001a787f38e24: ;   {runtime_call UncommonTrapBlob}
  0x000001a787f38e24: ff8b e9e8 

  0x000001a787f38e28: ; ImmutableOopMap {}
                      ;*aaload {reexecute=0 rethrow=0 return_oop=0}
                      ; - java.security.CodeSource::getCertificates@50
                      ; - java.lang.ClassLoader::checkCerts@34
                      ; - java.lang.ClassLoader::preDefineClass@113
                      ; - java.lang.ClassLoader::defineClass@4
  0x000001a787f38e28: d4b7 64ff 

  0x000001a787f38e2c: ;   {other}
  0x000001a787f38e2c: 0f1f 8400 | 9c32 0062 | baf6 ffff 

  0x000001a787f38e38: ;   {runtime_call UncommonTrapBlob}
  0x000001a787f38e38: ff66 90e8 

  0x000001a787f38e3c: ; ImmutableOopMap {}
                      ;*invokevirtual getSignerCertPath {reexecute=0 rethrow=0 return_oop=0}
                      ; - java.security.CodeSource::getCertificates@51
                      ; - java.lang.ClassLoader::checkCerts@34
                      ; - java.lang.ClassLoader::preDefineClass@113
                      ; - java.lang.ClassLoader::defineClass@4
  0x000001a787f38e3c: c0b7 64ff 

  0x000001a787f38e40: ;   {other}
  0x000001a787f38e40: 0f1f 8400 | b032 0063 | baf6 ffff 

  0x000001a787f38e4c: ;   {runtime_call UncommonTrapBlob}
  0x000001a787f38e4c: ff66 90e8 

  0x000001a787f38e50: ; ImmutableOopMap {}
                      ;*invokevirtual getCertificates {reexecute=0 rethrow=0 return_oop=0}
                      ; - java.security.CodeSource::getCertificates@54
                      ; - java.lang.ClassLoader::checkCerts@34
                      ; - java.lang.ClassLoader::preDefineClass@113
                      ; - java.lang.ClassLoader::defineClass@4
  0x000001a787f38e50: acb7 64ff 

  0x000001a787f38e54: ;   {other}
  0x000001a787f38e54: 0f1f 8400 | c432 0064 | baf6 ffff 

  0x000001a787f38e60: ;   {runtime_call UncommonTrapBlob}
  0x000001a787f38e60: ff66 90e8 

  0x000001a787f38e64: ; ImmutableOopMap {}
                      ;*arraylength {reexecute=0 rethrow=0 return_oop=0}
                      ; - java.security.CodeSource::getCertificates@40
                      ; - java.lang.ClassLoader::checkCerts@34
                      ; - java.lang.ClassLoader::preDefineClass@113
                      ; - java.lang.ClassLoader::defineClass@4
  0x000001a787f38e64: 98b7 64ff 

  0x000001a787f38e68: ;   {other}
  0x000001a787f38e68: 0f1f 8400 | d832 0065 | baf6 ffff | ff41 8be8 

  0x000001a787f38e78: ;   {runtime_call UncommonTrapBlob}
  0x000001a787f38e78: 6666 90e8 

  0x000001a787f38e7c: ; ImmutableOopMap {}
                      ;*aaload {reexecute=0 rethrow=0 return_oop=0}
                      ; - java.security.CodeSource::getCertificates@50
                      ; - java.lang.ClassLoader::postDefineClass@24
                      ; - java.lang.ClassLoader::defineClass@37
  0x000001a787f38e7c: 80b7 64ff 

  0x000001a787f38e80: ;   {other}
  0x000001a787f38e80: 0f1f 8400 | f032 0066 | baf6 ffff 

  0x000001a787f38e8c: ;   {runtime_call UncommonTrapBlob}
  0x000001a787f38e8c: ff66 90e8 

  0x000001a787f38e90: ; ImmutableOopMap {}
                      ;*invokevirtual getSignerCertPath {reexecute=0 rethrow=0 return_oop=0}
                      ; - java.security.CodeSource::getCertificates@51
                      ; - java.lang.ClassLoader::postDefineClass@24
                      ; - java.lang.ClassLoader::defineClass@37
  0x000001a787f38e90: 6cb7 64ff 

  0x000001a787f38e94: ;   {other}
  0x000001a787f38e94: 0f1f 8400 | 0433 0067 | baf6 ffff 

  0x000001a787f38ea0: ;   {runtime_call UncommonTrapBlob}
  0x000001a787f38ea0: ff66 90e8 

  0x000001a787f38ea4: ; ImmutableOopMap {}
                      ;*invokevirtual getCertificates {reexecute=0 rethrow=0 return_oop=0}
                      ; - java.security.CodeSource::getCertificates@54
                      ; - java.lang.ClassLoader::postDefineClass@24
                      ; - java.lang.ClassLoader::defineClass@37
  0x000001a787f38ea4: 58b7 64ff 

  0x000001a787f38ea8: ;   {other}
  0x000001a787f38ea8: 0f1f 8400 | 1833 0068 | baf6 ffff 

  0x000001a787f38eb4: ;   {runtime_call UncommonTrapBlob}
  0x000001a787f38eb4: ff66 90e8 

  0x000001a787f38eb8: ; ImmutableOopMap {}
                      ;*arraylength {reexecute=0 rethrow=0 return_oop=0}
                      ; - java.security.CodeSource::getCertificates@40
                      ; - java.lang.ClassLoader::postDefineClass@24
                      ; - java.lang.ClassLoader::defineClass@37
  0x000001a787f38eb8: 44b7 64ff 

  0x000001a787f38ebc: ;   {other}
  0x000001a787f38ebc: 0f1f 8400 | 2c33 0069 | ba97 ffff | ff4c 8b54 | 2460 4c89 

  0x000001a787f38ed0: ;   {runtime_call UncommonTrapBlob}
  0x000001a787f38ed0: 5424 50e8 

  0x000001a787f38ed4: ; ImmutableOopMap {rbp=NarrowOop [32]=Oop [40]=Oop [48]=Oop [64]=Oop [76]=NarrowOop [80]=Oop [104]=Oop }
                      ;*invokevirtual clone {reexecute=1 rethrow=0 return_oop=0}
                      ; - (reexecute) java.util.Arrays::copyOfRange@18
                      ; - java.lang.StringLatin1::newString@16
                      ; - java.lang.String::substring@41
                      ; - java.lang.ClassLoader::checkCerts@21
                      ; - java.lang.ClassLoader::preDefineClass@113
                      ; - java.lang.ClassLoader::defineClass@4
  0x000001a787f38ed4: 28b7 64ff 

  0x000001a787f38ed8: ;   {other}
  0x000001a787f38ed8: 0f1f 8400 | 4833 006a | ba97 ffff | ff4c 8b54 | 2430 4c89 

  0x000001a787f38eec: ;   {runtime_call UncommonTrapBlob}
  0x000001a787f38eec: 5424 20e8 

  0x000001a787f38ef0: ; ImmutableOopMap {rbp=NarrowOop [32]=Oop [40]=Oop [56]=Oop [64]=Oop }
                      ;*invokevirtual clone {reexecute=1 rethrow=0 return_oop=0}
                      ; - (reexecute) java.util.Arrays::copyOfRange@18
                      ; - java.lang.StringLatin1::newString@16
                      ; - java.lang.String::substring@41
                      ; - java.lang.Class::getPackageName@62
                      ; - java.lang.ClassLoader::postDefineClass@2
                      ; - java.lang.ClassLoader::defineClass@37
  0x000001a787f38ef0: 0cb7 64ff 

  0x000001a787f38ef4: ;   {other}
  0x000001a787f38ef4: 0f1f 8400 | 6433 006b | baf4 ffff | ff44 8b54 | 2438 4489 | 5424 2044 | 8b5c 243c | 4489 5c24 
  0x000001a787f38f14: ;   {runtime_call UncommonTrapBlob}
  0x000001a787f38f14: 3866 90e8 

  0x000001a787f38f18: ; ImmutableOopMap {rbp=Oop [36]=NarrowOop [40]=Oop [48]=Oop [64]=Oop [72]=Oop [96]=Oop }
                      ;*checkcast {reexecute=0 rethrow=0 return_oop=0}
                      ; - java.security.CodeSource::getCertificates@76
                      ; - java.lang.ClassLoader::checkCerts@34
                      ; - java.lang.ClassLoader::preDefineClass@113
                      ; - java.lang.ClassLoader::defineClass@4
  0x000001a787f38f18: e4b6 64ff 

  0x000001a787f38f1c: ;   {other}
  0x000001a787f38f1c: 0f1f 8400 | 8c33 006c | baf4 ffff 

  0x000001a787f38f28: ;   {runtime_call UncommonTrapBlob}
  0x000001a787f38f28: ff66 90e8 

  0x000001a787f38f2c: ; ImmutableOopMap {rbp=NarrowOop [40]=Oop [48]=Oop }
                      ;*checkcast {reexecute=0 rethrow=0 return_oop=0}
                      ; - java.security.CodeSource::getCertificates@76
                      ; - java.lang.ClassLoader::postDefineClass@24
                      ; - java.lang.ClassLoader::defineClass@37
  0x000001a787f38f2c: d0b6 64ff 

  0x000001a787f38f30: ;   {other}
  0x000001a787f38f30: 0f1f 8400 | a033 006d | ba97 ffff | ff48 8b6c | 2428 4c8b | 5424 304c | 8954 2428 | 448b 5c24 
  0x000001a787f38f50: 3844 895c | 2430 448b | 5424 3c44 | 8954 2434 | 4c8b 5424 | 404c 8954 | 2438 4c8b | 5424 504c 
  0x000001a787f38f70: 8954 2440 

  0x000001a787f38f74: ;   {runtime_call UncommonTrapBlob}
  0x000001a787f38f74: 6666 90e8 

  0x000001a787f38f78: ; ImmutableOopMap {rbp=Oop [32]=Oop [40]=Oop [56]=Oop [64]=Oop [76]=NarrowOop [88]=Oop }
                      ;*invokevirtual clone {reexecute=1 rethrow=0 return_oop=0}
                      ; - (reexecute) java.security.CodeSource::getCertificates@11
                      ; - java.lang.ClassLoader::checkCerts@34
                      ; - java.lang.ClassLoader::preDefineClass@113
                      ; - java.lang.ClassLoader::defineClass@4
  0x000001a787f38f78: 84b6 64ff 

  0x000001a787f38f7c: ;   {other}
  0x000001a787f38f7c: 0f1f 8400 | ec33 006e | ba97 ffff 

  0x000001a787f38f88: ;   {runtime_call UncommonTrapBlob}
  0x000001a787f38f88: ff66 90e8 

  0x000001a787f38f8c: ; ImmutableOopMap {[32]=Oop [48]=NarrowOop [104]=Oop }
                      ;*invokevirtual clone {reexecute=1 rethrow=0 return_oop=0}
                      ; - (reexecute) java.security.CodeSource::getCertificates@11
                      ; - java.lang.ClassLoader::postDefineClass@24
                      ; - java.lang.ClassLoader::defineClass@37
  0x000001a787f38f8c: 70b6 64ff 

  0x000001a787f38f90: ;   {other}
  0x000001a787f38f90: 0f1f 8400 | 0034 006f | ba97 ffff | ff4c 8b54 | 2428 4c89 | 5424 204c | 8b54 2430 | 4c89 5424 
  0x000001a787f38fb0: 2844 8b54 | 2438 4489 | 5424 3044 | 8b5c 243c | 4489 5c24 | 344c 8b54 | 2440 4c89 | 5424 384c 
  0x000001a787f38fd0: 8b54 2448 | 4c89 5424 

  0x000001a787f38fd8: ;   {runtime_call UncommonTrapBlob}
  0x000001a787f38fd8: 4066 90e8 

  0x000001a787f38fdc: ; ImmutableOopMap {rbp=Oop [32]=Oop [40]=Oop [56]=Oop [64]=Oop [96]=Oop [104]=Oop }
                      ;*invokevirtual clone {reexecute=1 rethrow=0 return_oop=0}
                      ; - (reexecute) java.security.CodeSource::getCertificates@86
                      ; - java.lang.ClassLoader::checkCerts@34
                      ; - java.lang.ClassLoader::preDefineClass@113
                      ; - java.lang.ClassLoader::defineClass@4
  0x000001a787f38fdc: 20b6 64ff 

  0x000001a787f38fe0: ;   {other}
  0x000001a787f38fe0: 0f1f 8400 | 5034 0070 | ba97 ffff | ff48 8b6c | 2430 4c8b | 5424 284c | 8954 2420 

  0x000001a787f38ffc: ;   {runtime_call UncommonTrapBlob}
  0x000001a787f38ffc: 6666 90e8 

  0x000001a787f39000: ; ImmutableOopMap {rbp=Oop [32]=Oop [64]=Oop }
                      ;*invokevirtual clone {reexecute=1 rethrow=0 return_oop=0}
                      ; - (reexecute) java.security.CodeSource::getCertificates@86
                      ; - java.lang.ClassLoader::postDefineClass@24
                      ; - java.lang.ClassLoader::defineClass@37
  0x000001a787f39000: fcb5 64ff 

  0x000001a787f39004: ;   {other}
  0x000001a787f39004: 0f1f 8400 | 7434 0071 | eb29 eb27 | eb2a eb28 | 488b d0eb | 5748 8bd0 | eb52 eb4d | 488b d0eb 
  0x000001a787f39024: 4beb 4648 | 8bd0 eb44 | eb09 eb0c | eb3b 488b | d0eb 3948 | 8bd0 eb34 | 488b d0eb | 2feb 0048 
  0x000001a787f39044: 8bd0 eb28 | eb23 488b | d0eb 21eb | 1ceb 1aeb | 18eb 16eb | 1448 8bd0 | eb12 488b | d0eb 0d48 
  0x000001a787f39064: 8bd0 eb08 | 488b d0eb | 0348 8bd0 | 4881 c4d0 | 0000 005d 

  0x000001a787f39078: ;   {runtime_call _rethrow_Java}
  0x000001a787f39078: e983 c670 

  0x000001a787f3907c: ;   {internal_word}
  0x000001a787f3907c: ff49 ba23 | 6cf3 87a7 | 0100 004d | 8997 6004 

  0x000001a787f3908c: ;   {runtime_call SafepointBlob}
  0x000001a787f3908c: 0000 e96d 

  0x000001a787f39090: ;   {runtime_call StubRoutines (final stubs)}
  0x000001a787f39090: c664 ffe8 | 880b 63ff | e9e1 cfff | fff4 f4f4 
[Stub Code]
  0x000001a787f390a0: ;   {no_reloc}
  0x000001a787f390a0: 48bb 0000 | 0000 0000 

  0x000001a787f390a8: ;   {runtime_call nmethod}
  0x000001a787f390a8: 0000 e9fb 

  0x000001a787f390ac: ;   {static_stub}
  0x000001a787f390ac: ffff ff48 | bb00 0000 | 0000 0000 

  0x000001a787f390b8: ;   {runtime_call nmethod}
  0x000001a787f390b8: 00e9 fbff 

  0x000001a787f390bc: ;   {static_stub}
  0x000001a787f390bc: ffff 48bb | 0000 0000 | 0000 0000 

  0x000001a787f390c8: ;   {runtime_call nmethod}
  0x000001a787f390c8: e9fb ffff 

  0x000001a787f390cc: ;   {static_stub}
  0x000001a787f390cc: ff48 bb00 | 0000 0000 

  0x000001a787f390d4: ;   {runtime_call nmethod}
  0x000001a787f390d4: 0000 00e9 | fbff ffff 

  0x000001a787f390dc: ;   {static_stub}
  0x000001a787f390dc: 48bb 0000 | 0000 0000 

  0x000001a787f390e4: ;   {runtime_call nmethod}
  0x000001a787f390e4: 0000 e9fb 

  0x000001a787f390e8: ;   {static_stub}
  0x000001a787f390e8: ffff ff48 | bb00 0000 | 0000 0000 

  0x000001a787f390f4: ;   {runtime_call nmethod}
  0x000001a787f390f4: 00e9 fbff 

  0x000001a787f390f8: ;   {static_stub}
  0x000001a787f390f8: ffff 48bb | 0000 0000 | 0000 0000 

  0x000001a787f39104: ;   {runtime_call nmethod}
  0x000001a787f39104: e9fb ffff 

  0x000001a787f39108: ;   {static_stub}
  0x000001a787f39108: ff48 bb00 | 0000 0000 

  0x000001a787f39110: ;   {runtime_call nmethod}
  0x000001a787f39110: 0000 00e9 | fbff ffff 

  0x000001a787f39118: ;   {static_stub}
  0x000001a787f39118: 48bb 0000 | 0000 0000 

  0x000001a787f39120: ;   {runtime_call nmethod}
  0x000001a787f39120: 0000 e9fb 

  0x000001a787f39124: ;   {static_stub}
  0x000001a787f39124: ffff ff48 | bb00 0000 | 0000 0000 

  0x000001a787f39130: ;   {runtime_call nmethod}
  0x000001a787f39130: 00e9 fbff 

  0x000001a787f39134: ;   {static_stub}
  0x000001a787f39134: ffff 48bb | 0000 0000 | 0000 0000 

  0x000001a787f39140: ;   {runtime_call nmethod}
  0x000001a787f39140: e9fb ffff 

  0x000001a787f39144: ;   {static_stub}
  0x000001a787f39144: ff48 bb00 | 0000 0000 

  0x000001a787f3914c: ;   {runtime_call nmethod}
  0x000001a787f3914c: 0000 00e9 | fbff ffff 

  0x000001a787f39154: ;   {static_stub}
  0x000001a787f39154: 48bb 0000 | 0000 0000 

  0x000001a787f3915c: ;   {runtime_call nmethod}
  0x000001a787f3915c: 0000 e9fb 

  0x000001a787f39160: ;   {static_stub}
  0x000001a787f39160: ffff ff48 | bb00 0000 | 0000 0000 

  0x000001a787f3916c: ;   {runtime_call nmethod}
  0x000001a787f3916c: 00e9 fbff 

  0x000001a787f39170: ;   {static_stub}
  0x000001a787f39170: ffff 48bb | 0000 0000 | 0000 0000 

  0x000001a787f3917c: ;   {runtime_call nmethod}
  0x000001a787f3917c: e9fb ffff 

  0x000001a787f39180: ;   {static_stub}
  0x000001a787f39180: ff48 bb00 | 0000 0000 

  0x000001a787f39188: ;   {runtime_call nmethod}
  0x000001a787f39188: 0000 00e9 | fbff ffff 

  0x000001a787f39190: ;   {static_stub}
  0x000001a787f39190: 48bb 0000 | 0000 0000 

  0x000001a787f39198: ;   {runtime_call nmethod}
  0x000001a787f39198: 0000 e9fb 

  0x000001a787f3919c: ;   {static_stub}
  0x000001a787f3919c: ffff ff48 | bb78 d410 | 8fa7 0100 

  0x000001a787f391a8: ;   {runtime_call I2C/C2I adapters}
  0x000001a787f391a8: 00e9 b7ec 

  0x000001a787f391ac: ;   {static_stub}
  0x000001a787f391ac: 61ff 48bb | 0000 0000 | 0000 0000 

  0x000001a787f391b8: ;   {runtime_call nmethod}
  0x000001a787f391b8: e9fb ffff 

  0x000001a787f391bc: ;   {runtime_call ExceptionBlob}
  0x000001a787f391bc: ffe9 3e8c | 70ff e800 | 0000 0048 | 832c 2405 

  0x000001a787f391cc: ;   {runtime_call DeoptimizationBlob}
  0x000001a787f391cc: e9cf b764 | fff4 f4f4 | f4f4 f4f4 
[/MachCode]


Compiled method (c1) 30910 9977       3       java.security.SecureClassLoader::defineClass (16 bytes)
 total in heap  [0x000001a780ef6d90,0x000001a780ef7190] = 1024
 relocation     [0x000001a780ef6ef0,0x000001a780ef6f40] = 80
 main code      [0x000001a780ef6f40,0x000001a780ef7098] = 344
 stub code      [0x000001a780ef7098,0x000001a780ef70e8] = 80
 metadata       [0x000001a780ef70e8,0x000001a780ef70f0] = 8
 scopes data    [0x000001a780ef70f0,0x000001a780ef7138] = 72
 scopes pcs     [0x000001a780ef7138,0x000001a780ef7188] = 80
 dependencies   [0x000001a780ef7188,0x000001a780ef7190] = 8

[Constant Pool (empty)]

[MachCode]
[Entry Point]
  # {method} {0x000001a78f03d470} 'defineClass' '(Ljava/lang/String;[BIILjava/security/CodeSource;)Ljava/lang/Class;' in 'java/security/SecureClassLoader'
  # this:     rdx:rdx   = 'java/security/SecureClassLoader'
  # parm0:    r8:r8     = 'java/lang/String'
  # parm1:    r9:r9     = '[B'
  # parm2:    rdi       = int
  # parm3:    rsi       = int
  # parm4:    rcx:rcx   = 'java/security/CodeSource'
  #           [sp+0x80]  (sp of caller)
  0x000001a780ef6f40: 448b 5208 | 49c1 e203 

  0x000001a780ef6f48: ;   {runtime_call ic_miss_stub}
  0x000001a780ef6f48: 4c3b d00f | 852f 7868 | 0666 6666 | 0f1f 8400 | 0000 0000 | 6666 6690 
[Verified Entry Point]
  0x000001a780ef6f60: 8984 2400 | 80ff ff55 | 4883 ec70 | 4181 7f20 | 1300 0000 

  0x000001a780ef6f74: ;   {runtime_call StubRoutines (final stubs)}
  0x000001a780ef6f74: 7405 e8a5 

  0x000001a780ef6f78: ;   {metadata(method data for {method} {0x000001a78f03d470} 'defineClass' '(Ljava/lang/String;[BIILjava/security/CodeSource;)Ljava/lang/Class;' in 'java/security/SecureClassLoader')}
  0x000001a780ef6f78: 2c67 0648 | bb90 e49a | 8fa7 0100 | 008b 83cc | 0000 0083 | c002 8983 | cc00 0000 | 25fe 0700 
  0x000001a780ef6f98: 0085 c00f | 8496 0000 | 0089 7424 | 5c89 7c24 | 584c 894c | 2450 4c89 | 4424 4848 

  0x000001a780ef6fb4: ;   {metadata(method data for {method} {0x000001a78f03d470} 'defineClass' '(Ljava/lang/String;[BIILjava/security/CodeSource;)Ljava/lang/Class;' in 'java/security/SecureClassLoader')}
  0x000001a780ef6fb4: 8bda 48b8 | 90e4 9a8f | a701 0000 | 4883 8010 | 0100 0001 | 4c8b c148 | 8bc2 488b | d048 8944 
  0x000001a780ef6fd4: ;   {optimized virtual_call}
  0x000001a780ef6fd4: 2440 90e8 

  0x000001a780ef6fd8: ; ImmutableOopMap {[64]=Oop [72]=Oop [80]=Oop }
                      ;*invokevirtual getProtectionDomain {reexecute=0 rethrow=0 return_oop=0}
                      ; - java.security.SecureClassLoader::defineClass@9
  0x000001a780ef6fd8: 2416 ea06 

  0x000001a780ef6fdc: ;   {other}
  0x000001a780ef6fdc: 0f1f 8400 | 4c02 0000 | 488b 5424 

  0x000001a780ef6fe8: ;   {metadata(method data for {method} {0x000001a78f03d470} 'defineClass' '(Ljava/lang/String;[BIILjava/security/CodeSource;)Ljava/lang/Class;' in 'java/security/SecureClassLoader')}
  0x000001a780ef6fe8: 4049 b890 | e49a 8fa7 | 0100 0049 | 8380 4801 | 0000 014c | 8b44 2448 | 4c8b 4c24 | 508b 7c24 
  0x000001a780ef7008: 588b 7424 | 5c48 8bc8 | 488b 5424 

  0x000001a780ef7014: ;   {optimized virtual_call}
  0x000001a780ef7014: 4066 90e8 

  0x000001a780ef7018: ; ImmutableOopMap {}
                      ;*invokevirtual defineClass {reexecute=0 rethrow=0 return_oop=0}
                      ; - java.security.SecureClassLoader::defineClass@12
  0x000001a780ef7018: 44f0 0307 

  0x000001a780ef701c: ;   {other}
  0x000001a780ef701c: 0f1f 8400 | 8c02 0001 | 4883 c470 

  0x000001a780ef7028: ;   {poll_return}
  0x000001a780ef7028: 5d49 3ba7 | 4804 0000 | 0f87 2200 

  0x000001a780ef7034: ;   {metadata({method} {0x000001a78f03d470} 'defineClass' '(Ljava/lang/String;[BIILjava/security/CodeSource;)Ljava/lang/Class;' in 'java/security/SecureClassLoader')}
  0x000001a780ef7034: 0000 c349 | ba68 d403 | 8fa7 0100 | 004c 8954 | 2408 48c7 | 0424 ffff 

  0x000001a780ef704c: ;   {runtime_call counter_overflow Runtime1 stub}
  0x000001a780ef704c: ffff e82d 

  0x000001a780ef7050: ; ImmutableOopMap {rdx=Oop r8=Oop r9=Oop rcx=Oop }
                      ;*synchronization entry
                      ; - java.security.SecureClassLoader::defineClass@-1
  0x000001a780ef7050: 9874 06e9 | 49ff ffff 

  0x000001a780ef7058: ;   {internal_word}
  0x000001a780ef7058: 49ba 2970 | ef80 a701 | 0000 4d89 | 9760 0400 

  0x000001a780ef7068: ;   {runtime_call SafepointBlob}
  0x000001a780ef7068: 00e9 92e6 | 6806 498b | 87f8 0400 | 0049 c787 | f804 0000 | 0000 0000 | 49c7 8700 | 0500 0000 
  0x000001a780ef7088: 0000 0048 | 83c4 705d 

  0x000001a780ef7090: ;   {runtime_call unwind_exception Runtime1 stub}
  0x000001a780ef7090: e9eb 3774 | 06f4 f4f4 
[Stub Code]
  0x000001a780ef7098: ;   {no_reloc}
  0x000001a780ef7098: 48bb 0000 | 0000 0000 

  0x000001a780ef70a0: ;   {runtime_call nmethod}
  0x000001a780ef70a0: 0000 e9fb 

  0x000001a780ef70a4: ;   {static_stub}
  0x000001a780ef70a4: ffff ff48 | bb00 0000 | 0000 0000 

  0x000001a780ef70b0: ;   {runtime_call nmethod}
  0x000001a780ef70b0: 00e9 fbff 

  0x000001a780ef70b4: ;   {runtime_call handle_exception_from_callee Runtime1 stub}
  0x000001a780ef70b4: ffff e8c5 

  0x000001a780ef70b8: ;   {external_word}
  0x000001a780ef70b8: 6474 0648 | b940 ded5 | 44fb 7f00 | 0048 83e4 

  0x000001a780ef70c8: ;   {runtime_call}
  0x000001a780ef70c8: f048 b820 | 79a4 44fb | 7f00 00ff 

  0x000001a780ef70d4: ;   {section_word}
  0x000001a780ef70d4: d0f4 49ba | d670 ef80 | a701 0000 

  0x000001a780ef70e0: ;   {runtime_call DeoptimizationBlob}
  0x000001a780ef70e0: 4152 e9b9 | d868 06f4 
[/MachCode]


---------------  P R O C E S S  ---------------

Threads class SMR info:
_java_thread_list=0x000001a7968fb6d0, length=56, elements={
0x000001a7f51bc390, 0x000001a7ffc176a0, 0x000001a7ffc18700, 0x000001a7ffc315a0,
0x000001a7ffc31ff0, 0x000001a7ffc33260, 0x000001a7ffc00080, 0x000001a7ffc35f50,
0x000001a7ffc3e9f0, 0x000001a7ffd9c130, 0x000001a7fff15ee0, 0x000001a7949e2ab0,
0x000001a794a116a0, 0x000001a794a48b60, 0x000001a794a546e0, 0x000001a794a45540,
0x000001a794a460c0, 0x000001a794bf0bd0, 0x000001a794c12fe0, 0x000001a794a55ab0,
0x000001a794a55420, 0x000001a794a54d90, 0x000001a794a56140, 0x000001a794e1fdb0,
0x000001a794e1e370, 0x000001a794e245e0, 0x000001a794e22510, 0x000001a794e25300,
0x000001a794e20ad0, 0x000001a794e1f090, 0x000001a794e21160, 0x000001a794e22ba0,
0x000001a794e20440, 0x000001a794e217f0, 0x000001a794e25990, 0x000001a794e1ea00,
0x000001a794e21e80, 0x000001a794e238c0, 0x000001a798de4470, 0x000001a798de02d0,
0x000001a798de30c0, 0x000001a798de4b00, 0x000001a798de0ff0, 0x000001a798de5190,
0x000001a798de5820, 0x000001a798de5eb0, 0x000001a798de23a0, 0x000001a798de2a30,
0x000001a798de1680, 0x000001a798ddef20, 0x000001a798de6540, 0x000001a798ddf5b0,
0x000001a798de3750, 0x000001a798de1d10, 0x000001a798de0960, 0x000001a7993f41b0
}

Java Threads: ( => current thread )
  0x000001a7f51bc390 JavaThread "main"                              [_thread_blocked, id=11068, stack(0x00000056f5000000,0x00000056f5100000) (1024K)]
  0x000001a7ffc176a0 JavaThread "Reference Handler"          daemon [_thread_blocked, id=12400, stack(0x00000056f5800000,0x00000056f5900000) (1024K)]
  0x000001a7ffc18700 JavaThread "Finalizer"                  daemon [_thread_blocked, id=13052, stack(0x00000056f5900000,0x00000056f5a00000) (1024K)]
  0x000001a7ffc315a0 JavaThread "Signal Dispatcher"          daemon [_thread_blocked, id=20400, stack(0x00000056f5a00000,0x00000056f5b00000) (1024K)]
  0x000001a7ffc31ff0 JavaThread "Attach Listener"            daemon [_thread_blocked, id=9116, stack(0x00000056f5b00000,0x00000056f5c00000) (1024K)]
  0x000001a7ffc33260 JavaThread "Service Thread"             daemon [_thread_blocked, id=540, stack(0x00000056f5c00000,0x00000056f5d00000) (1024K)]
  0x000001a7ffc00080 JavaThread "Monitor Deflation Thread"   daemon [_thread_blocked, id=16552, stack(0x00000056f5d00000,0x00000056f5e00000) (1024K)]
  0x000001a7ffc35f50 JavaThread "C2 CompilerThread0"         daemon [_thread_blocked, id=13132, stack(0x00000056f5e00000,0x00000056f5f00000) (1024K)]
  0x000001a7ffc3e9f0 JavaThread "C1 CompilerThread0"         daemon [_thread_blocked, id=9368, stack(0x00000056f5f00000,0x00000056f6000000) (1024K)]
  0x000001a7ffd9c130 JavaThread "Common-Cleaner"             daemon [_thread_blocked, id=19668, stack(0x00000056f6000000,0x00000056f6100000) (1024K)]
  0x000001a7fff15ee0 JavaThread "Notification Thread"        daemon [_thread_blocked, id=1144, stack(0x00000056f6100000,0x00000056f6200000) (1024K)]
  0x000001a7949e2ab0 JavaThread "Daemon health stats"               [_thread_blocked, id=13508, stack(0x00000056f6800000,0x00000056f6900000) (1024K)]
  0x000001a794a116a0 JavaThread "Incoming local TCP Connector on port 52080"        [_thread_in_native, id=712, stack(0x00000056f6900000,0x00000056f6a00000) (1024K)]
  0x000001a794a48b60 JavaThread "Daemon periodic checks"            [_thread_blocked, id=6136, stack(0x00000056f6a00000,0x00000056f6b00000) (1024K)]
  0x000001a794a546e0 JavaThread "Daemon"                            [_thread_blocked, id=5044, stack(0x00000056f6b00000,0x00000056f6c00000) (1024K)]
  0x000001a794a45540 JavaThread "Handler for socket connection from /127.0.0.1:52080 to /127.0.0.1:52081"        [_thread_in_native, id=7196, stack(0x00000056f6c00000,0x00000056f6d00000) (1024K)]
  0x000001a794a460c0 JavaThread "Cancel handler"                    [_thread_blocked, id=20420, stack(0x00000056f6d00000,0x00000056f6e00000) (1024K)]
=>0x000001a794bf0bd0 JavaThread "Daemon worker"                     [_thread_in_vm, id=18404, stack(0x00000056f6e00000,0x00000056f6f00000) (1024K)]
  0x000001a794c12fe0 JavaThread "Asynchronous log dispatcher for DefaultDaemonConnection: socket connection from /127.0.0.1:52080 to /127.0.0.1:52081"        [_thread_blocked, id=14668, stack(0x00000056f6f00000,0x00000056f7000000) (1024K)]
  0x000001a794a55ab0 JavaThread "Stdin handler"                     [_thread_blocked, id=15544, stack(0x00000056f7000000,0x00000056f7100000) (1024K)]
  0x000001a794a55420 JavaThread "Daemon client event forwarder"        [_thread_blocked, id=17440, stack(0x00000056f7100000,0x00000056f7200000) (1024K)]
  0x000001a794a54d90 JavaThread "Cache worker for journal cache (C:\Users\Behnam-6.403\.gradle\caches\journal-1)"        [_thread_blocked, id=18636, stack(0x00000056f6300000,0x00000056f6400000) (1024K)]
  0x000001a794a56140 JavaThread "File lock request listener"        [_thread_in_native, id=4916, stack(0x00000056f7500000,0x00000056f7600000) (1024K)]
  0x000001a794e1fdb0 JavaThread "Cache worker for file hash cache (C:\Users\Behnam-6.403\.gradle\caches\8.11.1\fileHashes)"        [_thread_blocked, id=15440, stack(0x00000056f7600000,0x00000056f7700000) (1024K)]
  0x000001a794e1e370 JavaThread "Cache worker for file content cache (C:\Users\Behnam-6.403\.gradle\caches\8.11.1\fileContent)"        [_thread_blocked, id=19836, stack(0x00000056f7800000,0x00000056f7900000) (1024K)]
  0x000001a794e245e0 JavaThread "Cache worker for file hash cache (C:\Users\Behnam-6.403\AndroidStudioProjects\TenserPingX\.gradle\8.11.1\fileHashes)"        [_thread_blocked, id=5424, stack(0x00000056f7900000,0x00000056f7a00000) (1024K)]
  0x000001a794e22510 JavaThread "Cache worker for Build Output Cleanup Cache (C:\Users\Behnam-6.403\AndroidStudioProjects\TenserPingX\.gradle\buildOutputCleanup)"        [_thread_blocked, id=7828, stack(0x00000056f7b00000,0x00000056f7c00000) (1024K)]
  0x000001a794e25300 JavaThread "File watcher server"        daemon [_thread_in_native, id=18308, stack(0x00000056f7c00000,0x00000056f7d00000) (1024K)]
  0x000001a794e20ad0 JavaThread "File watcher consumer"      daemon [_thread_blocked, id=16836, stack(0x00000056f7d00000,0x00000056f7e00000) (1024K)]
  0x000001a794e1f090 JavaThread "Cache worker for checksums cache (C:\Users\Behnam-6.403\AndroidStudioProjects\TenserPingX\.gradle\8.11.1\checksums)"        [_thread_blocked, id=14384, stack(0x00000056f7e00000,0x00000056f7f00000) (1024K)]
  0x000001a794e21160 JavaThread "Cache worker for cache directory md-rule (C:\Users\Behnam-6.403\.gradle\caches\8.11.1\md-rule)"        [_thread_blocked, id=2204, stack(0x00000056f7f00000,0x00000056f8000000) (1024K)]
  0x000001a794e22ba0 JavaThread "Cache worker for cache directory md-supplier (C:\Users\Behnam-6.403\.gradle\caches\8.11.1\md-supplier)"        [_thread_blocked, id=17872, stack(0x00000056f8000000,0x00000056f8100000) (1024K)]
  0x000001a794e20440 JavaThread "Unconstrained build operations"        [_thread_blocked, id=5500, stack(0x00000056f7a00000,0x00000056f7b00000) (1024K)]
  0x000001a794e217f0 JavaThread "Unconstrained build operations Thread 2"        [_thread_blocked, id=9812, stack(0x00000056f8100000,0x00000056f8200000) (1024K)]
  0x000001a794e25990 JavaThread "Unconstrained build operations Thread 3"        [_thread_blocked, id=8560, stack(0x00000056f8200000,0x00000056f8300000) (1024K)]
  0x000001a794e1ea00 JavaThread "Unconstrained build operations Thread 4"        [_thread_blocked, id=17524, stack(0x00000056f8300000,0x00000056f8400000) (1024K)]
  0x000001a794e21e80 JavaThread "Unconstrained build operations Thread 5"        [_thread_blocked, id=18752, stack(0x00000056f8400000,0x00000056f8500000) (1024K)]
  0x000001a794e238c0 JavaThread "Unconstrained build operations Thread 6"        [_thread_blocked, id=14196, stack(0x00000056f8500000,0x00000056f8600000) (1024K)]
  0x000001a798de4470 JavaThread "Unconstrained build operations Thread 7"        [_thread_blocked, id=16580, stack(0x00000056f8600000,0x00000056f8700000) (1024K)]
  0x000001a798de02d0 JavaThread "Unconstrained build operations Thread 8"        [_thread_blocked, id=2644, stack(0x00000056f8800000,0x00000056f8900000) (1024K)]
  0x000001a798de30c0 JavaThread "Unconstrained build operations Thread 9"        [_thread_blocked, id=7632, stack(0x00000056f8900000,0x00000056f8a00000) (1024K)]
  0x000001a798de4b00 JavaThread "Unconstrained build operations Thread 10"        [_thread_blocked, id=14296, stack(0x00000056f8a00000,0x00000056f8b00000) (1024K)]
  0x000001a798de0ff0 JavaThread "Unconstrained build operations Thread 11"        [_thread_blocked, id=6456, stack(0x00000056f8b00000,0x00000056f8c00000) (1024K)]
  0x000001a798de5190 JavaThread "Unconstrained build operations Thread 12"        [_thread_blocked, id=5732, stack(0x00000056f8c00000,0x00000056f8d00000) (1024K)]
  0x000001a798de5820 JavaThread "Unconstrained build operations Thread 13"        [_thread_blocked, id=20228, stack(0x00000056f8d00000,0x00000056f8e00000) (1024K)]
  0x000001a798de5eb0 JavaThread "Unconstrained build operations Thread 14"        [_thread_blocked, id=17824, stack(0x00000056f8e00000,0x00000056f8f00000) (1024K)]
  0x000001a798de23a0 JavaThread "Unconstrained build operations Thread 15"        [_thread_blocked, id=13748, stack(0x00000056f8f00000,0x00000056f9000000) (1024K)]
  0x000001a798de2a30 JavaThread "Unconstrained build operations Thread 16"        [_thread_blocked, id=14208, stack(0x00000056f9000000,0x00000056f9100000) (1024K)]
  0x000001a798de1680 JavaThread "Unconstrained build operations Thread 17"        [_thread_blocked, id=5440, stack(0x00000056f9100000,0x00000056f9200000) (1024K)]
  0x000001a798ddef20 JavaThread "Unconstrained build operations Thread 18"        [_thread_blocked, id=6444, stack(0x00000056f9200000,0x00000056f9300000) (1024K)]
  0x000001a798de6540 JavaThread "Unconstrained build operations Thread 19"        [_thread_blocked, id=14752, stack(0x00000056f9300000,0x00000056f9400000) (1024K)]
  0x000001a798ddf5b0 JavaThread "Unconstrained build operations Thread 20"        [_thread_blocked, id=16968, stack(0x00000056f9400000,0x00000056f9500000) (1024K)]
  0x000001a798de3750 JavaThread "Unconstrained build operations Thread 21"        [_thread_blocked, id=13976, stack(0x00000056f9500000,0x00000056f9600000) (1024K)]
  0x000001a798de1d10 JavaThread "build event listener"              [_thread_blocked, id=19276, stack(0x00000056f7700000,0x00000056f7800000) (1024K)]
  0x000001a798de0960 JavaThread "Memory manager"                    [_thread_blocked, id=9544, stack(0x00000056f9600000,0x00000056f9700000) (1024K)]
  0x000001a7993f41b0 JavaThread "build event listener"              [_thread_blocked, id=18136, stack(0x00000056f8700000,0x00000056f8800000) (1024K)]
Total: 56

Other Threads:
  0x000001a7ffa3bbd0 VMThread "VM Thread"                           [id=17988, stack(0x00000056f5700000,0x00000056f5800000) (1024K)]
  0x000001a7ff9f2110 WatcherThread "VM Periodic Task Thread"        [id=15080, stack(0x00000056f5600000,0x00000056f5700000) (1024K)]
  0x000001a7f73c3650 WorkerThread "GC Thread#0"                     [id=17080, stack(0x00000056f5100000,0x00000056f5200000) (1024K)]
  0x000001a79330d290 WorkerThread "GC Thread#1"                     [id=8020, stack(0x00000056f6400000,0x00000056f6500000) (1024K)]
  0x000001a793499d10 WorkerThread "GC Thread#2"                     [id=11484, stack(0x00000056f6500000,0x00000056f6600000) (1024K)]
  0x000001a793d544a0 WorkerThread "GC Thread#3"                     [id=10396, stack(0x00000056f6600000,0x00000056f6700000) (1024K)]
  0x000001a793fdb260 WorkerThread "GC Thread#4"                     [id=13300, stack(0x00000056f6700000,0x00000056f6800000) (1024K)]
  0x000001a7947ca000 WorkerThread "GC Thread#5"                     [id=1332, stack(0x00000056f6200000,0x00000056f6300000) (1024K)]
  0x000001a794a7f310 WorkerThread "GC Thread#6"                     [id=6924, stack(0x00000056f7200000,0x00000056f7300000) (1024K)]
  0x000001a794a7f6b0 WorkerThread "GC Thread#7"                     [id=16224, stack(0x00000056f7300000,0x00000056f7400000) (1024K)]
  0x000001a7f73d4540 ConcurrentGCThread "G1 Main Marker"            [id=18160, stack(0x00000056f5200000,0x00000056f5300000) (1024K)]
  0x000001a7f73d50c0 WorkerThread "G1 Conc#0"                       [id=18384, stack(0x00000056f5300000,0x00000056f5400000) (1024K)]
  0x000001a794b5eeb0 WorkerThread "G1 Conc#1"                       [id=15312, stack(0x00000056f7400000,0x00000056f7500000) (1024K)]
  0x000001a7f743eb70 ConcurrentGCThread "G1 Refine#0"               [id=14408, stack(0x00000056f5400000,0x00000056f5500000) (1024K)]
  0x000001a7ff8b85e0 ConcurrentGCThread "G1 Service"                [id=13352, stack(0x00000056f5500000,0x00000056f5600000) (1024K)]
Total: 15

Threads with active compile tasks:
Total: 0

VM state: not at safepoint (normal execution)

VM Mutex/Monitor currently owned by a thread:  ([mutex/lock_event])
[0x00007ffb44fcc1a0] Metaspace_lock - owner thread: 0x000001a794bf0bd0

Heap address: 0x0000000080000000, size: 2048 MB, Compressed Oops mode: 32-bit

CDS archive(s) not mapped
Compressed class space mapped at: 0x0000000100000000-0x0000000140000000, reserved size: 1073741824
Narrow klass base: 0x0000000000000000, Narrow klass shift: 3, Narrow klass range: 0x140000000

GC Precious Log:
 CardTable entry size: 512
 Card Set container configuration: InlinePtr #cards 5 size 8 Array Of Cards #cards 12 size 40 Howl #buckets 4 coarsen threshold 1843 Howl Bitmap #cards 512 size 80 coarsen threshold 460 Card regions per heap region 1 cards per card region 2048
 CPUs: 8 total, 8 available
 Memory: 8173M
 Large Page Support: Disabled
 NUMA Support: Disabled
 Compressed Oops: Enabled (32-bit)
 Heap Region Size: 1M
 Heap Min Capacity: 8M
 Heap Initial Capacity: 128M
 Heap Max Capacity: 2G
 Pre-touch: Disabled
 Parallel Workers: 8
 Concurrent Workers: 2
 Concurrent Refinement Workers: 8
 Periodic GC: Disabled

Heap:
 garbage-first heap   total 155648K, used 110567K [0x0000000080000000, 0x0000000100000000)
  region size 1024K, 20 young (20480K), 2 survivors (2048K)
 Metaspace       used 93542K, committed 95552K, reserved 1179648K
  class space    used 12462K, committed 13440K, reserved 1048576K

Heap Regions: E=young(eden), S=young(survivor), O=old, HS=humongous(starts), HC=humongous(continues), CS=collection set, F=free, TAMS=top-at-mark-start, PB=parsable bottom
|   0|0x0000000080000000, 0x0000000080100000, 0x0000000080100000|100%| O|  |TAMS 0x0000000080000000| PB 0x0000000080000000| Untracked 
|   1|0x0000000080100000, 0x0000000080200000, 0x0000000080200000|100%|HS|  |TAMS 0x0000000080100000| PB 0x0000000080100000| Complete 
|   2|0x0000000080200000, 0x0000000080300000, 0x0000000080300000|100%|HC|  |TAMS 0x0000000080200000| PB 0x0000000080200000| Complete 
|   3|0x0000000080300000, 0x0000000080400000, 0x0000000080400000|100%|HC|  |TAMS 0x0000000080300000| PB 0x0000000080300000| Complete 
|   4|0x0000000080400000, 0x0000000080500000, 0x0000000080500000|100%| O|  |TAMS 0x0000000080400000| PB 0x0000000080400000| Untracked 
|   5|0x0000000080500000, 0x0000000080600000, 0x0000000080600000|100%| O|  |TAMS 0x0000000080500000| PB 0x0000000080500000| Untracked 
|   6|0x0000000080600000, 0x0000000080700000, 0x0000000080700000|100%| O|  |TAMS 0x0000000080600000| PB 0x0000000080600000| Untracked 
|   7|0x0000000080700000, 0x0000000080800000, 0x0000000080800000|100%|HS|  |TAMS 0x0000000080700000| PB 0x0000000080700000| Complete 
|   8|0x0000000080800000, 0x0000000080900000, 0x0000000080900000|100%| O|  |TAMS 0x0000000080800000| PB 0x0000000080800000| Untracked 
|   9|0x0000000080900000, 0x0000000080a00000, 0x0000000080a00000|100%| O|  |TAMS 0x0000000080900000| PB 0x0000000080900000| Untracked 
|  10|0x0000000080a00000, 0x0000000080b00000, 0x0000000080b00000|100%| O|  |TAMS 0x0000000080a00000| PB 0x0000000080a00000| Untracked 
|  11|0x0000000080b00000, 0x0000000080c00000, 0x0000000080c00000|100%| O|  |TAMS 0x0000000080b00000| PB 0x0000000080b00000| Untracked 
|  12|0x0000000080c00000, 0x0000000080cf1db0, 0x0000000080d00000| 94%| O|  |TAMS 0x0000000080c00000| PB 0x0000000080c00000| Untracked 
|  13|0x0000000080d00000, 0x0000000080e00000, 0x0000000080e00000|100%| O|  |TAMS 0x0000000080d00000| PB 0x0000000080d00000| Untracked 
|  14|0x0000000080e00000, 0x0000000080f00000, 0x0000000080f00000|100%| O|  |TAMS 0x0000000080e00000| PB 0x0000000080e00000| Untracked 
|  15|0x0000000080f00000, 0x0000000081000000, 0x0000000081000000|100%| O|  |TAMS 0x0000000080f00000| PB 0x0000000080f00000| Untracked 
|  16|0x0000000081000000, 0x0000000081100000, 0x0000000081100000|100%| O|  |TAMS 0x0000000081000000| PB 0x0000000081000000| Untracked 
|  17|0x0000000081100000, 0x0000000081200000, 0x0000000081200000|100%| O|  |TAMS 0x0000000081100000| PB 0x0000000081100000| Untracked 
|  18|0x0000000081200000, 0x0000000081300000, 0x0000000081300000|100%| O|  |TAMS 0x0000000081200000| PB 0x0000000081200000| Untracked 
|  19|0x0000000081300000, 0x0000000081400000, 0x0000000081400000|100%| O|  |TAMS 0x0000000081300000| PB 0x0000000081300000| Untracked 
|  20|0x0000000081400000, 0x0000000081500000, 0x0000000081500000|100%| O|  |TAMS 0x0000000081400000| PB 0x0000000081400000| Untracked 
|  21|0x0000000081500000, 0x0000000081600000, 0x0000000081600000|100%| O|  |TAMS 0x0000000081500000| PB 0x0000000081500000| Untracked 
|  22|0x0000000081600000, 0x0000000081700000, 0x0000000081700000|100%| O|  |TAMS 0x0000000081600000| PB 0x0000000081600000| Untracked 
|  23|0x0000000081700000, 0x0000000081800000, 0x0000000081800000|100%| O|  |TAMS 0x0000000081700000| PB 0x0000000081700000| Untracked 
|  24|0x0000000081800000, 0x0000000081900000, 0x0000000081900000|100%| O|  |TAMS 0x0000000081800000| PB 0x0000000081800000| Untracked 
|  25|0x0000000081900000, 0x0000000081a00000, 0x0000000081a00000|100%| O|  |TAMS 0x0000000081900000| PB 0x0000000081900000| Untracked 
|  26|0x0000000081a00000, 0x0000000081b00000, 0x0000000081b00000|100%| O|  |TAMS 0x0000000081a00000| PB 0x0000000081a00000| Untracked 
|  27|0x0000000081b00000, 0x0000000081c00000, 0x0000000081c00000|100%| O|  |TAMS 0x0000000081b00000| PB 0x0000000081b00000| Untracked 
|  28|0x0000000081c00000, 0x0000000081d00000, 0x0000000081d00000|100%| O|  |TAMS 0x0000000081c00000| PB 0x0000000081c00000| Untracked 
|  29|0x0000000081d00000, 0x0000000081e00000, 0x0000000081e00000|100%| O|  |TAMS 0x0000000081d00000| PB 0x0000000081d00000| Untracked 
|  30|0x0000000081e00000, 0x0000000081f00000, 0x0000000081f00000|100%| O|  |TAMS 0x0000000081e00000| PB 0x0000000081e00000| Untracked 
|  31|0x0000000081f00000, 0x0000000082000000, 0x0000000082000000|100%|HS|  |TAMS 0x0000000081f00000| PB 0x0000000081f00000| Complete 
|  32|0x0000000082000000, 0x0000000082100000, 0x0000000082100000|100%| O|  |TAMS 0x0000000082000000| PB 0x0000000082000000| Untracked 
|  33|0x0000000082100000, 0x0000000082200000, 0x0000000082200000|100%| O|  |TAMS 0x0000000082100000| PB 0x0000000082100000| Untracked 
|  34|0x0000000082200000, 0x0000000082300000, 0x0000000082300000|100%| O|  |TAMS 0x0000000082200000| PB 0x0000000082200000| Untracked 
|  35|0x0000000082300000, 0x0000000082400000, 0x0000000082400000|100%|HS|  |TAMS 0x0000000082300000| PB 0x0000000082300000| Complete 
|  36|0x0000000082400000, 0x0000000082500000, 0x0000000082500000|100%| O|  |TAMS 0x0000000082400000| PB 0x0000000082400000| Untracked 
|  37|0x0000000082500000, 0x0000000082600000, 0x0000000082600000|100%| O|  |TAMS 0x0000000082500000| PB 0x0000000082500000| Untracked 
|  38|0x0000000082600000, 0x0000000082700000, 0x0000000082700000|100%| O|  |TAMS 0x0000000082600000| PB 0x0000000082600000| Untracked 
|  39|0x0000000082700000, 0x0000000082800000, 0x0000000082800000|100%|HS|  |TAMS 0x0000000082700000| PB 0x0000000082700000| Complete 
|  40|0x0000000082800000, 0x0000000082900000, 0x0000000082900000|100%| O|  |TAMS 0x0000000082800000| PB 0x0000000082800000| Untracked 
|  41|0x0000000082900000, 0x0000000082a00000, 0x0000000082a00000|100%| O|  |TAMS 0x0000000082900000| PB 0x0000000082900000| Untracked 
|  42|0x0000000082a00000, 0x0000000082b00000, 0x0000000082b00000|100%|HS|  |TAMS 0x0000000082a00000| PB 0x0000000082a00000| Complete 
|  43|0x0000000082b00000, 0x0000000082c00000, 0x0000000082c00000|100%|HC|  |TAMS 0x0000000082b00000| PB 0x0000000082b00000| Complete 
|  44|0x0000000082c00000, 0x0000000082d00000, 0x0000000082d00000|100%|HS|  |TAMS 0x0000000082c00000| PB 0x0000000082c00000| Complete 
|  45|0x0000000082d00000, 0x0000000082e00000, 0x0000000082e00000|100%|HC|  |TAMS 0x0000000082d00000| PB 0x0000000082d00000| Complete 
|  46|0x0000000082e00000, 0x0000000082f00000, 0x0000000082f00000|100%|HS|  |TAMS 0x0000000082e00000| PB 0x0000000082e00000| Complete 
|  47|0x0000000082f00000, 0x0000000083000000, 0x0000000083000000|100%|HS|  |TAMS 0x0000000082f00000| PB 0x0000000082f00000| Complete 
|  48|0x0000000083000000, 0x0000000083100000, 0x0000000083100000|100%| O|  |TAMS 0x0000000083000000| PB 0x0000000083000000| Untracked 
|  49|0x0000000083100000, 0x0000000083200000, 0x0000000083200000|100%|HS|  |TAMS 0x0000000083100000| PB 0x0000000083100000| Complete 
|  50|0x0000000083200000, 0x0000000083300000, 0x0000000083300000|100%| O|  |TAMS 0x0000000083200000| PB 0x0000000083200000| Untracked 
|  51|0x0000000083300000, 0x0000000083400000, 0x0000000083400000|100%| O|  |TAMS 0x0000000083300000| PB 0x0000000083300000| Untracked 
|  52|0x0000000083400000, 0x0000000083500000, 0x0000000083500000|100%| O|  |TAMS 0x0000000083400000| PB 0x0000000083400000| Untracked 
|  53|0x0000000083500000, 0x0000000083600000, 0x0000000083600000|100%| O|  |TAMS 0x0000000083500000| PB 0x0000000083500000| Untracked 
|  54|0x0000000083600000, 0x0000000083700000, 0x0000000083700000|100%| O|  |TAMS 0x0000000083600000| PB 0x0000000083600000| Untracked 
|  55|0x0000000083700000, 0x0000000083800000, 0x0000000083800000|100%|HS|  |TAMS 0x0000000083700000| PB 0x0000000083700000| Complete 
|  56|0x0000000083800000, 0x0000000083900000, 0x0000000083900000|100%|HC|  |TAMS 0x0000000083800000| PB 0x0000000083800000| Complete 
|  57|0x0000000083900000, 0x0000000083a00000, 0x0000000083a00000|100%|HC|  |TAMS 0x0000000083900000| PB 0x0000000083900000| Complete 
|  58|0x0000000083a00000, 0x0000000083b00000, 0x0000000083b00000|100%|HC|  |TAMS 0x0000000083a00000| PB 0x0000000083a00000| Complete 
|  59|0x0000000083b00000, 0x0000000083c00000, 0x0000000083c00000|100%|HS|  |TAMS 0x0000000083b00000| PB 0x0000000083b00000| Complete 
|  60|0x0000000083c00000, 0x0000000083d00000, 0x0000000083d00000|100%| O|  |TAMS 0x0000000083c00000| PB 0x0000000083c00000| Untracked 
|  61|0x0000000083d00000, 0x0000000083e00000, 0x0000000083e00000|100%| O|  |TAMS 0x0000000083d00000| PB 0x0000000083d00000| Untracked 
|  62|0x0000000083e00000, 0x0000000083f00000, 0x0000000083f00000|100%| O|  |TAMS 0x0000000083e00000| PB 0x0000000083e00000| Untracked 
|  63|0x0000000083f00000, 0x0000000084000000, 0x0000000084000000|100%| O|  |TAMS 0x0000000083f00000| PB 0x0000000083f00000| Untracked 
|  64|0x0000000084000000, 0x0000000084100000, 0x0000000084100000|100%| O|  |TAMS 0x0000000084000000| PB 0x0000000084000000| Untracked 
|  65|0x0000000084100000, 0x0000000084200000, 0x0000000084200000|100%| O|  |TAMS 0x0000000084100000| PB 0x0000000084100000| Untracked 
|  66|0x0000000084200000, 0x0000000084300000, 0x0000000084300000|100%| O|  |TAMS 0x0000000084200000| PB 0x0000000084200000| Untracked 
|  67|0x0000000084300000, 0x0000000084400000, 0x0000000084400000|100%| O|  |TAMS 0x0000000084300000| PB 0x0000000084300000| Untracked 
|  68|0x0000000084400000, 0x0000000084500000, 0x0000000084500000|100%| O|  |TAMS 0x0000000084400000| PB 0x0000000084400000| Untracked 
|  69|0x0000000084500000, 0x0000000084600000, 0x0000000084600000|100%| O|  |TAMS 0x0000000084500000| PB 0x0000000084500000| Untracked 
|  70|0x0000000084600000, 0x0000000084700000, 0x0000000084700000|100%| O|  |TAMS 0x0000000084600000| PB 0x0000000084600000| Untracked 
|  71|0x0000000084700000, 0x0000000084800000, 0x0000000084800000|100%| O|  |TAMS 0x0000000084700000| PB 0x0000000084700000| Untracked 
|  72|0x0000000084800000, 0x0000000084900000, 0x0000000084900000|100%| O|  |TAMS 0x0000000084800000| PB 0x0000000084800000| Untracked 
|  73|0x0000000084900000, 0x0000000084a00000, 0x0000000084a00000|100%| O|  |TAMS 0x0000000084900000| PB 0x0000000084900000| Untracked 
|  74|0x0000000084a00000, 0x0000000084b00000, 0x0000000084b00000|100%| O|  |TAMS 0x0000000084a00000| PB 0x0000000084a00000| Untracked 
|  75|0x0000000084b00000, 0x0000000084b25020, 0x0000000084c00000| 14%| O|  |TAMS 0x0000000084b00000| PB 0x0000000084b00000| Untracked 
|  76|0x0000000084c00000, 0x0000000084d00000, 0x0000000084d00000|100%|HS|  |TAMS 0x0000000084c00000| PB 0x0000000084c00000| Complete 
|  77|0x0000000084d00000, 0x0000000084e00000, 0x0000000084e00000|100%|HC|  |TAMS 0x0000000084d00000| PB 0x0000000084d00000| Complete 
|  78|0x0000000084e00000, 0x0000000084f00000, 0x0000000084f00000|100%|HC|  |TAMS 0x0000000084e00000| PB 0x0000000084e00000| Complete 
|  79|0x0000000084f00000, 0x0000000085000000, 0x0000000085000000|100%|HC|  |TAMS 0x0000000084f00000| PB 0x0000000084f00000| Complete 
|  80|0x0000000085000000, 0x0000000085000000, 0x0000000085100000|  0%| F|  |TAMS 0x0000000085000000| PB 0x0000000085000000| Untracked 
|  81|0x0000000085100000, 0x0000000085100000, 0x0000000085200000|  0%| F|  |TAMS 0x0000000085100000| PB 0x0000000085100000| Untracked 
|  82|0x0000000085200000, 0x0000000085200000, 0x0000000085300000|  0%| F|  |TAMS 0x0000000085200000| PB 0x0000000085200000| Untracked 
|  83|0x0000000085300000, 0x0000000085300000, 0x0000000085400000|  0%| F|  |TAMS 0x0000000085300000| PB 0x0000000085300000| Untracked 
|  84|0x0000000085400000, 0x0000000085400000, 0x0000000085500000|  0%| F|  |TAMS 0x0000000085400000| PB 0x0000000085400000| Untracked 
|  85|0x0000000085500000, 0x0000000085500000, 0x0000000085600000|  0%| F|  |TAMS 0x0000000085500000| PB 0x0000000085500000| Untracked 
|  86|0x0000000085600000, 0x0000000085600000, 0x0000000085700000|  0%| F|  |TAMS 0x0000000085600000| PB 0x0000000085600000| Untracked 
|  87|0x0000000085700000, 0x0000000085700000, 0x0000000085800000|  0%| F|  |TAMS 0x0000000085700000| PB 0x0000000085700000| Untracked 
|  88|0x0000000085800000, 0x0000000085800000, 0x0000000085900000|  0%| F|  |TAMS 0x0000000085800000| PB 0x0000000085800000| Untracked 
|  89|0x0000000085900000, 0x0000000085900000, 0x0000000085a00000|  0%| F|  |TAMS 0x0000000085900000| PB 0x0000000085900000| Untracked 
|  90|0x0000000085a00000, 0x0000000085a00000, 0x0000000085b00000|  0%| F|  |TAMS 0x0000000085a00000| PB 0x0000000085a00000| Untracked 
|  91|0x0000000085b00000, 0x0000000085b00000, 0x0000000085c00000|  0%| F|  |TAMS 0x0000000085b00000| PB 0x0000000085b00000| Untracked 
|  92|0x0000000085c00000, 0x0000000085c00000, 0x0000000085d00000|  0%| F|  |TAMS 0x0000000085c00000| PB 0x0000000085c00000| Untracked 
|  93|0x0000000085d00000, 0x0000000085d00000, 0x0000000085e00000|  0%| F|  |TAMS 0x0000000085d00000| PB 0x0000000085d00000| Untracked 
|  94|0x0000000085e00000, 0x0000000085e00000, 0x0000000085f00000|  0%| F|  |TAMS 0x0000000085e00000| PB 0x0000000085e00000| Untracked 
|  95|0x0000000085f00000, 0x0000000085f00000, 0x0000000086000000|  0%| F|  |TAMS 0x0000000085f00000| PB 0x0000000085f00000| Untracked 
|  96|0x0000000086000000, 0x0000000086000000, 0x0000000086100000|  0%| F|  |TAMS 0x0000000086000000| PB 0x0000000086000000| Untracked 
|  97|0x0000000086100000, 0x0000000086100000, 0x0000000086200000|  0%| F|  |TAMS 0x0000000086100000| PB 0x0000000086100000| Untracked 
|  98|0x0000000086200000, 0x0000000086200000, 0x0000000086300000|  0%| F|  |TAMS 0x0000000086200000| PB 0x0000000086200000| Untracked 
|  99|0x0000000086300000, 0x0000000086300000, 0x0000000086400000|  0%| F|  |TAMS 0x0000000086300000| PB 0x0000000086300000| Untracked 
| 100|0x0000000086400000, 0x0000000086400000, 0x0000000086500000|  0%| F|  |TAMS 0x0000000086400000| PB 0x0000000086400000| Untracked 
| 101|0x0000000086500000, 0x0000000086500000, 0x0000000086600000|  0%| F|  |TAMS 0x0000000086500000| PB 0x0000000086500000| Untracked 
| 102|0x0000000086600000, 0x0000000086600000, 0x0000000086700000|  0%| F|  |TAMS 0x0000000086600000| PB 0x0000000086600000| Untracked 
| 103|0x0000000086700000, 0x0000000086700000, 0x0000000086800000|  0%| F|  |TAMS 0x0000000086700000| PB 0x0000000086700000| Untracked 
| 104|0x0000000086800000, 0x0000000086800000, 0x0000000086900000|  0%| F|  |TAMS 0x0000000086800000| PB 0x0000000086800000| Untracked 
| 105|0x0000000086900000, 0x0000000086900000, 0x0000000086a00000|  0%| F|  |TAMS 0x0000000086900000| PB 0x0000000086900000| Untracked 
| 106|0x0000000086a00000, 0x0000000086a00000, 0x0000000086b00000|  0%| F|  |TAMS 0x0000000086a00000| PB 0x0000000086a00000| Untracked 
| 107|0x0000000086b00000, 0x0000000086b00000, 0x0000000086c00000|  0%| F|  |TAMS 0x0000000086b00000| PB 0x0000000086b00000| Untracked 
| 108|0x0000000086c00000, 0x0000000086c00000, 0x0000000086d00000|  0%| F|  |TAMS 0x0000000086c00000| PB 0x0000000086c00000| Untracked 
| 109|0x0000000086d00000, 0x0000000086d00000, 0x0000000086e00000|  0%| F|  |TAMS 0x0000000086d00000| PB 0x0000000086d00000| Untracked 
| 110|0x0000000086e00000, 0x0000000086ee3200, 0x0000000086f00000| 88%| S|CS|TAMS 0x0000000086e00000| PB 0x0000000086e00000| Complete 
| 111|0x0000000086f00000, 0x0000000087000000, 0x0000000087000000|100%| S|CS|TAMS 0x0000000086f00000| PB 0x0000000086f00000| Complete 
| 112|0x0000000087000000, 0x0000000087000000, 0x0000000087100000|  0%| F|  |TAMS 0x0000000087000000| PB 0x0000000087000000| Untracked 
| 113|0x0000000087100000, 0x0000000087100000, 0x0000000087200000|  0%| F|  |TAMS 0x0000000087100000| PB 0x0000000087100000| Untracked 
| 114|0x0000000087200000, 0x0000000087200000, 0x0000000087300000|  0%| F|  |TAMS 0x0000000087200000| PB 0x0000000087200000| Untracked 
| 115|0x0000000087300000, 0x0000000087300000, 0x0000000087400000|  0%| F|  |TAMS 0x0000000087300000| PB 0x0000000087300000| Untracked 
| 116|0x0000000087400000, 0x0000000087400000, 0x0000000087500000|  0%| F|  |TAMS 0x0000000087400000| PB 0x0000000087400000| Untracked 
| 117|0x0000000087500000, 0x0000000087500000, 0x0000000087600000|  0%| F|  |TAMS 0x0000000087500000| PB 0x0000000087500000| Untracked 
| 118|0x0000000087600000, 0x0000000087600000, 0x0000000087700000|  0%| F|  |TAMS 0x0000000087600000| PB 0x0000000087600000| Untracked 
| 119|0x0000000087700000, 0x0000000087700000, 0x0000000087800000|  0%| F|  |TAMS 0x0000000087700000| PB 0x0000000087700000| Untracked 
| 120|0x0000000087800000, 0x0000000087800000, 0x0000000087900000|  0%| F|  |TAMS 0x0000000087800000| PB 0x0000000087800000| Untracked 
| 121|0x0000000087900000, 0x0000000087900000, 0x0000000087a00000|  0%| F|  |TAMS 0x0000000087900000| PB 0x0000000087900000| Untracked 
| 122|0x0000000087a00000, 0x0000000087a00000, 0x0000000087b00000|  0%| F|  |TAMS 0x0000000087a00000| PB 0x0000000087a00000| Untracked 
| 123|0x0000000087b00000, 0x0000000087b03480, 0x0000000087c00000|  1%| E|  |TAMS 0x0000000087b00000| PB 0x0000000087b00000| Complete 
| 124|0x0000000087c00000, 0x0000000087d00000, 0x0000000087d00000|100%| E|CS|TAMS 0x0000000087c00000| PB 0x0000000087c00000| Complete 
| 125|0x0000000087d00000, 0x0000000087e00000, 0x0000000087e00000|100%| E|CS|TAMS 0x0000000087d00000| PB 0x0000000087d00000| Complete 
| 126|0x0000000087e00000, 0x0000000087f00000, 0x0000000087f00000|100%| E|CS|TAMS 0x0000000087e00000| PB 0x0000000087e00000| Complete 
| 127|0x0000000087f00000, 0x0000000088000000, 0x0000000088000000|100%| E|CS|TAMS 0x0000000087f00000| PB 0x0000000087f00000| Complete 
| 128|0x0000000088000000, 0x0000000088100000, 0x0000000088100000|100%| E|  |TAMS 0x0000000088000000| PB 0x0000000088000000| Complete 
| 129|0x0000000088100000, 0x0000000088200000, 0x0000000088200000|100%| E|CS|TAMS 0x0000000088100000| PB 0x0000000088100000| Complete 
| 130|0x0000000088200000, 0x0000000088300000, 0x0000000088300000|100%| E|CS|TAMS 0x0000000088200000| PB 0x0000000088200000| Complete 
| 131|0x0000000088300000, 0x0000000088400000, 0x0000000088400000|100%| E|CS|TAMS 0x0000000088300000| PB 0x0000000088300000| Complete 
| 132|0x0000000088400000, 0x0000000088500000, 0x0000000088500000|100%| E|CS|TAMS 0x0000000088400000| PB 0x0000000088400000| Complete 
| 133|0x0000000088500000, 0x0000000088600000, 0x0000000088600000|100%| E|CS|TAMS 0x0000000088500000| PB 0x0000000088500000| Complete 
| 134|0x0000000088600000, 0x0000000088700000, 0x0000000088700000|100%| E|CS|TAMS 0x0000000088600000| PB 0x0000000088600000| Complete 
| 135|0x0000000088700000, 0x0000000088800000, 0x0000000088800000|100%| E|CS|TAMS 0x0000000088700000| PB 0x0000000088700000| Complete 
| 136|0x0000000088800000, 0x0000000088900000, 0x0000000088900000|100%| E|CS|TAMS 0x0000000088800000| PB 0x0000000088800000| Complete 
| 137|0x0000000088900000, 0x0000000088a00000, 0x0000000088a00000|100%| E|CS|TAMS 0x0000000088900000| PB 0x0000000088900000| Complete 
| 138|0x0000000088a00000, 0x0000000088b00000, 0x0000000088b00000|100%| E|CS|TAMS 0x0000000088a00000| PB 0x0000000088a00000| Complete 
| 139|0x0000000088b00000, 0x0000000088c00000, 0x0000000088c00000|100%| E|CS|TAMS 0x0000000088b00000| PB 0x0000000088b00000| Complete 
| 140|0x0000000088c00000, 0x0000000088d00000, 0x0000000088d00000|100%| E|CS|TAMS 0x0000000088c00000| PB 0x0000000088c00000| Complete 
|2037|0x00000000ff500000, 0x00000000ff600000, 0x00000000ff600000|100%| O|  |TAMS 0x00000000ff500000| PB 0x00000000ff500000| Untracked 
|2038|0x00000000ff600000, 0x00000000ff700000, 0x00000000ff700000|100%| O|  |TAMS 0x00000000ff600000| PB 0x00000000ff600000| Untracked 
|2039|0x00000000ff700000, 0x00000000ff800000, 0x00000000ff800000|100%| O|  |TAMS 0x00000000ff700000| PB 0x00000000ff700000| Untracked 
|2040|0x00000000ff800000, 0x00000000ff900000, 0x00000000ff900000|100%| O|Cm|TAMS 0x00000000ff800000| PB 0x00000000ff800000| Complete 
|2041|0x00000000ff900000, 0x00000000ffa00000, 0x00000000ffa00000|100%| O|Cm|TAMS 0x00000000ff900000| PB 0x00000000ff900000| Complete 
|2042|0x00000000ffa00000, 0x00000000ffb00000, 0x00000000ffb00000|100%| O|Cm|TAMS 0x00000000ffa00000| PB 0x00000000ffa00000| Complete 
|2043|0x00000000ffb00000, 0x00000000ffc00000, 0x00000000ffc00000|100%| O|  |TAMS 0x00000000ffb00000| PB 0x00000000ffb00000| Untracked 
|2044|0x00000000ffc00000, 0x00000000ffd00000, 0x00000000ffd00000|100%| O|  |TAMS 0x00000000ffc00000| PB 0x00000000ffc00000| Untracked 
|2045|0x00000000ffd00000, 0x00000000ffe00000, 0x00000000ffe00000|100%| O|  |TAMS 0x00000000ffd00000| PB 0x00000000ffd00000| Untracked 
|2046|0x00000000ffe00000, 0x00000000fff00000, 0x00000000fff00000|100%| O|  |TAMS 0x00000000ffe00000| PB 0x00000000ffe00000| Untracked 
|2047|0x00000000fff00000, 0x0000000100000000, 0x0000000100000000|100%| O|  |TAMS 0x00000000fff00000| PB 0x00000000fff00000| Untracked 

Card table byte_map: [0x000001a7fac00000,0x000001a7fb000000] _byte_map_base: 0x000001a7fa800000

Marking Bits: (CMBitMap*) 0x000001a7f73c3c60
 Bits: [0x000001a7fb000000, 0x000001a7fd000000)

Polling page: 0x000001a7f5170000

Metaspace:

Usage:
  Non-class:     79.18 MB used.
      Class:     12.17 MB used.
       Both:     91.35 MB used.

Virtual space:
  Non-class space:      128.00 MB reserved,      80.19 MB ( 63%) committed,  2 nodes.
      Class space:        1.00 GB reserved,      13.12 MB (  1%) committed,  1 nodes.
             Both:        1.12 GB reserved,      93.31 MB (  8%) committed. 

Chunk freelists:
   Non-Class:  15.36 MB
       Class:  2.86 MB
        Both:  18.22 MB

MaxMetaspaceSize: unlimited
CompressedClassSpaceSize: 1.00 GB
Initial GC threshold: 21.00 MB
Current GC threshold: 150.12 MB
CDS: off
 - commit_granule_bytes: 65536.
 - commit_granule_words: 8192.
 - virtual_space_node_default_size: 8388608.
 - enlarge_chunks_in_place: 1.
 - use_allocation_guard: 0.


Internal statistics:

num_allocs_failed_limit: 12.
num_arena_births: 3726.
num_arena_deaths: 0.
num_vsnodes_births: 3.
num_vsnodes_deaths: 0.
num_space_committed: 1493.
num_space_uncommitted: 0.
num_chunks_returned_to_freelist: 12.
num_chunks_taken_from_freelist: 7579.
num_chunk_merges: 12.
num_chunk_splits: 4979.
num_chunks_enlarged: 3139.
num_inconsistent_stats: 0.

CodeHeap 'non-profiled nmethods': size=120000Kb used=5074Kb max_used=5274Kb free=114926Kb
 bounds [0x000001a787ad0000, 0x000001a788000000, 0x000001a78f000000]
CodeHeap 'profiled nmethods': size=120000Kb used=16477Kb max_used=16607Kb free=103522Kb
 bounds [0x000001a780000000, 0x000001a781040000, 0x000001a787530000]
CodeHeap 'non-nmethods': size=5760Kb used=2051Kb max_used=2080Kb free=3708Kb
 bounds [0x000001a787530000, 0x000001a7877a0000, 0x000001a787ad0000]
 total_blobs=9826 nmethods=9019 adapters=711
 compilation: enabled
              stopped_count=0, restarted_count=0
 full_count=0

Compilation events (20 events):
Event: 30.177 Thread 0x000001a7ffc35f50 10658       4       org.gradle.internal.reflect.MutableClassDetails::property (41 bytes)
Event: 30.191 Thread 0x000001a7ffc3e9f0 10659       3       org.gradle.internal.build.event.types.DefaultBinaryPluginIdentifier::hashCode (8 bytes)
Event: 30.191 Thread 0x000001a7ffc3e9f0 nmethod 10659 0x000001a780da6190 code [0x000001a780da6340, 0x000001a780da6480]
Event: 30.192 Thread 0x000001a7ffc3e9f0 10660       3       org.gradle.api.internal.artifacts.configurations.DefaultConfiguration::addMutationValidator (12 bytes)
Event: 30.192 Thread 0x000001a7ffc3e9f0 nmethod 10660 0x000001a7802de910 code [0x000001a7802deac0, 0x000001a7802dec90]
Event: 30.193 Thread 0x000001a7ffc3e9f0 10661       1       com.google.common.collect.SingletonImmutableBiMap::size (2 bytes)
Event: 30.193 Thread 0x000001a7ffc3e9f0 nmethod 10661 0x000001a787ea8790 code [0x000001a787ea8920, 0x000001a787ea89e8]
Event: 30.196 Thread 0x000001a7ffc3e9f0 10662       3       java.util.HashMap::clear (50 bytes)
Event: 30.197 Thread 0x000001a7ffc3e9f0 nmethod 10662 0x000001a7803a0f10 code [0x000001a7803a10c0, 0x000001a7803a1458]
Event: 30.199 Thread 0x000001a7ffc3e9f0 10663       1       org.gradle.api.attributes.Usage$Impl::toString (5 bytes)
Event: 30.199 Thread 0x000001a7ffc3e9f0 nmethod 10663 0x000001a787ea8390 code [0x000001a787ea8520, 0x000001a787ea85e8]
Event: 30.199 Thread 0x000001a7ffc3e9f0 10664       3       org.gradle.api.internal.model.DefaultObjectFactory::named (10 bytes)
Event: 30.200 Thread 0x000001a7ffc3e9f0 nmethod 10664 0x000001a780de5f10 code [0x000001a780de60c0, 0x000001a780de6218]
Event: 30.200 Thread 0x000001a7ffc3e9f0 10665       3       org.gradle.api.internal.provider.AbstractProperty::<init> (13 bytes)
Event: 30.200 Thread 0x000001a7ffc3e9f0 nmethod 10665 0x000001a7808a8390 code [0x000001a7808a85a0, 0x000001a7808a8c00]
Event: 30.200 Thread 0x000001a7ffc3e9f0 10666       3       org.gradle.api.internal.provider.ValueState::newState (12 bytes)
Event: 30.201 Thread 0x000001a7ffc3e9f0 nmethod 10666 0x000001a780a38c10 code [0x000001a780a38e00, 0x000001a780a392c8]
Event: 30.201 Thread 0x000001a7ffc3e9f0 10667       3       org.gradle.api.internal.provider.AbstractProperty::init (14 bytes)
Event: 30.201 Thread 0x000001a7ffc3e9f0 nmethod 10667 0x000001a780321990 code [0x000001a780321b40, 0x000001a780321d70]
Event: 30.228 Thread 0x000001a7ffc35f50 nmethod 10658 0x000001a787f7b610 code [0x000001a787f7b8c0, 0x000001a787f7cf18]

GC Heap History (20 events):
Event: 16.616 GC heap before
{Heap before GC invocations=27 (full 0):
 garbage-first heap   total 103424K, used 101598K [0x0000000080000000, 0x0000000100000000)
  region size 1024K, 41 young (41984K), 5 survivors (5120K)
 Metaspace       used 69509K, committed 71296K, reserved 1114112K
  class space    used 9432K, committed 10304K, reserved 1048576K
}
Event: 16.623 GC heap after
{Heap after GC invocations=28 (full 0):
 garbage-first heap   total 115712K, used 72609K [0x0000000080000000, 0x0000000100000000)
  region size 1024K, 6 young (6144K), 6 survivors (6144K)
 Metaspace       used 69509K, committed 71296K, reserved 1114112K
  class space    used 9432K, committed 10304K, reserved 1048576K
}
Event: 17.356 GC heap before
{Heap before GC invocations=28 (full 0):
 garbage-first heap   total 115712K, used 101281K [0x0000000080000000, 0x0000000100000000)
  region size 1024K, 35 young (35840K), 6 survivors (6144K)
 Metaspace       used 72507K, committed 74304K, reserved 1114112K
  class space    used 9766K, committed 10624K, reserved 1048576K
}
Event: 17.361 GC heap after
{Heap after GC invocations=29 (full 0):
 garbage-first heap   total 115712K, used 72444K [0x0000000080000000, 0x0000000100000000)
  region size 1024K, 1 young (1024K), 1 survivors (1024K)
 Metaspace       used 72507K, committed 74304K, reserved 1114112K
  class space    used 9766K, committed 10624K, reserved 1048576K
}
Event: 19.319 GC heap before
{Heap before GC invocations=29 (full 0):
 garbage-first heap   total 115712K, used 103164K [0x0000000080000000, 0x0000000100000000)
  region size 1024K, 32 young (32768K), 1 survivors (1024K)
 Metaspace       used 76090K, committed 77888K, reserved 1179648K
  class space    used 10126K, committed 11008K, reserved 1048576K
}
Event: 19.324 GC heap after
{Heap after GC invocations=30 (full 0):
 garbage-first heap   total 115712K, used 73416K [0x0000000080000000, 0x0000000100000000)
  region size 1024K, 2 young (2048K), 2 survivors (2048K)
 Metaspace       used 76090K, committed 77888K, reserved 1179648K
  class space    used 10126K, committed 11008K, reserved 1048576K
}
Event: 20.330 GC heap before
{Heap before GC invocations=31 (full 0):
 garbage-first heap   total 122880K, used 108232K [0x0000000080000000, 0x0000000100000000)
  region size 1024K, 33 young (33792K), 2 survivors (2048K)
 Metaspace       used 79445K, committed 81280K, reserved 1179648K
  class space    used 10634K, committed 11584K, reserved 1048576K
}
Event: 20.335 GC heap after
{Heap after GC invocations=32 (full 0):
 garbage-first heap   total 122880K, used 81268K [0x0000000080000000, 0x0000000100000000)
  region size 1024K, 5 young (5120K), 5 survivors (5120K)
 Metaspace       used 79445K, committed 81280K, reserved 1179648K
  class space    used 10634K, committed 11584K, reserved 1048576K
}
Event: 21.463 GC heap before
{Heap before GC invocations=32 (full 0):
 garbage-first heap   total 122880K, used 110964K [0x0000000080000000, 0x0000000100000000)
  region size 1024K, 34 young (34816K), 5 survivors (5120K)
 Metaspace       used 81345K, committed 83264K, reserved 1179648K
  class space    used 10885K, committed 11840K, reserved 1048576K
}
Event: 21.470 GC heap after
{Heap after GC invocations=33 (full 0):
 garbage-first heap   total 122880K, used 80124K [0x0000000080000000, 0x0000000100000000)
  region size 1024K, 3 young (3072K), 3 survivors (3072K)
 Metaspace       used 81345K, committed 83264K, reserved 1179648K
  class space    used 10885K, committed 11840K, reserved 1048576K
}
Event: 23.310 GC heap before
{Heap before GC invocations=33 (full 0):
 garbage-first heap   total 122880K, used 111868K [0x0000000080000000, 0x0000000100000000)
  region size 1024K, 34 young (34816K), 3 survivors (3072K)
 Metaspace       used 83783K, committed 85696K, reserved 1179648K
  class space    used 11195K, committed 12160K, reserved 1048576K
}
Event: 23.315 GC heap after
{Heap after GC invocations=34 (full 0):
 garbage-first heap   total 122880K, used 81526K [0x0000000080000000, 0x0000000100000000)
  region size 1024K, 4 young (4096K), 4 survivors (4096K)
 Metaspace       used 83783K, committed 85696K, reserved 1179648K
  class space    used 11195K, committed 12160K, reserved 1048576K
}
Event: 25.622 GC heap before
{Heap before GC invocations=35 (full 0):
 garbage-first heap   total 137216K, used 114294K [0x0000000080000000, 0x0000000100000000)
  region size 1024K, 32 young (32768K), 4 survivors (4096K)
 Metaspace       used 87070K, committed 88960K, reserved 1179648K
  class space    used 11623K, committed 12544K, reserved 1048576K
}
Event: 25.627 GC heap after
{Heap after GC invocations=36 (full 0):
 garbage-first heap   total 137216K, used 87883K [0x0000000080000000, 0x0000000100000000)
  region size 1024K, 4 young (4096K), 4 survivors (4096K)
 Metaspace       used 87070K, committed 88960K, reserved 1179648K
  class space    used 11623K, committed 12544K, reserved 1048576K
}
Event: 28.265 GC heap before
{Heap before GC invocations=36 (full 0):
 garbage-first heap   total 137216K, used 123723K [0x0000000080000000, 0x0000000100000000)
  region size 1024K, 39 young (39936K), 4 survivors (4096K)
 Metaspace       used 89802K, committed 91776K, reserved 1179648K
  class space    used 11965K, committed 12928K, reserved 1048576K
}
Event: 28.272 GC heap after
{Heap after GC invocations=37 (full 0):
 garbage-first heap   total 137216K, used 89343K [0x0000000080000000, 0x0000000100000000)
  region size 1024K, 5 young (5120K), 5 survivors (5120K)
 Metaspace       used 89802K, committed 91776K, reserved 1179648K
  class space    used 11965K, committed 12928K, reserved 1048576K
}
Event: 28.866 GC heap before
{Heap before GC invocations=37 (full 0):
 garbage-first heap   total 137216K, used 122111K [0x0000000080000000, 0x0000000100000000)
  region size 1024K, 37 young (37888K), 5 survivors (5120K)
 Metaspace       used 90260K, committed 92224K, reserved 1179648K
  class space    used 12025K, committed 12992K, reserved 1048576K
}
Event: 28.932 GC heap after
{Heap after GC invocations=38 (full 0):
 garbage-first heap   total 137216K, used 92524K [0x0000000080000000, 0x0000000100000000)
  region size 1024K, 5 young (5120K), 5 survivors (5120K)
 Metaspace       used 90260K, committed 92224K, reserved 1179648K
  class space    used 12025K, committed 12992K, reserved 1048576K
}
Event: 29.950 GC heap before
{Heap before GC invocations=39 (full 0):
 garbage-first heap   total 155648K, used 121196K [0x0000000080000000, 0x0000000100000000)
  region size 1024K, 34 young (34816K), 5 survivors (5120K)
 Metaspace       used 92310K, committed 94336K, reserved 1179648K
  class space    used 12277K, committed 13312K, reserved 1048576K
}
Event: 29.957 GC heap after
{Heap after GC invocations=40 (full 0):
 garbage-first heap   total 155648K, used 94183K [0x0000000080000000, 0x0000000100000000)
  region size 1024K, 2 young (2048K), 2 survivors (2048K)
 Metaspace       used 92310K, committed 94336K, reserved 1179648K
  class space    used 12277K, committed 13312K, reserved 1048576K
}

Dll operation events (3 events):
Event: 0.015 Loaded shared library C:\Program Files\Android\Android Studio\jbr\bin\java.dll
Event: 0.020 Loaded shared library C:\Program Files\Android\Android Studio\jbr\bin\zip.dll
Event: 0.825 Loaded shared library C:\Program Files\Android\Android Studio\jbr\bin\verify.dll

Deoptimization events (20 events):
Event: 29.426 Thread 0x000001a794bf0bd0 DEOPT PACKING pc=0x000001a787ebe0a8 sp=0x00000056f6ef8aa0
Event: 29.426 Thread 0x000001a794bf0bd0 DEOPT UNPACKING pc=0x000001a7875846a2 sp=0x00000056f6ef8aa8 mode 2
Event: 29.430 Thread 0x000001a794bf0bd0 Uncommon trap: trap_request=0xffffffde fr.pc=0x000001a787ebe0a8 relative=0x0000000000001e28
Event: 29.430 Thread 0x000001a794bf0bd0 Uncommon trap: reason=class_check action=maybe_recompile pc=0x000001a787ebe0a8 method=jdk.internal.loader.Resource.getBytes()[B @ 10 c2
Event: 29.430 Thread 0x000001a794bf0bd0 DEOPT PACKING pc=0x000001a787ebe0a8 sp=0x00000056f6ef8640
Event: 29.430 Thread 0x000001a794bf0bd0 DEOPT UNPACKING pc=0x000001a7875846a2 sp=0x00000056f6ef8648 mode 2
Event: 29.434 Thread 0x000001a794bf0bd0 Uncommon trap: trap_request=0xffffffde fr.pc=0x000001a787ebe0a8 relative=0x0000000000001e28
Event: 29.434 Thread 0x000001a794bf0bd0 Uncommon trap: reason=class_check action=maybe_recompile pc=0x000001a787ebe0a8 method=jdk.internal.loader.Resource.getBytes()[B @ 10 c2
Event: 29.434 Thread 0x000001a794bf0bd0 DEOPT PACKING pc=0x000001a787ebe0a8 sp=0x00000056f6ef8600
Event: 29.434 Thread 0x000001a794bf0bd0 DEOPT UNPACKING pc=0x000001a7875846a2 sp=0x00000056f6ef8608 mode 2
Event: 29.441 Thread 0x000001a794bf0bd0 Uncommon trap: trap_request=0xffffff45 fr.pc=0x000001a787ec7044 relative=0x0000000000002444
Event: 29.441 Thread 0x000001a794bf0bd0 Uncommon trap: reason=unstable_if action=reinterpret pc=0x000001a787ec7044 method=java.lang.String.split(CIZ)[Ljava/lang/String; @ 184 c2
Event: 29.441 Thread 0x000001a794bf0bd0 DEOPT PACKING pc=0x000001a787ec7044 sp=0x00000056f6ef9010
Event: 29.441 Thread 0x000001a794bf0bd0 DEOPT UNPACKING pc=0x000001a7875846a2 sp=0x00000056f6ef8f78 mode 2
Event: 29.556 Thread 0x000001a794bf0bd0 DEOPT PACKING pc=0x000001a78017476d sp=0x00000056f6ef7070
Event: 29.556 Thread 0x000001a794bf0bd0 DEOPT UNPACKING pc=0x000001a787584e42 sp=0x00000056f6ef65c0 mode 0
Event: 30.038 Thread 0x000001a794bf0bd0 Uncommon trap: trap_request=0xffffff45 fr.pc=0x000001a787c97aac relative=0x00000000000003ac
Event: 30.038 Thread 0x000001a794bf0bd0 Uncommon trap: reason=unstable_if action=reinterpret pc=0x000001a787c97aac method=java.lang.StringConcatHelper.simpleConcat(Ljava/lang/Object;Ljava/lang/Object;)Ljava/lang/String; @ 30 c2
Event: 30.038 Thread 0x000001a794bf0bd0 DEOPT PACKING pc=0x000001a787c97aac sp=0x00000056f6ef83e0
Event: 30.038 Thread 0x000001a794bf0bd0 DEOPT UNPACKING pc=0x000001a7875846a2 sp=0x00000056f6ef8388 mode 2

Classes loaded (20 events):
Event: 24.901 Loading class com/sun/jmx/mbeanserver/StandardMBeanSupport
Event: 24.901 Loading class com/sun/jmx/mbeanserver/StandardMBeanSupport done
Event: 24.901 Loading class com/sun/jmx/mbeanserver/StandardMBeanIntrospector
Event: 24.902 Loading class com/sun/jmx/mbeanserver/StandardMBeanIntrospector done
Event: 25.037 Loading class sun/reflect/misc/MethodUtil
Event: 25.037 Loading class sun/reflect/misc/MethodUtil done
Event: 25.037 Loading class sun/reflect/misc/MethodUtil$1
Event: 25.037 Loading class sun/reflect/misc/MethodUtil$1 done
Event: 25.048 Loading class sun/nio/ch/ChannelOutputStream
Event: 25.049 Loading class sun/nio/ch/ChannelOutputStream done
Event: 25.857 Loading class java/lang/Override
Event: 25.857 Loading class java/lang/Override done
Event: 27.659 Loading class com/sun/beans/finder/MethodFinder
Event: 27.660 Loading class com/sun/beans/finder/AbstractFinder
Event: 27.660 Loading class com/sun/beans/finder/AbstractFinder done
Event: 27.660 Loading class com/sun/beans/finder/MethodFinder done
Event: 27.660 Loading class com/sun/beans/finder/MethodFinder$1
Event: 27.660 Loading class com/sun/beans/finder/MethodFinder$1 done
Event: 27.661 Loading class com/sun/beans/finder/FinderUtils
Event: 27.661 Loading class com/sun/beans/finder/FinderUtils done

Classes unloaded (0 events):
No events

Classes redefined (0 events):
No events

Internal exceptions (20 events):
Event: 27.632 Thread 0x000001a794bf0bd0 Exception <a 'java/lang/ClassNotFoundException'{0x000000008572ecb0}: groovy/lang/ClosureBeanInfo> (0x000000008572ecb0) 
thrown [s\src\hotspot\share\classfile\systemDictionary.cpp, line 312]
Event: 27.633 Thread 0x000001a794bf0bd0 Exception <a 'java/lang/ClassNotFoundException'{0x00000000857456d0}: groovy/lang/ClosureCustomizer> (0x00000000857456d0) 
thrown [s\src\hotspot\share\classfile\systemDictionary.cpp, line 312]
Event: 27.659 Thread 0x000001a794bf0bd0 Exception <a 'java/lang/ClassNotFoundException'{0x00000000857819a0}: groovy/lang/Closure$1Customizer> (0x00000000857819a0) 
thrown [s\src\hotspot\share\classfile\systemDictionary.cpp, line 312]
Event: 27.670 Thread 0x000001a794bf0bd0 Exception <a 'java/lang/ClassNotFoundException'{0x00000000857f51a0}: org/jetbrains/kotlin/gradle/targets/js/npm/DefaultNpmDependencyExtensionBeanInfo> (0x00000000857f51a0) 
thrown [s\src\hotspot\share\classfile\systemDictionary.cpp, line 312]
Event: 27.671 Thread 0x000001a794bf0bd0 Exception <a 'java/lang/ClassNotFoundException'{0x0000000085603a78}: org/jetbrains/kotlin/gradle/targets/js/npm/DefaultNpmDependencyExtensionCustomizer> (0x0000000085603a78) 
thrown [s\src\hotspot\share\classfile\systemDictionary.cpp, line 312]
Event: 28.227 Thread 0x000001a794bf0bd0 Exception <a 'java/lang/ClassNotFoundException'{0x00000000856a4c00}: org/jetbrains/kotlin/gradle/targets/js/npm/NpmDependencyExtensionKt$defaultNpmDependencyDelegate$1BeanInfo> (0x00000000856a4c00) 
thrown [s\src\hotspot\share\classfile\systemDictionary.cpp, line 312]
Event: 28.228 Thread 0x000001a794bf0bd0 Exception <a 'java/lang/ClassNotFoundException'{0x00000000856b4800}: org/jetbrains/kotlin/gradle/targets/js/npm/NpmDependencyExtensionDelegateBeanInfo> (0x00000000856b4800) 
thrown [s\src\hotspot\share\classfile\systemDictionary.cpp, line 312]
Event: 28.230 Thread 0x000001a794bf0bd0 Exception <a 'java/lang/ClassNotFoundException'{0x00000000856c46b0}: org/jetbrains/kotlin/gradle/targets/js/npm/NpmDependencyExtensionDelegateCustomizer> (0x00000000856c46b0) 
thrown [s\src\hotspot\share\classfile\systemDictionary.cpp, line 312]
Event: 28.232 Thread 0x000001a794bf0bd0 Exception <a 'java/lang/ClassNotFoundException'{0x00000000856f5038}: org/jetbrains/kotlin/gradle/targets/js/npm/NpmDependencyExtensionKt$defaultNpmDependencyDelegate$1Customizer> (0x00000000856f5038) 
thrown [s\src\hotspot\share\classfile\systemDictionary.cpp, line 312]
Event: 28.237 Thread 0x000001a794bf0bd0 Exception <a 'java/lang/ClassNotFoundException'{0x000000008553bb30}: org/jetbrains/kotlin/gradle/targets/js/npm/DefaultDevNpmDependencyExtensionBeanInfo> (0x000000008553bb30) 
thrown [s\src\hotspot\share\classfile\systemDictionary.cpp, line 312]
Event: 28.238 Thread 0x000001a794bf0bd0 Exception <a 'java/lang/ClassNotFoundException'{0x000000008554a1b8}: org/jetbrains/kotlin/gradle/targets/js/npm/DefaultDevNpmDependencyExtensionCustomizer> (0x000000008554a1b8) 
thrown [s\src\hotspot\share\classfile\systemDictionary.cpp, line 312]
Event: 28.243 Thread 0x000001a794bf0bd0 Exception <a 'java/lang/ClassNotFoundException'{0x0000000085599f30}: org/jetbrains/kotlin/gradle/targets/js/npm/DefaultPeerNpmDependencyExtensionBeanInfo> (0x0000000085599f30) 
thrown [s\src\hotspot\share\classfile\systemDictionary.cpp, line 312]
Event: 28.244 Thread 0x000001a794bf0bd0 Exception <a 'java/lang/ClassNotFoundException'{0x00000000855a8630}: org/jetbrains/kotlin/gradle/targets/js/npm/DefaultPeerNpmDependencyExtensionCustomizer> (0x00000000855a8630) 
thrown [s\src\hotspot\share\classfile\systemDictionary.cpp, line 312]
Event: 28.248 Thread 0x000001a794bf0bd0 Exception <a 'java/lang/ClassNotFoundException'{0x00000000854062f8}: org/jetbrains/kotlin/gradle/targets/js/npm/DefaultPeerNpmDependencyExtension$delegate$1BeanInfo> (0x00000000854062f8) 
thrown [s\src\hotspot\share\classfile\systemDictionary.cpp, line 312]
Event: 28.248 Thread 0x000001a794bf0bd0 Exception <a 'java/lang/ClassNotFoundException'{0x00000000854150d8}: org/jetbrains/kotlin/gradle/targets/js/npm/DefaultPeerNpmDependencyExtension$delegate$1Customizer> (0x00000000854150d8) 
thrown [s\src\hotspot\share\classfile\systemDictionary.cpp, line 312]
Event: 28.262 Thread 0x000001a794bf0bd0 Exception <a 'java/lang/NoSuchMethodError'{0x00000000854c4288}: static Lorg/jetbrains/kotlin/gradle/plugin/internal/DefaultIdeaSyncDetector$createIdeaPropertiesEvaluator$1;.<clinit>()V> (0x00000000854c4288) 
thrown [s\src\hotspot\share\prims\jni.cpp, line 1135]
Event: 28.435 Thread 0x000001a794bf0bd0 Implicit null exception at 0x000001a787c5d51c to 0x000001a787c5ee14
Event: 28.436 Thread 0x000001a794bf0bd0 Implicit null exception at 0x000001a787c51554 to 0x000001a787c51864
Event: 29.541 Thread 0x000001a794bf0bd0 Exception <a 'java/lang/NoSuchMethodError'{0x000000008897df68}: 'int java.lang.invoke.DirectMethodHandle$Holder.invokeSpecialIFC(java.lang.Object, java.lang.Object, java.lang.Object, java.lang.Object, java.lang.Object)'> (0x000000008897df68) 
thrown [s\src\hotspot\share\interpreter\linkResolver.cpp, line 784]
Event: 29.946 Thread 0x000001a794bf0bd0 Exception <a 'java/lang/NoSuchMethodError'{0x00000000870a4a18}: 'java.lang.Object java.lang.invoke.DirectMethodHandle$Holder.newInvokeSpecial(java.lang.Object, java.lang.Object, java.lang.Object, java.lang.Object, java.lang.Object, java.lang.Object, java.lang.Object, java.lang.Object, java.lang.Object, java.lang.Object, java.lang.Object, java.lang.Object, java.lang.Object, java.lang.Object)'> (0x00000000870a4a18) 
thrown [s\src\hotspot\share\interpreter\linkResolver.cpp, line 784]

ZGC Phase Switch (0 events):
No events

VM Operations (20 events):
Event: 25.360 Executing VM operation: HandshakeAllThreads (Deoptimize)
Event: 25.360 Executing VM operation: HandshakeAllThreads (Deoptimize) done
Event: 25.622 Executing VM operation: G1CollectForAllocation (G1 Evacuation Pause)
Event: 25.627 Executing VM operation: G1CollectForAllocation (G1 Evacuation Pause) done
Event: 26.632 Executing VM operation: Cleanup
Event: 26.632 Executing VM operation: Cleanup done
Event: 27.637 Executing VM operation: Cleanup
Event: 27.653 Executing VM operation: Cleanup done
Event: 28.265 Executing VM operation: G1CollectForAllocation (G1 Evacuation Pause)
Event: 28.272 Executing VM operation: G1CollectForAllocation (G1 Evacuation Pause) done
Event: 28.866 Executing VM operation: G1CollectForAllocation (G1 Evacuation Pause)
Event: 28.932 Executing VM operation: G1CollectForAllocation (G1 Evacuation Pause) done
Event: 29.039 Executing VM operation: G1PauseRemark
Event: 29.044 Executing VM operation: G1PauseRemark done
Event: 29.096 Executing VM operation: G1PauseCleanup
Event: 29.096 Executing VM operation: G1PauseCleanup done
Event: 29.859 Executing VM operation: HandshakeAllThreads (Deoptimize)
Event: 29.860 Executing VM operation: HandshakeAllThreads (Deoptimize) done
Event: 29.950 Executing VM operation: G1CollectForAllocation (G1 Evacuation Pause)
Event: 29.957 Executing VM operation: G1CollectForAllocation (G1 Evacuation Pause) done

Memory protections (0 events):
No events

Nmethod flushes (20 events):
Event: 29.043 Thread 0x000001a7ffa3bbd0 flushing  nmethod 0x000001a787d98a10
Event: 29.043 Thread 0x000001a7ffa3bbd0 flushing  nmethod 0x000001a787ea8390
Event: 29.043 Thread 0x000001a7ffa3bbd0 flushing  nmethod 0x000001a787ef9990
Event: 29.043 Thread 0x000001a7ffa3bbd0 flushing  nmethod 0x000001a780007790
Event: 29.043 Thread 0x000001a7ffa3bbd0 flushing  nmethod 0x000001a780049190
Event: 29.043 Thread 0x000001a7ffa3bbd0 flushing  nmethod 0x000001a7801ef390
Event: 29.043 Thread 0x000001a7ffa3bbd0 flushing  nmethod 0x000001a7802d0190
Event: 29.043 Thread 0x000001a7ffa3bbd0 flushing  nmethod 0x000001a780397910
Event: 29.043 Thread 0x000001a7ffa3bbd0 flushing  nmethod 0x000001a780398510
Event: 29.043 Thread 0x000001a7ffa3bbd0 flushing  nmethod 0x000001a780470510
Event: 29.043 Thread 0x000001a7ffa3bbd0 flushing  nmethod 0x000001a7805e8d10
Event: 29.043 Thread 0x000001a7ffa3bbd0 flushing  nmethod 0x000001a780672f10
Event: 29.043 Thread 0x000001a7ffa3bbd0 flushing  nmethod 0x000001a780a38c10
Event: 29.043 Thread 0x000001a7ffa3bbd0 flushing  nmethod 0x000001a780af8510
Event: 29.043 Thread 0x000001a7ffa3bbd0 flushing  nmethod 0x000001a780b9c910
Event: 29.043 Thread 0x000001a7ffa3bbd0 flushing  nmethod 0x000001a780dae990
Event: 29.043 Thread 0x000001a7ffa3bbd0 flushing  nmethod 0x000001a780daf290
Event: 29.043 Thread 0x000001a7ffa3bbd0 flushing  nmethod 0x000001a780daf810
Event: 29.043 Thread 0x000001a7ffa3bbd0 flushing  nmethod 0x000001a780db3d10
Event: 29.043 Thread 0x000001a7ffa3bbd0 flushing  nmethod 0x000001a780db7910

Events (20 events):
Event: 10.942 Thread 0x000001a794bf0bd0 Thread added: 0x000001a798de3750
Event: 12.309 Thread 0x000001a798971100 Thread exited: 0x000001a798971100
Event: 12.713 Thread 0x000001a79516f130 Thread exited: 0x000001a79516f130
Event: 14.483 Thread 0x000001a7ffc35f50 Thread added: 0x000001a79808d000
Event: 15.500 Thread 0x000001a79808d000 Thread exited: 0x000001a79808d000
Event: 18.522 Thread 0x000001a794bf0bd0 Thread added: 0x000001a798de1d10
Event: 19.596 Thread 0x000001a7ffc3e9f0 Thread added: 0x000001a79808bb90
Event: 19.768 Thread 0x000001a794bf0bd0 Thread added: 0x000001a798de0960
Event: 21.248 Thread 0x000001a79808bb90 Thread exited: 0x000001a79808bb90
Event: 21.723 Thread 0x000001a7ffc3e9f0 Thread added: 0x000001a79808adf0
Event: 21.984 Thread 0x000001a79808adf0 Thread exited: 0x000001a79808adf0
Event: 22.864 Thread 0x000001a7ffc3e9f0 Thread added: 0x000001a79808d000
Event: 23.340 Thread 0x000001a79808d000 Thread exited: 0x000001a79808d000
Event: 24.164 Thread 0x000001a7ffc3e9f0 Thread added: 0x000001a79808d000
Event: 24.597 Thread 0x000001a79808d000 Thread exited: 0x000001a79808d000
Event: 24.916 Thread 0x000001a794bf0bd0 Thread added: 0x000001a7993f41b0
Event: 25.966 Thread 0x000001a7ffc3e9f0 Thread added: 0x000001a79808bb90
Event: 26.272 Thread 0x000001a79808bb90 Thread exited: 0x000001a79808bb90
Event: 28.398 Thread 0x000001a7ffc3e9f0 Thread added: 0x000001a79808bb90
Event: 29.423 Thread 0x000001a79808bb90 Thread exited: 0x000001a79808bb90


Dynamic libraries:
0x00007ff6f52c0000 - 0x00007ff6f52ca000 	C:\Program Files\Android\Android Studio\jbr\bin\java.exe
0x00007ffbc0730000 - 0x00007ffbc0928000 	C:\Windows\SYSTEM32\ntdll.dll
0x00007ffbbfe80000 - 0x00007ffbbff3d000 	C:\Windows\System32\KERNEL32.DLL
0x00007ffbbe490000 - 0x00007ffbbe786000 	C:\Windows\System32\KERNELBASE.dll
0x00007ffbbde40000 - 0x00007ffbbdf40000 	C:\Windows\System32\ucrtbase.dll
0x00007ffb98350000 - 0x00007ffb9836b000 	C:\Program Files\Android\Android Studio\jbr\bin\VCRUNTIME140.dll
0x00007ffb9bcf0000 - 0x00007ffb9bd08000 	C:\Program Files\Android\Android Studio\jbr\bin\jli.dll
0x00007ffbc0550000 - 0x00007ffbc06ee000 	C:\Windows\System32\USER32.dll
0x00007ffbbe110000 - 0x00007ffbbe132000 	C:\Windows\System32\win32u.dll
0x00007ffbbe7a0000 - 0x00007ffbbe7cc000 	C:\Windows\System32\GDI32.dll
0x00007ffbb19b0000 - 0x00007ffbb1c4a000 	C:\Windows\WinSxS\amd64_microsoft.windows.common-controls_6595b64144ccf1df_6.0.19041.3636_none_60b6a03d71f818d5\COMCTL32.dll
0x00007ffbbdf40000 - 0x00007ffbbe05a000 	C:\Windows\System32\gdi32full.dll
0x00007ffbbff40000 - 0x00007ffbbffde000 	C:\Windows\System32\msvcrt.dll
0x00007ffbbe290000 - 0x00007ffbbe32d000 	C:\Windows\System32\msvcp_win.dll
0x00007ffbbf510000 - 0x00007ffbbf540000 	C:\Windows\System32\IMM32.DLL
0x00007ffbaeb00000 - 0x00007ffbaeb0c000 	C:\Program Files\Android\Android Studio\jbr\bin\vcruntime140_1.dll
0x00007ffb9bf50000 - 0x00007ffb9bfdd000 	C:\Program Files\Android\Android Studio\jbr\bin\msvcp140.dll
0x00007ffb44420000 - 0x00007ffb450ab000 	C:\Program Files\Android\Android Studio\jbr\bin\server\jvm.dll
0x00007ffbbefc0000 - 0x00007ffbbf06f000 	C:\Windows\System32\ADVAPI32.dll
0x00007ffbc03e0000 - 0x00007ffbc047c000 	C:\Windows\System32\sechost.dll
0x00007ffbbfcf0000 - 0x00007ffbbfe16000 	C:\Windows\System32\RPCRT4.dll
0x00007ffbbf180000 - 0x00007ffbbf1eb000 	C:\Windows\System32\WS2_32.dll
0x00007ffbbd3c0000 - 0x00007ffbbd40b000 	C:\Windows\SYSTEM32\POWRPROF.dll
0x00007ffbb1d20000 - 0x00007ffbb1d47000 	C:\Windows\SYSTEM32\WINMM.dll
0x00007ffbbc560000 - 0x00007ffbbc56a000 	C:\Windows\SYSTEM32\VERSION.dll
0x00007ffbbd230000 - 0x00007ffbbd242000 	C:\Windows\SYSTEM32\UMPDC.dll
0x00007ffbbc660000 - 0x00007ffbbc672000 	C:\Windows\SYSTEM32\kernel.appcore.dll
0x00007ffbaea50000 - 0x00007ffbaea5a000 	C:\Program Files\Android\Android Studio\jbr\bin\jimage.dll
0x00007ffbae400000 - 0x00007ffbae5e4000 	C:\Windows\SYSTEM32\DBGHELP.DLL
0x00007ffbae3c0000 - 0x00007ffbae3f4000 	C:\Windows\SYSTEM32\dbgcore.DLL
0x00007ffbbe140000 - 0x00007ffbbe1c2000 	C:\Windows\System32\bcryptPrimitives.dll
0x00007ffbb6140000 - 0x00007ffbb614e000 	C:\Program Files\Android\Android Studio\jbr\bin\instrument.dll
0x00007ffb9b910000 - 0x00007ffb9b930000 	C:\Program Files\Android\Android Studio\jbr\bin\java.dll
0x00007ffb9b4b0000 - 0x00007ffb9b4c8000 	C:\Program Files\Android\Android Studio\jbr\bin\zip.dll
0x00007ffbbf540000 - 0x00007ffbbfc84000 	C:\Windows\System32\SHELL32.dll
0x00007ffbbbdb0000 - 0x00007ffbbc54b000 	C:\Windows\SYSTEM32\windows.storage.dll
0x00007ffbc0080000 - 0x00007ffbc03d4000 	C:\Windows\System32\combase.dll
0x00007ffbbd850000 - 0x00007ffbbd87d000 	C:\Windows\SYSTEM32\Wldp.dll
0x00007ffbc04a0000 - 0x00007ffbc054d000 	C:\Windows\System32\SHCORE.dll
0x00007ffbbfe20000 - 0x00007ffbbfe75000 	C:\Windows\System32\shlwapi.dll
0x00007ffbbdd40000 - 0x00007ffbbdd65000 	C:\Windows\SYSTEM32\profapi.dll
0x00007ffbaf120000 - 0x00007ffbaf130000 	C:\Program Files\Android\Android Studio\jbr\bin\net.dll
0x00007ffbb6470000 - 0x00007ffbb657a000 	C:\Windows\SYSTEM32\WINHTTP.dll
0x00007ffbbd5b0000 - 0x00007ffbbd61a000 	C:\Windows\system32\mswsock.dll
0x00007ffb9ab90000 - 0x00007ffb9aba6000 	C:\Program Files\Android\Android Studio\jbr\bin\nio.dll
0x00007ffbaced0000 - 0x00007ffbacee0000 	C:\Program Files\Android\Android Studio\jbr\bin\verify.dll
0x00007ffb8a7a0000 - 0x00007ffb8a7c7000 	C:\Users\Behnam-6.403\.gradle\native\c067742578af261105cb4f569cf0c3c89f3d7b1fecec35dd04571415982c5e48\windows-amd64\native-platform.dll
0x00007ffb98c20000 - 0x00007ffb98d64000 	C:\Users\Behnam-6.403\.gradle\native\100fb08df4bc3b14c8652ba06237920a3bd2aa13389f12d3474272988ae205f9\windows-amd64\native-platform-file-events.dll
0x00007ffbac850000 - 0x00007ffbac859000 	C:\Program Files\Android\Android Studio\jbr\bin\management.dll
0x00007ffbabd40000 - 0x00007ffbabd4b000 	C:\Program Files\Android\Android Studio\jbr\bin\management_ext.dll
0x00007ffbbe790000 - 0x00007ffbbe798000 	C:\Windows\System32\PSAPI.DLL
0x00007ffbbd7a0000 - 0x00007ffbbd7b8000 	C:\Windows\SYSTEM32\CRYPTSP.dll
0x00007ffbbce70000 - 0x00007ffbbcea4000 	C:\Windows\system32\rsaenh.dll
0x00007ffbbde10000 - 0x00007ffbbde37000 	C:\Windows\System32\bcrypt.dll
0x00007ffbbdd00000 - 0x00007ffbbdd2e000 	C:\Windows\SYSTEM32\USERENV.dll
0x00007ffbbd7c0000 - 0x00007ffbbd7cc000 	C:\Windows\SYSTEM32\CRYPTBASE.dll
0x00007ffbbd250000 - 0x00007ffbbd28b000 	C:\Windows\SYSTEM32\IPHLPAPI.DLL
0x00007ffbbf480000 - 0x00007ffbbf488000 	C:\Windows\System32\NSI.dll
0x00007ffbb7e40000 - 0x00007ffbb7e49000 	C:\Program Files\Android\Android Studio\jbr\bin\extnet.dll
0x00007ffbb84f0000 - 0x00007ffbb84f7000 	C:\Windows\system32\wshunix.dll

dbghelp: loaded successfully - version: 4.0.5 - missing functions: none
symbol engine: initialized successfully - sym options: 0x614 - pdb path: .;C:\Program Files\Android\Android Studio\jbr\bin;C:\Windows\SYSTEM32;C:\Windows\WinSxS\amd64_microsoft.windows.common-controls_6595b64144ccf1df_6.0.19041.3636_none_60b6a03d71f818d5;C:\Program Files\Android\Android Studio\jbr\bin\server;C:\Users\Behnam-6.403\.gradle\native\c067742578af261105cb4f569cf0c3c89f3d7b1fecec35dd04571415982c5e48\windows-amd64;C:\Users\Behnam-6.403\.gradle\native\100fb08df4bc3b14c8652ba06237920a3bd2aa13389f12d3474272988ae205f9\windows-amd64

VM Arguments:
jvm_args: --add-opens=java.base/java.lang=ALL-UNNAMED --add-opens=java.base/java.lang.invoke=ALL-UNNAMED --add-opens=java.base/java.util=ALL-UNNAMED --add-opens=java.prefs/java.util.prefs=ALL-UNNAMED --add-exports=jdk.compiler/com.sun.tools.javac.api=ALL-UNNAMED --add-exports=jdk.compiler/com.sun.tools.javac.util=ALL-UNNAMED --add-opens=java.base/java.util=ALL-UNNAMED --add-opens=java.prefs/java.util.prefs=ALL-UNNAMED --add-opens=java.base/java.nio.charset=ALL-UNNAMED --add-opens=java.base/java.net=ALL-UNNAMED --add-opens=java.base/java.util.concurrent.atomic=ALL-UNNAMED --add-opens=java.xml/javax.xml.namespace=ALL-UNNAMED -Xmx2g -Dfile.encoding=UTF-8 -Duser.country=US -Duser.language=en -Duser.variant -javaagent:C:\Users\Behnam-6.403\.gradle\wrapper\dists\gradle-8.11.1-bin\bpt9gzteqjrbo1mjrsomdt32c\gradle-8.11.1\lib\agents\gradle-instrumentation-agent-8.11.1.jar 
java_command: org.gradle.launcher.daemon.bootstrap.GradleDaemon 8.11.1
java_class_path (initial): C:\Users\Behnam-6.403\.gradle\wrapper\dists\gradle-8.11.1-bin\bpt9gzteqjrbo1mjrsomdt32c\gradle-8.11.1\lib\gradle-daemon-main-8.11.1.jar
Launcher Type: SUN_STANDARD

[Global flags]
     intx CICompilerCount                          = 4                                         {product} {ergonomic}
     uint ConcGCThreads                            = 2                                         {product} {ergonomic}
     uint G1ConcRefinementThreads                  = 8                                         {product} {ergonomic}
   size_t G1HeapRegionSize                         = 1048576                                   {product} {ergonomic}
    uintx GCDrainStackTargetSize                   = 64                                        {product} {ergonomic}
   size_t InitialHeapSize                          = 134217728                                 {product} {ergonomic}
   size_t MarkStackSize                            = 4194304                                   {product} {ergonomic}
   size_t MaxHeapSize                              = 2147483648                                {product} {command line}
   size_t MaxNewSize                               = 1287651328                                {product} {ergonomic}
   size_t MinHeapDeltaBytes                        = 1048576                                   {product} {ergonomic}
   size_t MinHeapSize                              = 8388608                                   {product} {ergonomic}
    uintx NonNMethodCodeHeapSize                   = 5839372                                {pd product} {ergonomic}
    uintx NonProfiledCodeHeapSize                  = 122909434                              {pd product} {ergonomic}
    uintx ProfiledCodeHeapSize                     = 122909434                              {pd product} {ergonomic}
    uintx ReservedCodeCacheSize                    = 251658240                              {pd product} {ergonomic}
     bool SegmentedCodeCache                       = true                                      {product} {ergonomic}
   size_t SoftMaxHeapSize                          = 2147483648                             {manageable} {ergonomic}
     bool UseCompressedOops                        = true                           {product lp64_product} {ergonomic}
     bool UseG1GC                                  = true                                      {product} {ergonomic}
     bool UseLargePagesIndividualAllocation        = false                                  {pd product} {ergonomic}

Logging:
Log output configuration:
 #0: stdout all=warning uptime,level,tags foldmultilines=false
 #1: stderr all=off uptime,level,tags foldmultilines=false

Environment Variables:
PATH=C:\Program Files (x86)\NVIDIA Corporation\PhysX\Common;C:\Program Files\Common Files\Oracle\Java\javapath;C:\Program Files (x86)\Common Files\Oracle\Java\java8path;C:\Program Files (x86)\Common Files\Oracle\Java\javapath;C:\Windows\system32;C:\Windows;C:\Windows\System32\Wbem;C:\Windows\System32\WindowsPowerShell\v1.0\;C:\Windows\System32\OpenSSH\;C:\Program Files\Microsoft VS Code\bin;C:\php;C:\Program Files\Git\cmd;C:\wamp64\bin\php\php8.3.6;C:\ProgramData\ComposerSetup\bin;C:\Program Files\Microsoft SQL Server\Client SDK\ODBC\170\Tools\Binn\;C:\Program Files (x86)\Microsoft SQL Server\150\Tools\Binn\;C:\Program Files\Microsoft SQL Server\150\Tools\Binn\;C:\Program Files\Microsoft SQL Server\150\DTS\Binn\;C:\Program Files (x86)\Windows Kits\8.1\Windows Performance Toolkit\;C:\Program Files\dotnet\;C:\Program Files\Common Files\Autodesk Shared\;C:\Users\Behnam-6.403\AppData\Local\Programs\Python\Python313\;C:\Users\Behnam-6.403\AppData\Local\Programs\Python\Launcher\;C:\Users\Behnam-6.403\AppData\Local\Microsoft\WindowsApps;C:\php\;"C:\Program Files\Git\bin;C:\Program Files\Git\cmd";C:\Users\Behnam-6.403\AppData\Roaming\Composer\vendor\bin;C:\Users\Behnam-6.403\AppData\Local\Programs\Python\Python313;
USERNAME=Behnam-6.403
OS=Windows_NT
PROCESSOR_IDENTIFIER=Intel64 Family 6 Model 42 Stepping 7, GenuineIntel
TMP=C:\Users\Behnam-6.403\AppData\Local\Temp
TEMP=C:\Users\Behnam-6.403\AppData\Local\Temp




Periodic native trim disabled

JNI global refs:
JNI global refs: 27, weak refs: 0

JNI global refs memory usage: 835, weak refs: 833

Process memory usage:
Resident Set Size: 398748K (4% of 8369372K total physical memory with 381000K free physical memory)

OOME stack traces (most recent first):
Classloader memory used:
Loader org.gradle.internal.classloader.VisitableURLClassLoader                         : 37181K
Loader bootstrap                                                                       : 26955K
Loader org.gradle.internal.classloader.VisitableURLClassLoader$InstrumentingVisitableURLClassLoader: 17564K
Loader org.gradle.initialization.MixInLegacyTypesClassLoader                           : 10655K
Loader jdk.internal.loader.ClassLoaders$PlatformClassLoader                            : 507K
Loader jdk.internal.loader.ClassLoaders$AppClassLoader                                 : 235K
Loader org.gradle.internal.classloader.VisitableURLClassLoader                         : 231K
Loader jdk.internal.reflect.DelegatingClassLoader                                      : 208K
Loader sun.reflect.misc.MethodUtil                                                     : 2952B

Classes loaded by more than one classloader:
Class Program                                                                         : loaded 5 times (x 68B)
Class Build_gradle                                                                    : loaded 3 times (x 126B)
Class Build_gradle$1                                                                  : loaded 3 times (x 70B)
Class org.gradle.internal.classloader.FilteringClassLoader                            : loaded 2 times (x 101B)
Class [Lcom.google.common.base.AbstractIterator$State;                                : loaded 2 times (x 65B)
Class com.google.common.base.CharMatcher$IsEither                                     : loaded 2 times (x 107B)
Class org.gradle.internal.classloader.ClassLoaderHierarchy                            : loaded 2 times (x 66B)
Class com.google.common.collect.ImmutableEnumSet                                      : loaded 2 times (x 142B)
Class com.google.common.util.concurrent.ExecutionError                                : loaded 2 times (x 78B)
Class com.google.common.collect.ImmutableList$1                                       : loaded 2 times (x 93B)
Class org.gradle.api.internal.classpath.ManifestUtil                                  : loaded 2 times (x 67B)
Class com.google.common.collect.RegularImmutableMap                                   : loaded 2 times (x 117B)
Class com.google.common.collect.ImmutableMap$MapViewOfValuesAsSingletonSets           : loaded 2 times (x 121B)
Class [Lorg.objectweb.asm.Symbol;                                                     : loaded 2 times (x 65B)
Class org.objectweb.asm.ClassVisitor                                                  : loaded 2 times (x 84B)
Class com.google.common.collect.UnmodifiableListIterator                              : loaded 2 times (x 91B)
Class com.google.common.base.Platform$JdkPatternCompiler                              : loaded 2 times (x 71B)
Class org.objectweb.asm.MethodTooLargeException                                       : loaded 2 times (x 79B)
Class [Lcom.google.common.cache.CacheBuilder$OneWeigher;                              : loaded 2 times (x 65B)
Class com.google.common.base.Suppliers                                                : loaded 2 times (x 67B)
Class org.gradle.internal.classloader.DefaultClassLoaderFactory                       : loaded 2 times (x 78B)
Class com.google.common.base.CharMatcher$None                                         : loaded 2 times (x 108B)
Class org.gradle.internal.classloader.ClassLoaderVisitor                              : loaded 2 times (x 72B)
Class [Lcom.google.common.collect.ImmutableMapEntry;                                  : loaded 2 times (x 65B)
Class org.gradle.api.internal.classpath.EffectiveClassPath                            : loaded 2 times (x 86B)
Class com.google.common.collect.ImmutableEnumMap                                      : loaded 2 times (x 121B)
Class com.google.common.collect.ListMultimap                                          : loaded 2 times (x 66B)
Class com.google.common.collect.Sets$1                                                : loaded 2 times (x 135B)
Class org.objectweb.asm.AnnotationVisitor                                             : loaded 2 times (x 74B)
Class com.google.common.base.Splitter                                                 : loaded 2 times (x 68B)
Class org.gradle.api.internal.DefaultClassPathProvider                                : loaded 2 times (x 72B)
Class com.google.common.collect.Sets$2                                                : loaded 2 times (x 135B)
Class [Lorg.gradle.api.internal.ClassPathProvider;                                    : loaded 2 times (x 65B)
Class org.gradle.api.internal.ClassPathProvider                                       : loaded 2 times (x 66B)
Class [Lorg.objectweb.asm.AnnotationVisitor;                                          : loaded 2 times (x 65B)
Class com.google.common.collect.Sets$3                                                : loaded 2 times (x 135B)
Class com.google.common.util.concurrent.AbstractFuture$SafeAtomicHelper               : loaded 2 times (x 75B)
Class com.google.common.cache.LocalCache$LocalLoadingCache                            : loaded 2 times (x 130B)
Class com.google.common.base.AbstractIterator$State                                   : loaded 2 times (x 75B)
Class org.gradle.internal.service.UnknownServiceException                             : loaded 2 times (x 79B)
Class com.google.common.collect.Sets$4                                                : loaded 2 times (x 135B)
Class org.objectweb.asm.ModuleVisitor                                                 : loaded 2 times (x 77B)
Class com.google.common.cache.LocalCache$Strength$1                                   : loaded 2 times (x 77B)
Class com.google.common.util.concurrent.SettableFuture                                : loaded 2 times (x 110B)
Class com.google.common.cache.LocalCache$Strength$2                                   : loaded 2 times (x 77B)
Class com.google.common.cache.LocalCache$Strength$3                                   : loaded 2 times (x 77B)
Class com.google.common.collect.MapDifference                                         : loaded 2 times (x 66B)
Class com.google.common.base.Splitter$1                                               : loaded 2 times (x 73B)
Class org.objectweb.asm.FieldWriter                                                   : loaded 2 times (x 74B)
Class com.google.common.cache.CacheBuilder$NullListener                               : loaded 2 times (x 78B)
Class org.gradle.internal.classpath.TransformedClassPath                              : loaded 2 times (x 92B)
Class org.gradle.internal.classloader.InstrumentingClassLoader                        : loaded 2 times (x 66B)
Class com.google.common.cache.CacheLoader$FunctionToCacheLoader                       : loaded 2 times (x 71B)
Class com.google.common.collect.Iterators$ArrayItr                                    : loaded 2 times (x 93B)
Class com.google.common.collect.ImmutableCollection$Builder                           : loaded 2 times (x 72B)
Class com.google.common.base.Joiner                                                   : loaded 2 times (x 75B)
Class com.google.common.base.MoreObjects                                              : loaded 2 times (x 67B)
Class [Lorg.objectweb.asm.Type;                                                       : loaded 2 times (x 65B)
Class com.google.common.collect.Platform                                              : loaded 2 times (x 67B)
Class com.google.common.collect.UnmodifiableIterator                                  : loaded 2 times (x 76B)
Class org.gradle.internal.service.ServiceLocator                                      : loaded 2 times (x 66B)
Class com.google.common.base.Ascii                                                    : loaded 2 times (x 67B)
Class com.google.common.collect.SingletonImmutableBiMap                               : loaded 2 times (x 139B)
Class com.google.common.cache.LocalCache$1                                            : loaded 2 times (x 85B)
Class com.google.common.collect.AbstractMapEntry                                      : loaded 2 times (x 77B)
Class com.google.common.collect.ImmutableList$Builder                                 : loaded 2 times (x 73B)
Class com.google.common.cache.LocalCache$2                                            : loaded 2 times (x 138B)
Class com.google.common.collect.AbstractMultimap                                      : loaded 2 times (x 119B)
Class com.google.common.util.concurrent.AbstractFuture$UnsafeAtomicHelper$1           : loaded 2 times (x 72B)
Class com.google.common.collect.RegularImmutableAsList                                : loaded 2 times (x 212B)
Class com.google.common.util.concurrent.AbstractFuture$Trusted                        : loaded 2 times (x 66B)
Class com.google.common.collect.Iterators                                             : loaded 2 times (x 67B)
Class com.google.common.base.CharMatcher$RangesMatcher                                : loaded 2 times (x 108B)
Class com.google.common.util.concurrent.UncheckedExecutionException                   : loaded 2 times (x 78B)
Class com.google.common.collect.Lists$StringAsImmutableList                           : loaded 2 times (x 203B)
Class org.gradle.kotlin.dsl.VersionCatalogAccessorsKt                                 : loaded 2 times (x 67B)
Class com.google.common.base.CharMatcher$JavaLetterOrDigit                            : loaded 2 times (x 107B)
Class org.gradle.internal.InternalTransformer                                         : loaded 2 times (x 66B)
Class org.objectweb.asm.ClassWriter                                                   : loaded 2 times (x 102B)
Class com.google.common.cache.CacheLoader$UnsupportedLoadingOperationException        : loaded 2 times (x 78B)
Class com.google.common.base.CharMatcher$And                                          : loaded 2 times (x 108B)
Class org.gradle.internal.classloader.ClasspathUtil$1                                 : loaded 2 times (x 72B)
Class org.objectweb.asm.FieldVisitor                                                  : loaded 2 times (x 73B)
Class com.google.common.collect.IndexedImmutableSet                                   : loaded 2 times (x 146B)
Class com.google.common.collect.ImmutableMap$1                                        : loaded 2 times (x 77B)
Class com.google.common.collect.BiMap                                                 : loaded 2 times (x 66B)
Class org.gradle.api.internal.classpath.DefaultModuleRegistry$DefaultModule           : loaded 2 times (x 82B)
Class com.google.common.primitives.Ints                                               : loaded 2 times (x 67B)
Class com.google.common.collect.AbstractIterator                                      : loaded 2 times (x 78B)
Class com.google.common.math.MathPreconditions                                        : loaded 2 times (x 67B)
Class com.google.common.collect.Multiset                                              : loaded 2 times (x 66B)
Class com.google.common.collect.ArrayListMultimapGwtSerializationDependencies         : loaded 2 times (x 168B)
Class com.google.common.collect.ObjectArrays                                          : loaded 2 times (x 67B)
Class com.google.common.collect.RegularImmutableMap$KeySet                            : loaded 2 times (x 146B)
Class com.google.common.collect.ImmutableMapEntrySet                                  : loaded 2 times (x 147B)
Class org.gradle.api.internal.classpath.Module                                        : loaded 2 times (x 66B)
Class com.google.common.cache.Weigher                                                 : loaded 2 times (x 66B)
Class org.gradle.api.internal.classpath.UnknownModuleException                        : loaded 2 times (x 78B)
Class com.google.common.base.Stopwatch                                                : loaded 2 times (x 68B)
Class com.google.common.cache.LocalCache$Strength                                     : loaded 2 times (x 77B)
Class com.google.common.cache.Cache                                                   : loaded 2 times (x 66B)
Class com.google.common.util.concurrent.AbstractFuture$Cancellation                   : loaded 2 times (x 68B)
Class com.google.common.collect.ImmutableMap$Builder                                  : loaded 2 times (x 78B)
Class com.google.common.base.NullnessCasts                                            : loaded 2 times (x 67B)
Class com.google.common.cache.RemovalListener                                         : loaded 2 times (x 66B)
Class org.gradle.api.internal.DefaultClassPathRegistry                                : loaded 2 times (x 72B)
Class com.google.common.primitives.IntsMethodsForWeb                                  : loaded 2 times (x 67B)
Class com.google.common.collect.Multimap                                              : loaded 2 times (x 66B)
Class org.gradle.api.internal.ClassPathRegistry                                       : loaded 2 times (x 66B)
Class org.gradle.internal.classpath.DefaultClassPath$ImmutableUniqueList              : loaded 2 times (x 195B)
Class com.google.common.base.PairwiseEquivalence                                      : loaded 2 times (x 79B)
Class com.google.common.cache.CacheBuilder                                            : loaded 2 times (x 68B)
Class com.google.common.collect.SingletonImmutableList                                : loaded 2 times (x 203B)
Class Settings_gradle$1                                                               : loaded 2 times (x 70B)
Class org.gradle.internal.classpath.ClassPath                                         : loaded 2 times (x 66B)
Class org.gradle.api.UncheckedIOException                                             : loaded 2 times (x 78B)
Class com.google.common.collect.ImmutableList$ReverseImmutableList                    : loaded 2 times (x 204B)
Class com.google.common.base.JdkPattern                                               : loaded 2 times (x 71B)
Class org.objectweb.asm.SymbolTable$Entry                                             : loaded 2 times (x 70B)
Class com.google.common.util.concurrent.AbstractFuture$AtomicHelper                   : loaded 2 times (x 74B)
Class org.objectweb.asm.Edge                                                          : loaded 2 times (x 68B)
Class com.google.common.base.Suppliers$SupplierOfInstance                             : loaded 2 times (x 75B)
Class com.google.common.collect.Iterators$1                                           : loaded 2 times (x 77B)
Class com.google.common.cache.LocalCache$ComputingValueReference                      : loaded 2 times (x 92B)
Class com.google.common.collect.SingletonImmutableSet                                 : loaded 2 times (x 142B)
Class com.google.common.collect.ImmutableMap$IteratorBasedImmutableMap                : loaded 2 times (x 121B)
Class com.google.common.cache.LocalCache$Segment                                      : loaded 2 times (x 150B)
Class [Lorg.objectweb.asm.SymbolTable$Entry;                                          : loaded 2 times (x 65B)
Class com.google.common.cache.CacheLoader                                             : loaded 2 times (x 70B)
Class com.google.common.collect.Iterators$4                                           : loaded 2 times (x 78B)
Class com.google.common.collect.ImmutableBiMap                                        : loaded 2 times (x 139B)
Class com.google.common.collect.AbstractListMultimap                                  : loaded 2 times (x 168B)
Class org.gradle.internal.installation.GradleInstallation$1                           : loaded 2 times (x 71B)
Class org.gradle.api.internal.classpath.ModuleRegistry                                : loaded 2 times (x 66B)
Class com.google.common.util.concurrent.internal.InternalFutureFailureAccess          : loaded 2 times (x 68B)
Class com.google.common.collect.Iterators$5                                           : loaded 2 times (x 78B)
Class com.google.common.collect.ImmutableSet$JdkBackedSetBuilderImpl                  : loaded 2 times (x 72B)
Class com.google.common.base.Splitter$SplittingIterator                               : loaded 2 times (x 80B)
Class com.google.common.util.concurrent.AbstractFuture$UnsafeAtomicHelper             : loaded 2 times (x 74B)
Class com.google.common.cache.LocalCache$LocalManualCache$1                           : loaded 2 times (x 71B)
Class com.google.common.base.CharMatcher$ForPredicate                                 : loaded 2 times (x 108B)
Class com.google.common.collect.ImmutableCollection                                   : loaded 2 times (x 121B)
Class com.google.common.base.CharMatcher$AnyOf                                        : loaded 2 times (x 108B)
Class org.gradle.api.internal.classpath.DefaultModuleRegistry                         : loaded 2 times (x 82B)
Class com.google.common.util.concurrent.ListenableFuture                              : loaded 2 times (x 66B)
Class com.google.common.cache.ReferenceEntry                                          : loaded 2 times (x 66B)
Class com.google.common.collect.ImmutableSet$CachingAsList                            : loaded 2 times (x 143B)
Class com.google.common.base.Converter                                                : loaded 2 times (x 86B)
Class com.google.common.collect.Lists                                                 : loaded 2 times (x 67B)
Class com.google.common.base.CharMatcher$Any                                          : loaded 2 times (x 108B)
Class com.google.common.util.concurrent.AbstractFuture                                : loaded 2 times (x 102B)
Class com.google.common.base.FunctionalEquivalence                                    : loaded 2 times (x 79B)
Class com.google.common.collect.Iterators$9                                           : loaded 2 times (x 77B)
Class com.google.common.collect.AbstractMapBasedMultimap                              : loaded 2 times (x 135B)
Class com.google.common.collect.ImmutableAsList                                       : loaded 2 times (x 205B)
Class org.objectweb.asm.RecordComponentVisitor                                        : loaded 2 times (x 73B)
Class com.google.common.cache.CacheLoader$SupplierToCacheLoader                       : loaded 2 times (x 71B)
Class com.google.common.collect.Maps$EntryTransformer                                 : loaded 2 times (x 66B)
Class org.gradle.internal.service.ServiceLookupException                              : loaded 2 times (x 78B)
Class [Lcom.google.common.cache.LocalCache$EntryFactory;                              : loaded 2 times (x 65B)
Class com.google.common.base.CharMatcher$JavaLetter                                   : loaded 2 times (x 107B)
Class org.gradle.internal.classloader.ClassLoaderFactory                              : loaded 2 times (x 66B)
Class com.google.common.cache.LocalCache$LocalManualCache                             : loaded 2 times (x 95B)
Class com.google.common.base.CharMatcher$IsNot                                        : loaded 2 times (x 107B)
Class com.google.common.base.CommonPattern                                            : loaded 2 times (x 70B)
Class org.gradle.internal.service.CachingServiceLocator                               : loaded 2 times (x 78B)
Class com.google.common.math.IntMath                                                  : loaded 2 times (x 67B)
Class com.google.common.collect.Iterators$10                                          : loaded 2 times (x 77B)
Class com.google.common.collect.ImmutableMapEntry                                     : loaded 2 times (x 81B)
Class com.google.common.base.CharMatcher$JavaDigit                                    : loaded 2 times (x 107B)
Class com.google.common.base.Equivalence                                              : loaded 2 times (x 78B)
Class com.google.common.collect.ImmutableMapEntry$NonTerminalImmutableMapEntry        : loaded 2 times (x 81B)
Class com.google.common.base.Function                                                 : loaded 2 times (x 66B)
Class com.google.common.collect.IndexedImmutableSet$1                                 : loaded 2 times (x 208B)
Class com.google.common.cache.CacheBuilder$OneWeigher                                 : loaded 2 times (x 78B)
Class com.google.common.collect.RegularImmutableList                                  : loaded 2 times (x 208B)
Class com.google.common.collect.ImmutableBiMapFauxverideShim                          : loaded 2 times (x 116B)
Class org.gradle.internal.classloader.ClasspathUtil                                   : loaded 2 times (x 67B)
Class com.google.common.base.Charsets                                                 : loaded 2 times (x 67B)
Class com.google.common.util.concurrent.Uninterruptibles                              : loaded 2 times (x 67B)
Class com.google.common.collect.Maps                                                  : loaded 2 times (x 67B)
Class com.google.common.base.CharMatcher$JavaUpperCase                                : loaded 2 times (x 107B)
Class org.gradle.api.specs.Spec                                                       : loaded 2 times (x 66B)
Class [Lcom.google.common.collect.ImmutableEntry;                                     : loaded 2 times (x 65B)
Class com.google.common.cache.LocalCache$LoadingValueReference                        : loaded 2 times (x 92B)
Class com.google.common.collect.AbstractIndexedListIterator                           : loaded 2 times (x 92B)
Class com.google.common.base.Platform                                                 : loaded 2 times (x 67B)
Class [Lorg.objectweb.asm.AnnotationWriter;                                           : loaded 2 times (x 65B)
Class com.google.common.primitives.Ints$IntConverter                                  : loaded 2 times (x 86B)
Class com.google.common.collect.Maps$8                                                : loaded 2 times (x 78B)
Class com.google.common.collect.Sets$SetView                                          : loaded 2 times (x 134B)
Class com.google.common.cache.LocalCache$StrongValueReference                         : loaded 2 times (x 86B)
Class com.google.common.util.concurrent.AbstractFuture$SynchronizedHelper             : loaded 2 times (x 74B)
Class com.google.common.base.CharMatcher$Invisible                                    : loaded 2 times (x 108B)
Class org.objectweb.asm.Type                                                          : loaded 2 times (x 68B)
Class org.gradle.internal.classloader.VisitableURLClassLoader$InstrumentingVisitableURLClassLoader: loaded 2 times (x 119B)
Class org.objectweb.asm.ByteVector                                                    : loaded 2 times (x 75B)
Class [Lcom.google.common.cache.CacheBuilder$NullListener;                            : loaded 2 times (x 65B)
Class com.google.common.math.IntMath$1                                                : loaded 2 times (x 67B)
Class org.gradle.internal.classloader.VisitableURLClassLoader$Spec                    : loaded 2 times (x 70B)
Class org.gradle.internal.classpath.DefaultClassPath                                  : loaded 2 times (x 86B)
Class org.objectweb.asm.Symbol                                                        : loaded 2 times (x 69B)
Class com.google.common.base.AbstractIterator                                         : loaded 2 times (x 76B)
Class com.google.common.collect.ImmutableSet                                          : loaded 2 times (x 141B)
Class com.google.common.collect.RegularImmutableMap$Values                            : loaded 2 times (x 203B)
Class com.google.common.base.CharMatcher$Ascii                                        : loaded 2 times (x 108B)
Class com.google.common.base.CharMatcher$BitSetMatcher                                : loaded 2 times (x 108B)
Class org.gradle.internal.classloader.ClassLoaderSpec                                 : loaded 2 times (x 67B)
Class org.objectweb.asm.AnnotationWriter                                              : loaded 2 times (x 75B)
Class com.google.common.cache.CacheStats                                              : loaded 2 times (x 67B)
Class org.objectweb.asm.RecordComponentWriter                                         : loaded 2 times (x 74B)
Class com.google.common.util.concurrent.AbstractFuture$Listener                       : loaded 2 times (x 68B)
Class com.google.common.base.CharMatcher$Or                                           : loaded 2 times (x 108B)
Class Settings_gradle$1$1                                                             : loaded 2 times (x 70B)
Class org.objectweb.asm.Attribute                                                     : loaded 2 times (x 73B)
Class com.google.common.base.Supplier                                                 : loaded 2 times (x 66B)
Class org.gradle.internal.classloader.VisitableURLClassLoader                         : loaded 2 times (x 113B)
Class com.google.common.util.concurrent.AbstractFuture$Waiter                         : loaded 2 times (x 68B)
Class Settings_gradle                                                                 : loaded 2 times (x 124B)
Class org.gradle.internal.Cast                                                        : loaded 2 times (x 67B)
Class org.gradle.api.Action                                                           : loaded 2 times (x 66B)
Class com.google.common.base.Strings                                                  : loaded 2 times (x 67B)
Class com.google.common.collect.Sets                                                  : loaded 2 times (x 67B)
Class org.objectweb.asm.Handler                                                       : loaded 2 times (x 68B)
Class com.google.common.base.Ticker                                                   : loaded 2 times (x 68B)
Class com.google.common.base.CharMatcher$FastMatcher                                  : loaded 2 times (x 107B)
Class [Lcom.google.common.cache.LocalCache$Segment;                                   : loaded 2 times (x 65B)
Class [Lcom.google.common.cache.LocalCache$Strength;                                  : loaded 2 times (x 65B)
Class com.google.common.cache.CacheBuilder$1                                          : loaded 2 times (x 81B)
Class com.google.common.collect.ImmutableMap                                          : loaded 2 times (x 116B)
Class com.google.common.base.Predicate                                                : loaded 2 times (x 66B)
Class org.gradle.internal.classpath.DefaultClassPath$ImmutableUniqueList$Builder      : loaded 2 times (x 71B)
Class com.google.common.cache.LocalCache                                              : loaded 2 times (x 183B)
Class com.google.common.cache.CacheBuilder$2                                          : loaded 2 times (x 68B)
Class com.google.common.base.CharMatcher$NegatedFastMatcher                           : loaded 2 times (x 109B)
Class [Lcom.google.common.collect.AbstractMapEntry;                                   : loaded 2 times (x 65B)
Class com.google.common.collect.ImmutableEntry                                        : loaded 2 times (x 78B)
Class com.google.common.collect.ArrayListMultimap                                     : loaded 2 times (x 168B)
Class com.google.common.base.AbstractIterator$1                                       : loaded 2 times (x 67B)
Class com.google.common.base.CharMatcher$Digit                                        : loaded 2 times (x 108B)
Class org.gradle.api.GradleException                                                  : loaded 2 times (x 78B)
Class com.google.common.collect.CollectPreconditions                                  : loaded 2 times (x 67B)
Class com.google.common.base.CharMatcher$JavaIsoControl                               : loaded 2 times (x 108B)
Class com.google.common.collect.SortedMapDifference                                   : loaded 2 times (x 66B)
Class com.google.common.base.CharMatcher$JavaLowerCase                                : loaded 2 times (x 107B)
Class com.google.common.cache.LocalCache$EntryFactory                                 : loaded 2 times (x 79B)
Class com.google.common.cache.LocalCache$AbstractReferenceEntry                       : loaded 2 times (x 103B)
Class com.google.common.base.Splitter$1$1                                             : loaded 2 times (x 82B)
Class com.google.common.base.CharMatcher$Whitespace                                   : loaded 2 times (x 108B)
Class org.gradle.internal.IoActions                                                   : loaded 2 times (x 67B)
Class org.objectweb.asm.SymbolTable                                                   : loaded 2 times (x 68B)
Class com.google.common.cache.CacheLoader$InvalidCacheLoadException                   : loaded 2 times (x 78B)
Class com.google.common.collect.ImmutableSet$RegularSetBuilderImpl                    : loaded 2 times (x 73B)
Class com.google.common.base.CharMatcher$SingleWidth                                  : loaded 2 times (x 108B)
Class org.gradle.internal.classloader.SystemClassLoaderSpec                           : loaded 2 times (x 67B)
Class com.google.common.cache.LocalCache$StrongEntry                                  : loaded 2 times (x 104B)
Class com.google.common.util.concurrent.AbstractFuture$TrustedFuture                  : loaded 2 times (x 110B)
Class com.google.common.cache.LoadingCache                                            : loaded 2 times (x 66B)
Class org.objectweb.asm.MethodWriter                                                  : loaded 2 times (x 102B)
Class [Lcom.google.common.cache.Weigher;                                              : loaded 2 times (x 65B)
Class com.google.common.collect.RegularImmutableMap$BucketOverflowException           : loaded 2 times (x 78B)
Class com.google.common.collect.RegularImmutableBiMap                                 : loaded 2 times (x 144B)
Class com.google.common.cache.LocalCache$ValueReference                               : loaded 2 times (x 66B)
Class com.google.common.base.CharMatcher$Is                                           : loaded 2 times (x 107B)
Class com.google.common.base.CharMatcher$Negated                                      : loaded 2 times (x 109B)
Class com.google.common.base.PatternCompiler                                          : loaded 2 times (x 66B)
Class com.google.common.util.concurrent.AbstractFuture$Failure                        : loaded 2 times (x 68B)
Class com.google.common.base.Equivalence$Equals                                       : loaded 2 times (x 78B)
Class com.google.common.collect.Hashing                                               : loaded 2 times (x 67B)
Class com.google.common.base.Preconditions                                            : loaded 2 times (x 67B)
Class com.google.common.base.Joiner$1                                                 : loaded 2 times (x 76B)
Class org.objectweb.asm.Label                                                         : loaded 2 times (x 69B)
Class org.objectweb.asm.CurrentFrame                                                  : loaded 2 times (x 69B)
Class org.objectweb.asm.ClassTooLargeException                                        : loaded 2 times (x 79B)
Class com.google.common.collect.PeekingIterator                                       : loaded 2 times (x 66B)
Class com.google.common.base.CharMatcher                                              : loaded 2 times (x 107B)
Class com.google.common.base.Joiner$2                                                 : loaded 2 times (x 75B)
Class org.objectweb.asm.Frame                                                         : loaded 2 times (x 69B)
Class org.objectweb.asm.MethodVisitor                                                 : loaded 2 times (x 101B)
Class com.google.common.cache.LocalCache$EntryFactory$1                               : loaded 2 times (x 79B)
Class [Lcom.google.common.cache.RemovalListener;                                      : loaded 2 times (x 65B)
Class com.google.common.base.CharMatcher$1                                            : loaded 2 times (x 109B)
Class com.google.common.base.CharMatcher$NamedFastMatcher                             : loaded 2 times (x 108B)
Class com.google.common.cache.LocalCache$EntryFactory$2                               : loaded 2 times (x 79B)
Class org.gradle.api.internal.classpath.GlobalCacheRootsProvider                      : loaded 2 times (x 66B)
Class org.objectweb.asm.ModuleWriter                                                  : loaded 2 times (x 78B)
Class com.google.common.cache.LocalCache$EntryFactory$3                               : loaded 2 times (x 79B)
Class com.google.common.base.Ticker$1                                                 : loaded 2 times (x 68B)
Class com.google.common.collect.ImmutableMapEntrySet$RegularEntrySet                  : loaded 2 times (x 147B)
Class com.google.common.collect.Maps$BiMapConverter                                   : loaded 2 times (x 86B)
Class com.google.common.cache.LocalCache$EntryFactory$4                               : loaded 2 times (x 79B)
Class com.google.common.collect.ImmutableSet$Builder                                  : loaded 2 times (x 81B)
Class com.google.common.base.CharMatcher$InRange                                      : loaded 2 times (x 107B)
Class com.google.common.cache.LocalCache$EntryFactory$5                               : loaded 2 times (x 79B)
Class com.google.common.base.Equivalence$Identity                                     : loaded 2 times (x 78B)
Class com.google.common.cache.LocalCache$EntryFactory$6                               : loaded 2 times (x 79B)
Class org.gradle.internal.installation.CurrentGradleInstallationLocator               : loaded 2 times (x 67B)
Class com.google.common.cache.LocalCache$EntryFactory$7                               : loaded 2 times (x 79B)
Class com.google.common.collect.ImmutableSet$EmptySetBuilderImpl                      : loaded 2 times (x 72B)
Class com.google.common.collect.ImmutableList                                         : loaded 2 times (x 202B)
Class org.gradle.internal.service.DefaultServiceLocator                               : loaded 2 times (x 79B)
Class com.google.common.cache.LocalCache$EntryFactory$8                               : loaded 2 times (x 79B)
Class com.google.common.collect.ImmutableSet$SetBuilderImpl                           : loaded 2 times (x 72B)
Class org.gradle.internal.installation.CurrentGradleInstallation                      : loaded 2 times (x 69B)
Class com.google.common.cache.CacheLoader$1                                           : loaded 2 times (x 71B)
Class com.google.common.collect.ImmutableList$SubList                                 : loaded 2 times (x 204B)
Class org.gradle.util.internal.GUtil                                                  : loaded 2 times (x 67B)
Class com.google.common.util.concurrent.AbstractFuture$SetFuture                      : loaded 2 times (x 71B)
Class com.google.common.cache.AbstractCache$StatsCounter                              : loaded 2 times (x 66B)
Class com.google.common.collect.Iterators$MergingIterator                             : loaded 2 times (x 77B)
Class com.google.common.collect.RegularImmutableSet                                   : loaded 2 times (x 144B)
Class org.gradle.internal.installation.GradleInstallation                             : loaded 2 times (x 71B)
Class com.google.common.collect.Iterables                                             : loaded 2 times (x 67B)
Class com.google.common.base.Splitter$Strategy                                        : loaded 2 times (x 66B)

---------------  S Y S T E M  ---------------

OS:
 Windows 10 , 64 bit Build 19041 (10.0.19041.3636)
OS uptime: 4 days 19:31 hours

CPU: total 8 (initial active 8) (4 cores per cpu, 2 threads per core) family 6 model 42 stepping 7 microcode 0x2f, cx8, cmov, fxsr, ht, mmx, sse, sse2, sse3, ssse3, sse4.1, sse4.2, popcnt, tsc, tscinvbit, avx, aes, clmul, vzeroupper, clflush, rdtscp
Processor Information for the first 8 processors :
  Max Mhz: 2401, Current Mhz: 2401, Mhz Limit: 2401

Memory: 4k page, system-wide physical 8173M (372M free)
TotalPageFile size 20916M (AvailPageFile size 1M)
current process WorkingSet (physical memory assigned to process): 389M, peak: 389M
current process commit charge ("private bytes"): 428M, peak: 429M

vm_info: OpenJDK 64-Bit Server VM (21.0.6+-13355223-b631.42) for windows-amd64 JRE (21.0.6+-13355223-b631.42), built on 2025-04-14T18:21:23Z by "builder" with MS VC++ 16.10 / 16.11 (VS2019)

END.
