#
# There is insufficient memory for the Java Runtime Environment to continue.
# Native memory allocation (mmap) failed to map 1048576 bytes. Error detail: G1 virtual space
# Possible reasons:
#   The system is out of physical RAM or swap space
#   This process is running with CompressedOops enabled, and the Java Heap may be blocking the growth of the native heap
# Possible solutions:
#   Reduce memory load on the system
#   Increase physical memory or swap space
#   Check if swap backing store is full
#   Decrease Java heap size (-Xmx/-Xms)
#   Decrease number of Java threads
#   Decrease Java thread stack sizes (-Xss)
#   Set larger code cache with -XX:ReservedCodeCacheSize=
#   JVM is running with Unscaled Compressed Oops mode in which the Java heap is
#     placed in the first 4GB address space. The Java Heap base address is the
#     maximum limit for the native heap growth. Please use -XX:HeapBaseMinAddress
#     to set the Java Heap base and to place the Java Heap above 4GB virtual address.
# This output file may be truncated or incomplete.
#
#  Out of Memory Error (os_windows.cpp:3898), pid=18552, tid=7604
#
# JRE version: OpenJDK Runtime Environment (21.0.6) (build 21.0.6+-13355223-b631.42)
# Java VM: OpenJDK 64-Bit Server VM (21.0.6+-13355223-b631.42, mixed mode, tiered, compressed oops, compressed class ptrs, g1 gc, windows-amd64)
# No core dump will be written. Minidumps are not enabled by default on client versions of Windows
#

---------------  S U M M A R Y ------------

Command Line: --add-opens=java.base/java.lang=ALL-UNNAMED --add-opens=java.base/java.lang.invoke=ALL-UNNAMED --add-opens=java.base/java.util=ALL-UNNAMED --add-opens=java.prefs/java.util.prefs=ALL-UNNAMED --add-exports=jdk.compiler/com.sun.tools.javac.api=ALL-UNNAMED --add-exports=jdk.compiler/com.sun.tools.javac.util=ALL-UNNAMED --add-opens=java.base/java.util=ALL-UNNAMED --add-opens=java.prefs/java.util.prefs=ALL-UNNAMED --add-opens=java.base/java.nio.charset=ALL-UNNAMED --add-opens=java.base/java.net=ALL-UNNAMED --add-opens=java.base/java.util.concurrent.atomic=ALL-UNNAMED --add-opens=java.xml/javax.xml.namespace=ALL-UNNAMED -Xmx2g -Dfile.encoding=UTF-8 -Duser.country=US -Duser.language=en -Duser.variant -javaagent:C:\Users\Behnam-6.403\.gradle\wrapper\dists\gradle-8.11.1-bin\bpt9gzteqjrbo1mjrsomdt32c\gradle-8.11.1\lib\agents\gradle-instrumentation-agent-8.11.1.jar org.gradle.launcher.daemon.bootstrap.GradleDaemon 8.11.1

Host: Intel(R) Core(TM) i7-2760QM CPU @ 2.40GHz, 8 cores, 7G,  Windows 10 , 64 bit Build 19041 (10.0.19041.3636)
Time: Mon May 19 12:47:32 2025 Iran Standard Time elapsed time: 3307.398053 seconds (0d 0h 55m 7s)

---------------  T H R E A D  ---------------

Current thread (0x0000029409e2cb20):  WorkerThread "GC Thread#4"    [id=7604, stack(0x000000aa3b300000,0x000000aa3b400000) (1024K)]

Stack: [0x000000aa3b300000,0x000000aa3b400000]
Native frames: (J=compiled Java code, j=interpreted, Vv=VM code, C=native code)
V  [jvm.dll+0x6d05a9]
V  [jvm.dll+0x85ea73]
V  [jvm.dll+0x860fce]
V  [jvm.dll+0x8616b3]
V  [jvm.dll+0x27e6e6]
V  [jvm.dll+0x6ccf45]
V  [jvm.dll+0x6c09fa]
V  [jvm.dll+0x35535b]
V  [jvm.dll+0x35cfb6]
V  [jvm.dll+0x3aec4b]
V  [jvm.dll+0x3af304]
V  [jvm.dll+0x3af3cd]
V  [jvm.dll+0x3291ec]
V  [jvm.dll+0x328f48]
V  [jvm.dll+0x317b26]
V  [jvm.dll+0x3189ba]
V  [jvm.dll+0x318e67]
V  [jvm.dll+0x31881e]
V  [jvm.dll+0x3571ea]
V  [jvm.dll+0x357566]
V  [jvm.dll+0x3586aa]
V  [jvm.dll+0x354d6e]
V  [jvm.dll+0x361dbc]
V  [jvm.dll+0x363a89]
V  [jvm.dll+0x3622aa]
V  [jvm.dll+0x363701]
V  [jvm.dll+0x36ddf3]
V  [jvm.dll+0x36df3b]
V  [jvm.dll+0x88c754]
V  [jvm.dll+0x806e48]
V  [jvm.dll+0x6cee7d]
C  [ucrtbase.dll+0x21bb2]
C  [KERNEL32.DLL+0x17344]
C  [ntdll.dll+0x526b1]


---------------  P R O C E S S  ---------------

Threads class SMR info:
_java_thread_list=0x000002940e6e6660, length=96, elements={
0x000002946ad06cb0, 0x00000294048fe1e0, 0x0000029404900d40, 0x0000029404902a70,
0x000002940490c580, 0x000002940492dd80, 0x000002940492eb80, 0x00000294049335a0,
0x00000294049347d0, 0x00000294049542a0, 0x0000029404c06c80, 0x0000029409f48010,
0x000002940aeddce0, 0x0000029409a0fe30, 0x000002940ae32210, 0x000002940ae314f0,
0x000002940ae342e0, 0x000002940ae34970, 0x000002940ae335c0, 0x000002940ae32f30,
0x0000029409e792f0, 0x000002940dc343c0, 0x000002940d939b90, 0x0000029416456840,
0x0000029415acd4f0, 0x0000029416459630, 0x0000029415ad1000, 0x0000029415ad1d20,
0x000002940d93c2f0, 0x00000294164512f0, 0x000002940c244e30, 0x000002940f71c2f0,
0x000002940d93e3c0, 0x000002940f721840, 0x000002940c24aa10, 0x000002940c249660,
0x000002940c2461e0, 0x000002940c247590, 0x000002940c248fd0, 0x000002940c2447a0,
0x000002940c2454c0, 0x000002940c247c20, 0x000002940c245b50, 0x000002940c249cf0,
0x000002940c2482b0, 0x000002940c246f00, 0x000002940c24a380, 0x000002940c24b0a0,
0x000002940c248940, 0x000002940c244110, 0x000002940c24b730, 0x000002940d938e70,
0x000002940d93a220, 0x000002940d93a8b0, 0x000002940d93af40, 0x000002940d93c980,
0x000002940d93b5d0, 0x000002940d93bc60, 0x000002940d93d010, 0x000002940d93d6a0,
0x000002940d93dd30, 0x000002940d936da0, 0x000002940d937430, 0x000002940d937ac0,
0x000002940d9459e0, 0x000002940d940b20, 0x000002940d9411b0, 0x000002940d941840,
0x000002940d942560, 0x000002940d945350, 0x000002940d943280, 0x000002940d93fe00,
0x000002940d942bf0, 0x000002940d944cc0, 0x000002940d946070, 0x000002940d943910,
0x000002940d943fa0, 0x000002940d944630, 0x0000029415aca070, 0x0000029415acb420,
0x0000029415ac99e0, 0x0000029415acf5c0, 0x0000029415ace210, 0x0000029415acfc50,
0x0000029415ace8a0, 0x0000029415ac8cc0, 0x0000029415ad30d0, 0x0000029415ad3760,
0x0000029415ad51a0, 0x0000029415ad0970, 0x0000029415ad7270, 0x0000029415ad5830,
0x0000029415ad4480, 0x0000029415ad7900, 0x0000029415ad7f90, 0x0000029415ad1690
}

Java Threads: ( => current thread )
  0x000002946ad06cb0 JavaThread "main"                              [_thread_blocked, id=7840, stack(0x000000aa39d00000,0x000000aa39e00000) (1024K)]
  0x00000294048fe1e0 JavaThread "Reference Handler"          daemon [_thread_blocked, id=14872, stack(0x000000aa3a500000,0x000000aa3a600000) (1024K)]
  0x0000029404900d40 JavaThread "Finalizer"                  daemon [_thread_blocked, id=10876, stack(0x000000aa3a600000,0x000000aa3a700000) (1024K)]
  0x0000029404902a70 JavaThread "Signal Dispatcher"          daemon [_thread_blocked, id=20444, stack(0x000000aa3a700000,0x000000aa3a800000) (1024K)]
  0x000002940490c580 JavaThread "Attach Listener"            daemon [_thread_blocked, id=3156, stack(0x000000aa3a800000,0x000000aa3a900000) (1024K)]
  0x000002940492dd80 JavaThread "Service Thread"             daemon [_thread_blocked, id=10744, stack(0x000000aa3a900000,0x000000aa3aa00000) (1024K)]
  0x000002940492eb80 JavaThread "Monitor Deflation Thread"   daemon [_thread_blocked, id=19276, stack(0x000000aa3aa00000,0x000000aa3ab00000) (1024K)]
  0x00000294049335a0 JavaThread "C2 CompilerThread0"         daemon [_thread_blocked, id=1952, stack(0x000000aa3ab00000,0x000000aa3ac00000) (1024K)]
  0x00000294049347d0 JavaThread "C1 CompilerThread0"         daemon [_thread_blocked, id=3704, stack(0x000000aa3ac00000,0x000000aa3ad00000) (1024K)]
  0x00000294049542a0 JavaThread "Common-Cleaner"             daemon [_thread_blocked, id=8012, stack(0x000000aa3ad00000,0x000000aa3ae00000) (1024K)]
  0x0000029404c06c80 JavaThread "Notification Thread"        daemon [_thread_blocked, id=16572, stack(0x000000aa3ae00000,0x000000aa3af00000) (1024K)]
  0x0000029409f48010 JavaThread "Daemon health stats"               [_thread_blocked, id=14224, stack(0x000000aa3b400000,0x000000aa3b500000) (1024K)]
  0x000002940aeddce0 JavaThread "Incoming local TCP Connector on port 62225"        [_thread_in_native, id=19068, stack(0x000000aa3b500000,0x000000aa3b600000) (1024K)]
  0x0000029409a0fe30 JavaThread "Daemon periodic checks"            [_thread_blocked, id=6784, stack(0x000000aa3b600000,0x000000aa3b700000) (1024K)]
  0x000002940ae32210 JavaThread "Cache worker for journal cache (C:\Users\Behnam-6.403\.gradle\caches\journal-1)"        [_thread_blocked, id=18336, stack(0x000000aa3c100000,0x000000aa3c200000) (1024K)]
  0x000002940ae314f0 JavaThread "File lock request listener"        [_thread_in_native, id=6976, stack(0x000000aa3c200000,0x000000aa3c300000) (1024K)]
  0x000002940ae342e0 JavaThread "Cache worker for file hash cache (C:\Users\Behnam-6.403\.gradle\caches\8.11.1\fileHashes)"        [_thread_blocked, id=15200, stack(0x000000aa3c300000,0x000000aa3c400000) (1024K)]
  0x000002940ae34970 JavaThread "Cache worker for file content cache (C:\Users\Behnam-6.403\.gradle\caches\8.11.1\fileContent)"        [_thread_blocked, id=16396, stack(0x000000aa3c600000,0x000000aa3c700000) (1024K)]
  0x000002940ae335c0 JavaThread "File watcher server"        daemon [_thread_blocked, id=12384, stack(0x000000aa3c900000,0x000000aa3ca00000) (1024K)]
  0x000002940ae32f30 JavaThread "File watcher consumer"      daemon [_thread_blocked, id=9768, stack(0x000000aa3ca00000,0x000000aa3cb00000) (1024K)]
  0x0000029409e792f0 JavaThread "Memory manager"                    [_thread_blocked, id=20164, stack(0x000000aa3e300000,0x000000aa3e400000) (1024K)]
  0x000002940dc343c0 JavaThread "pool-3-thread-1"                   [_thread_blocked, id=18256, stack(0x000000aa3e500000,0x000000aa3e600000) (1024K)]
  0x000002940d939b90 JavaThread "Cache worker for Java compile cache (C:\Users\Behnam-6.403\.gradle\caches\8.11.1\javaCompile)"        [_thread_blocked, id=17304, stack(0x000000aa43500000,0x000000aa43600000) (1024K)]
  0x0000029416456840 JavaThread "pool-8-thread-1"                   [_thread_blocked, id=12892, stack(0x000000aa3da00000,0x000000aa3db00000) (1024K)]
  0x0000029415acd4f0 JavaThread "pool-11-thread-1"                  [_thread_blocked, id=3724, stack(0x000000aa3dd00000,0x000000aa3de00000) (1024K)]
  0x0000029416459630 JavaThread "pool-14-thread-1"                  [_thread_blocked, id=11324, stack(0x000000aa3de00000,0x000000aa3df00000) (1024K)]
  0x0000029415ad1000 JavaThread "pool-19-thread-1"                  [_thread_blocked, id=3796, stack(0x000000aa3dc00000,0x000000aa3dd00000) (1024K)]
  0x0000029415ad1d20 JavaThread "pool-24-thread-1"                  [_thread_blocked, id=3444, stack(0x000000aa3df00000,0x000000aa3e000000) (1024K)]
  0x000002940d93c2f0 JavaThread "pool-29-thread-1"                  [_thread_blocked, id=7744, stack(0x000000aa3db00000,0x000000aa3dc00000) (1024K)]
  0x00000294164512f0 JavaThread "pool-34-thread-1"                  [_thread_blocked, id=18476, stack(0x000000aa3e100000,0x000000aa3e200000) (1024K)]
  0x000002940c244e30 JavaThread "pool-39-thread-1"                  [_thread_blocked, id=18800, stack(0x000000aa3e200000,0x000000aa3e300000) (1024K)]
  0x000002940f71c2f0 JavaThread "pool-42-thread-1"                  [_thread_blocked, id=8200, stack(0x000000aa3d900000,0x000000aa3da00000) (1024K)]
  0x000002940d93e3c0 JavaThread "pool-46-thread-1"                  [_thread_blocked, id=1476, stack(0x000000aa3e400000,0x000000aa3e500000) (1024K)]
  0x000002940f721840 JavaThread "pool-51-thread-1"                  [_thread_blocked, id=18904, stack(0x000000aa3e000000,0x000000aa3e100000) (1024K)]
  0x000002940c24aa10 JavaThread "Daemon Thread 11"                  [_thread_blocked, id=9372, stack(0x000000aa39a00000,0x000000aa39b00000) (1024K)]
  0x000002940c249660 JavaThread "Handler for socket connection from /127.0.0.1:62225 to /127.0.0.1:63798"        [_thread_in_native, id=2396, stack(0x000000aa39b00000,0x000000aa39c00000) (1024K)]
  0x000002940c2461e0 JavaThread "Cancel handler"                    [_thread_blocked, id=18880, stack(0x000000aa39c00000,0x000000aa39d00000) (1024K)]
  0x000002940c247590 JavaThread "Daemon worker Thread 11"           [_thread_blocked, id=3456, stack(0x000000aa3b700000,0x000000aa3b800000) (1024K)]
  0x000002940c248fd0 JavaThread "Asynchronous log dispatcher for DefaultDaemonConnection: socket connection from /127.0.0.1:62225 to /127.0.0.1:63798"        [_thread_blocked, id=10920, stack(0x000000aa3b800000,0x000000aa3b900000) (1024K)]
  0x000002940c2447a0 JavaThread "Stdin handler"                     [_thread_blocked, id=16448, stack(0x000000aa3b900000,0x000000aa3ba00000) (1024K)]
  0x000002940c2454c0 JavaThread "Daemon client event forwarder"        [_thread_blocked, id=7500, stack(0x000000aa3ba00000,0x000000aa3bb00000) (1024K)]
  0x000002940c247c20 JavaThread "Cache worker for file hash cache (C:\Users\Behnam-6.403\AndroidStudioProjects\TenserPingX\.gradle\8.11.1\fileHashes)"        [_thread_blocked, id=19548, stack(0x000000aa3bb00000,0x000000aa3bc00000) (1024K)]
  0x000002940c245b50 JavaThread "Cache worker for Build Output Cleanup Cache (C:\Users\Behnam-6.403\AndroidStudioProjects\TenserPingX\.gradle\buildOutputCleanup)"        [_thread_blocked, id=2568, stack(0x000000aa3bc00000,0x000000aa3bd00000) (1024K)]
  0x000002940c249cf0 JavaThread "Cache worker for checksums cache (C:\Users\Behnam-6.403\AndroidStudioProjects\TenserPingX\.gradle\8.11.1\checksums)"        [_thread_blocked, id=17736, stack(0x000000aa3bd00000,0x000000aa3be00000) (1024K)]
  0x000002940c2482b0 JavaThread "Cache worker for cache directory md-rule (C:\Users\Behnam-6.403\.gradle\caches\8.11.1\md-rule)"        [_thread_blocked, id=3428, stack(0x000000aa3c400000,0x000000aa3c500000) (1024K)]
  0x000002940c246f00 JavaThread "Cache worker for cache directory md-supplier (C:\Users\Behnam-6.403\.gradle\caches\8.11.1\md-supplier)"        [_thread_blocked, id=3708, stack(0x000000aa3c500000,0x000000aa3c600000) (1024K)]
  0x000002940c24a380 JavaThread "Unconstrained build operations"        [_thread_blocked, id=2956, stack(0x000000aa3c700000,0x000000aa3c800000) (1024K)]
  0x000002940c24b0a0 JavaThread "Unconstrained build operations Thread 2"        [_thread_blocked, id=8752, stack(0x000000aa3c800000,0x000000aa3c900000) (1024K)]
  0x000002940c248940 JavaThread "Unconstrained build operations Thread 3"        [_thread_blocked, id=2332, stack(0x000000aa3cb00000,0x000000aa3cc00000) (1024K)]
  0x000002940c244110 JavaThread "Unconstrained build operations Thread 4"        [_thread_blocked, id=12524, stack(0x000000aa3cc00000,0x000000aa3cd00000) (1024K)]
  0x000002940c24b730 JavaThread "Unconstrained build operations Thread 5"        [_thread_blocked, id=12100, stack(0x000000aa3cd00000,0x000000aa3ce00000) (1024K)]
  0x000002940d938e70 JavaThread "Unconstrained build operations Thread 6"        [_thread_blocked, id=10108, stack(0x000000aa3ce00000,0x000000aa3cf00000) (1024K)]
  0x000002940d93a220 JavaThread "Unconstrained build operations Thread 7"        [_thread_blocked, id=18008, stack(0x000000aa3cf00000,0x000000aa3d000000) (1024K)]
  0x000002940d93a8b0 JavaThread "Unconstrained build operations Thread 8"        [_thread_blocked, id=16824, stack(0x000000aa3d000000,0x000000aa3d100000) (1024K)]
  0x000002940d93af40 JavaThread "Unconstrained build operations Thread 9"        [_thread_blocked, id=6436, stack(0x000000aa3d100000,0x000000aa3d200000) (1024K)]
  0x000002940d93c980 JavaThread "Unconstrained build operations Thread 10"        [_thread_blocked, id=1208, stack(0x000000aa3d200000,0x000000aa3d300000) (1024K)]
  0x000002940d93b5d0 JavaThread "Unconstrained build operations Thread 11"        [_thread_blocked, id=15724, stack(0x000000aa3d300000,0x000000aa3d400000) (1024K)]
  0x000002940d93bc60 JavaThread "Unconstrained build operations Thread 12"        [_thread_blocked, id=9080, stack(0x000000aa3d400000,0x000000aa3d500000) (1024K)]
  0x000002940d93d010 JavaThread "Unconstrained build operations Thread 13"        [_thread_blocked, id=19472, stack(0x000000aa3d500000,0x000000aa3d600000) (1024K)]
  0x000002940d93d6a0 JavaThread "Unconstrained build operations Thread 14"        [_thread_blocked, id=3684, stack(0x000000aa3d600000,0x000000aa3d700000) (1024K)]
  0x000002940d93dd30 JavaThread "build event listener"              [_thread_blocked, id=14376, stack(0x000000aa3d700000,0x000000aa3d800000) (1024K)]
  0x000002940d936da0 JavaThread "build event listener"              [_thread_blocked, id=1616, stack(0x000000aa3d800000,0x000000aa3d900000) (1024K)]
  0x000002940d937430 JavaThread "pool-56-thread-1"                  [_thread_blocked, id=3932, stack(0x000000aa3e600000,0x000000aa3e700000) (1024K)]
  0x000002940d937ac0 JavaThread "build event listener"              [_thread_blocked, id=7356, stack(0x000000aa3e700000,0x000000aa3e800000) (1024K)]
  0x000002940d9459e0 JavaThread "included builds"                   [_thread_blocked, id=17608, stack(0x000000aa3e800000,0x000000aa3e900000) (1024K)]
  0x000002940d940b20 JavaThread "Execution worker"                  [_thread_blocked, id=18500, stack(0x000000aa3e900000,0x000000aa3ea00000) (1024K)]
  0x000002940d9411b0 JavaThread "Execution worker Thread 2"         [_thread_blocked, id=14260, stack(0x000000aa3ea00000,0x000000aa3eb00000) (1024K)]
  0x000002940d941840 JavaThread "Execution worker Thread 3"         [_thread_blocked, id=7716, stack(0x000000aa3eb00000,0x000000aa3ec00000) (1024K)]
  0x000002940d942560 JavaThread "Cache worker for execution history cache (C:\Users\Behnam-6.403\AndroidStudioProjects\TenserPingX\.gradle\8.11.1\executionHistory)"        [_thread_blocked, id=6356, stack(0x000000aa3ec00000,0x000000aa3ed00000) (1024K)]
  0x000002940d945350 JavaThread "Execution worker Thread 4"         [_thread_blocked, id=15076, stack(0x000000aa3ed00000,0x000000aa3ee00000) (1024K)]
  0x000002940d943280 JavaThread "Execution worker Thread 5"         [_thread_blocked, id=16400, stack(0x000000aa3ee00000,0x000000aa3ef00000) (1024K)]
  0x000002940d93fe00 JavaThread "Execution worker Thread 6"         [_thread_blocked, id=18696, stack(0x000000aa3ef00000,0x000000aa3f000000) (1024K)]
  0x000002940d942bf0 JavaThread "Execution worker Thread 7"         [_thread_blocked, id=3404, stack(0x000000aa3f000000,0x000000aa3f100000) (1024K)]
  0x000002940d944cc0 JavaThread "Unconstrained build operations Thread 15"        [_thread_blocked, id=12056, stack(0x000000aa3f100000,0x000000aa3f200000) (1024K)]
  0x000002940d946070 JavaThread "Unconstrained build operations Thread 16"        [_thread_blocked, id=1400, stack(0x000000aa3f200000,0x000000aa3f300000) (1024K)]
  0x000002940d943910 JavaThread "Unconstrained build operations Thread 17"        [_thread_blocked, id=3140, stack(0x000000aa3f300000,0x000000aa3f400000) (1024K)]
  0x000002940d943fa0 JavaThread "Unconstrained build operations Thread 18"        [_thread_blocked, id=18056, stack(0x000000aa3f400000,0x000000aa3f500000) (1024K)]
  0x000002940d944630 JavaThread "Unconstrained build operations Thread 19"        [_thread_blocked, id=10012, stack(0x000000aa3f500000,0x000000aa3f600000) (1024K)]
  0x0000029415aca070 JavaThread "Unconstrained build operations Thread 20"        [_thread_blocked, id=12476, stack(0x000000aa3f600000,0x000000aa3f700000) (1024K)]
  0x0000029415acb420 JavaThread "Unconstrained build operations Thread 21"        [_thread_blocked, id=10432, stack(0x000000aa3f700000,0x000000aa3f800000) (1024K)]
  0x0000029415ac99e0 JavaThread "Unconstrained build operations Thread 22"        [_thread_blocked, id=18960, stack(0x000000aa3f800000,0x000000aa3f900000) (1024K)]
  0x0000029415acf5c0 JavaThread "Unconstrained build operations Thread 23"        [_thread_blocked, id=16312, stack(0x000000aa3f900000,0x000000aa3fa00000) (1024K)]
  0x0000029415ace210 JavaThread "Unconstrained build operations Thread 24"        [_thread_blocked, id=6612, stack(0x000000aa3fa00000,0x000000aa3fb00000) (1024K)]
  0x0000029415acfc50 JavaThread "Unconstrained build operations Thread 25"        [_thread_blocked, id=19136, stack(0x000000aa3fb00000,0x000000aa3fc00000) (1024K)]
  0x0000029415ace8a0 JavaThread "Unconstrained build operations Thread 26"        [_thread_blocked, id=3676, stack(0x000000aa3fc00000,0x000000aa3fd00000) (1024K)]
  0x0000029415ac8cc0 JavaThread "Unconstrained build operations Thread 27"        [_thread_blocked, id=8864, stack(0x000000aa3fd00000,0x000000aa3fe00000) (1024K)]
  0x0000029415ad30d0 JavaThread "WorkerExecutor Queue"              [_thread_blocked, id=12500, stack(0x000000aa3fe00000,0x000000aa3ff00000) (1024K)]
  0x0000029415ad3760 JavaThread "WorkerExecutor Queue Thread 2"        [_thread_blocked, id=11572, stack(0x000000aa3ff00000,0x000000aa40000000) (1024K)]
  0x0000029415ad51a0 JavaThread "WorkerExecutor Queue Thread 3"        [_thread_blocked, id=5244, stack(0x000000aa40000000,0x000000aa40100000) (1024K)]
  0x0000029415ad0970 JavaThread "Unconstrained build operations Thread 28"        [_thread_blocked, id=11276, stack(0x000000aa40100000,0x000000aa40200000) (1024K)]
  0x0000029415ad7270 JavaThread "Unconstrained build operations Thread 29"        [_thread_blocked, id=10320, stack(0x000000aa40200000,0x000000aa40300000) (1024K)]
  0x0000029415ad5830 JavaThread "Unconstrained build operations Thread 30"        [_thread_blocked, id=16160, stack(0x000000aa40300000,0x000000aa40400000) (1024K)]
  0x0000029415ad4480 JavaThread "Unconstrained build operations Thread 31"        [_thread_blocked, id=10860, stack(0x000000aa40400000,0x000000aa40500000) (1024K)]
  0x0000029415ad7900 JavaThread "Unconstrained build operations Thread 32"        [_thread_blocked, id=4380, stack(0x000000aa40500000,0x000000aa40600000) (1024K)]
  0x0000029415ad7f90 JavaThread "Unconstrained build operations Thread 33"        [_thread_blocked, id=8848, stack(0x000000aa40600000,0x000000aa40700000) (1024K)]
  0x0000029415ad1690 JavaThread "Unconstrained build operations Thread 34"        [_thread_blocked, id=14304, stack(0x000000aa40700000,0x000000aa40800000) (1024K)]
Total: 96

Other Threads:
  0x00000294048ac710 VMThread "VM Thread"                           [id=1792, stack(0x000000aa3a400000,0x000000aa3a500000) (1024K)]
  0x00000294046e3370 WatcherThread "VM Periodic Task Thread"        [id=11240, stack(0x000000aa3a300000,0x000000aa3a400000) (1024K)]
  0x000002946d086af0 WorkerThread "GC Thread#0"                     [id=13972, stack(0x000000aa39e00000,0x000000aa39f00000) (1024K)]
  0x00000294095bc780 WorkerThread "GC Thread#1"                     [id=16484, stack(0x000000aa3b100000,0x000000aa3b200000) (1024K)]
  0x00000294093bdf00 WorkerThread "GC Thread#2"                     [id=6404, stack(0x000000aa3b200000,0x000000aa3b300000) (1024K)]
  0x0000029409e2c780 WorkerThread "GC Thread#3"                     [id=14728, stack(0x000000aa3b000000,0x000000aa3b100000) (1024K)]
=>0x0000029409e2cb20 WorkerThread "GC Thread#4"                     [id=7604, stack(0x000000aa3b300000,0x000000aa3b400000) (1024K)]
  0x000002940ab80b90 WorkerThread "GC Thread#5"                     [id=2252, stack(0x000000aa3af00000,0x000000aa3b000000) (1024K)]
  0x000002940ae5dcd0 WorkerThread "GC Thread#6"                     [id=13560, stack(0x000000aa3be00000,0x000000aa3bf00000) (1024K)]
  0x000002940ae5e410 WorkerThread "GC Thread#7"                     [id=15648, stack(0x000000aa3bf00000,0x000000aa3c000000) (1024K)]
  0x000002946d098200 ConcurrentGCThread "G1 Main Marker"            [id=19164, stack(0x000000aa39f00000,0x000000aa3a000000) (1024K)]
  0x000002946d098ab0 WorkerThread "G1 Conc#0"                       [id=15348, stack(0x000000aa3a000000,0x000000aa3a100000) (1024K)]
  0x000002940ae5e070 WorkerThread "G1 Conc#1"                       [id=12532, stack(0x000000aa3c000000,0x000000aa3c100000) (1024K)]
  0x00000294045a91c0 ConcurrentGCThread "G1 Refine#0"               [id=11828, stack(0x000000aa3a100000,0x000000aa3a200000) (1024K)]
  0x00000294045a99e0 ConcurrentGCThread "G1 Service"                [id=8576, stack(0x000000aa3a200000,0x000000aa3a300000) (1024K)]
Total: 15

Threads with active compile tasks:
C2 CompilerThread0  3307848 35435       4       org.gradle.api.internal.artifacts.ivyservice.resolveengine.artifact.CompositeResolvedArtifactSet::of (101 bytes)
Total: 1

VM state: at safepoint (normal execution)

VM Mutex/Monitor currently owned by a thread:  ([mutex/lock_event])
[0x00007ffb44fcbca0] FreeList_lock - owner thread: 0x0000029409e2cb20
[0x00007ffb44fce3a0] Threads_lock - owner thread: 0x00000294048ac710
[0x00007ffb44fce4a0] Heap_lock - owner thread: 0x000002940d93fe00

Heap address: 0x0000000080000000, size: 2048 MB, Compressed Oops mode: 32-bit

CDS archive(s) not mapped
Compressed class space mapped at: 0x0000000100000000-0x0000000140000000, reserved size: 1073741824
Narrow klass base: 0x0000000000000000, Narrow klass shift: 3, Narrow klass range: 0x140000000

GC Precious Log:
 CardTable entry size: 512
 Card Set container configuration: InlinePtr #cards 5 size 8 Array Of Cards #cards 12 size 40 Howl #buckets 4 coarsen threshold 1843 Howl Bitmap #cards 512 size 80 coarsen threshold 460 Card regions per heap region 1 cards per card region 2048
 CPUs: 8 total, 8 available
 Memory: 8173M
 Large Page Support: Disabled
 NUMA Support: Disabled
 Compressed Oops: Enabled (32-bit)
 Heap Region Size: 1M
 Heap Min Capacity: 8M
 Heap Initial Capacity: 128M
 Heap Max Capacity: 2G
 Pre-touch: Disabled
 Parallel Workers: 8
 Concurrent Workers: 2
 Concurrent Refinement Workers: 8
 Periodic GC: Disabled

Heap:
 garbage-first heap   total 505856K, used 481574K [0x0000000080000000, 0x0000000100000000)
  region size 1024K, 239 young (244736K), 14 survivors (14336K)
 Metaspace       used 174037K, committed 178880K, reserved 1245184K
  class space    used 22182K, committed 24128K, reserved 1048576K

Heap Regions: E=young(eden), S=young(survivor), O=old, HS=humongous(starts), HC=humongous(continues), CS=collection set, F=free, TAMS=top-at-mark-start, PB=parsable bottom
|   0|0x0000000080000000, 0x0000000080100000, 0x0000000080100000|100%|HS|  |TAMS 0x0000000080000000| PB 0x0000000080000000| Complete 
|   1|0x0000000080100000, 0x0000000080200000, 0x0000000080200000|100%|HC|  |TAMS 0x0000000080100000| PB 0x0000000080100000| Complete 
|   2|0x0000000080200000, 0x0000000080300000, 0x0000000080300000|100%|HC|  |TAMS 0x0000000080200000| PB 0x0000000080200000| Complete 
|   3|0x0000000080300000, 0x0000000080400000, 0x0000000080400000|100%| O|  |TAMS 0x0000000080300000| PB 0x0000000080300000| Untracked 
|   4|0x0000000080400000, 0x0000000080500000, 0x0000000080500000|100%| O|  |TAMS 0x0000000080400000| PB 0x0000000080400000| Untracked 
|   5|0x0000000080500000, 0x0000000080600000, 0x0000000080600000|100%| O|  |TAMS 0x0000000080500000| PB 0x0000000080500000| Untracked 
|   6|0x0000000080600000, 0x0000000080700000, 0x0000000080700000|100%|HS|  |TAMS 0x0000000080600000| PB 0x0000000080600000| Complete 
|   7|0x0000000080700000, 0x0000000080800000, 0x0000000080800000|100%| O|  |TAMS 0x0000000080700000| PB 0x0000000080700000| Untracked 
|   8|0x0000000080800000, 0x0000000080900000, 0x0000000080900000|100%| O|  |TAMS 0x0000000080800000| PB 0x0000000080800000| Untracked 
|   9|0x0000000080900000, 0x0000000080a00000, 0x0000000080a00000|100%| O|  |TAMS 0x0000000080900000| PB 0x0000000080900000| Untracked 
|  10|0x0000000080a00000, 0x0000000080b00000, 0x0000000080b00000|100%| O|  |TAMS 0x0000000080a00000| PB 0x0000000080a00000| Untracked 
|  11|0x0000000080b00000, 0x0000000080c00000, 0x0000000080c00000|100%| O|  |TAMS 0x0000000080b00000| PB 0x0000000080b00000| Untracked 
|  12|0x0000000080c00000, 0x0000000080d00000, 0x0000000080d00000|100%| O|  |TAMS 0x0000000080c00000| PB 0x0000000080c00000| Untracked 
|  13|0x0000000080d00000, 0x0000000080e00000, 0x0000000080e00000|100%| O|  |TAMS 0x0000000080d00000| PB 0x0000000080d00000| Untracked 
|  14|0x0000000080e00000, 0x0000000080f00000, 0x0000000080f00000|100%| O|  |TAMS 0x0000000080e00000| PB 0x0000000080e00000| Untracked 
|  15|0x0000000080f00000, 0x0000000081000000, 0x0000000081000000|100%| O|  |TAMS 0x0000000080f00000| PB 0x0000000080f00000| Untracked 
|  16|0x0000000081000000, 0x0000000081100000, 0x0000000081100000|100%| O|  |TAMS 0x0000000081000000| PB 0x0000000081000000| Untracked 
|  17|0x0000000081100000, 0x0000000081200000, 0x0000000081200000|100%| O|  |TAMS 0x0000000081100000| PB 0x0000000081100000| Untracked 
|  18|0x0000000081200000, 0x0000000081300000, 0x0000000081300000|100%| O|  |TAMS 0x0000000081200000| PB 0x0000000081200000| Untracked 
|  19|0x0000000081300000, 0x0000000081400000, 0x0000000081400000|100%| O|  |TAMS 0x0000000081300000| PB 0x0000000081300000| Untracked 
|  20|0x0000000081400000, 0x0000000081500000, 0x0000000081500000|100%| O|  |TAMS 0x0000000081400000| PB 0x0000000081400000| Untracked 
|  21|0x0000000081500000, 0x0000000081600000, 0x0000000081600000|100%| O|  |TAMS 0x0000000081500000| PB 0x0000000081500000| Untracked 
|  22|0x0000000081600000, 0x0000000081700000, 0x0000000081700000|100%| O|  |TAMS 0x0000000081600000| PB 0x0000000081600000| Untracked 
|  23|0x0000000081700000, 0x0000000081800000, 0x0000000081800000|100%| O|  |TAMS 0x0000000081700000| PB 0x0000000081700000| Untracked 
|  24|0x0000000081800000, 0x0000000081900000, 0x0000000081900000|100%| O|  |TAMS 0x0000000081800000| PB 0x0000000081800000| Untracked 
|  25|0x0000000081900000, 0x0000000081a00000, 0x0000000081a00000|100%| O|  |TAMS 0x0000000081900000| PB 0x0000000081900000| Untracked 
|  26|0x0000000081a00000, 0x0000000081b00000, 0x0000000081b00000|100%| O|  |TAMS 0x0000000081a00000| PB 0x0000000081a00000| Untracked 
|  27|0x0000000081b00000, 0x0000000081c00000, 0x0000000081c00000|100%| O|  |TAMS 0x0000000081b00000| PB 0x0000000081b00000| Untracked 
|  28|0x0000000081c00000, 0x0000000081d00000, 0x0000000081d00000|100%| O|  |TAMS 0x0000000081c00000| PB 0x0000000081c00000| Untracked 
|  29|0x0000000081d00000, 0x0000000081e00000, 0x0000000081e00000|100%| O|  |TAMS 0x0000000081d00000| PB 0x0000000081d00000| Untracked 
|  30|0x0000000081e00000, 0x0000000081f00000, 0x0000000081f00000|100%| O|  |TAMS 0x0000000081e00000| PB 0x0000000081e00000| Untracked 
|  31|0x0000000081f00000, 0x0000000082000000, 0x0000000082000000|100%| O|  |TAMS 0x0000000081f00000| PB 0x0000000081f00000| Untracked 
|  32|0x0000000082000000, 0x0000000082100000, 0x0000000082100000|100%| O|  |TAMS 0x0000000082000000| PB 0x0000000082000000| Untracked 
|  33|0x0000000082100000, 0x0000000082200000, 0x0000000082200000|100%| O|  |TAMS 0x0000000082100000| PB 0x0000000082100000| Untracked 
|  34|0x0000000082200000, 0x0000000082300000, 0x0000000082300000|100%| O|  |TAMS 0x0000000082200000| PB 0x0000000082200000| Untracked 
|  35|0x0000000082300000, 0x0000000082400000, 0x0000000082400000|100%| O|  |TAMS 0x0000000082300000| PB 0x0000000082300000| Untracked 
|  36|0x0000000082400000, 0x0000000082500000, 0x0000000082500000|100%| O|  |TAMS 0x0000000082400000| PB 0x0000000082400000| Untracked 
|  37|0x0000000082500000, 0x0000000082600000, 0x0000000082600000|100%| O|  |TAMS 0x0000000082500000| PB 0x0000000082500000| Untracked 
|  38|0x0000000082600000, 0x0000000082700000, 0x0000000082700000|100%| O|  |TAMS 0x0000000082600000| PB 0x0000000082600000| Untracked 
|  39|0x0000000082700000, 0x0000000082800000, 0x0000000082800000|100%| O|  |TAMS 0x0000000082700000| PB 0x0000000082700000| Untracked 
|  40|0x0000000082800000, 0x0000000082900000, 0x0000000082900000|100%| O|  |TAMS 0x0000000082800000| PB 0x0000000082800000| Untracked 
|  41|0x0000000082900000, 0x0000000082a00000, 0x0000000082a00000|100%| O|  |TAMS 0x0000000082900000| PB 0x0000000082900000| Untracked 
|  42|0x0000000082a00000, 0x0000000082b00000, 0x0000000082b00000|100%| O|  |TAMS 0x0000000082a00000| PB 0x0000000082a00000| Untracked 
|  43|0x0000000082b00000, 0x0000000082c00000, 0x0000000082c00000|100%|HS|  |TAMS 0x0000000082b00000| PB 0x0000000082b00000| Complete 
|  44|0x0000000082c00000, 0x0000000082d00000, 0x0000000082d00000|100%|HS|  |TAMS 0x0000000082c00000| PB 0x0000000082c00000| Complete 
|  45|0x0000000082d00000, 0x0000000082e00000, 0x0000000082e00000|100%|HS|  |TAMS 0x0000000082d00000| PB 0x0000000082d00000| Complete 
|  46|0x0000000082e00000, 0x0000000082f00000, 0x0000000082f00000|100%|HC|  |TAMS 0x0000000082e00000| PB 0x0000000082e00000| Complete 
|  47|0x0000000082f00000, 0x0000000083000000, 0x0000000083000000|100%|HS|  |TAMS 0x0000000082f00000| PB 0x0000000082f00000| Complete 
|  48|0x0000000083000000, 0x0000000083100000, 0x0000000083100000|100%|HC|  |TAMS 0x0000000083000000| PB 0x0000000083000000| Complete 
|  49|0x0000000083100000, 0x0000000083200000, 0x0000000083200000|100%|HS|  |TAMS 0x0000000083100000| PB 0x0000000083100000| Complete 
|  50|0x0000000083200000, 0x0000000083300000, 0x0000000083300000|100%|HS|  |TAMS 0x0000000083200000| PB 0x0000000083200000| Complete 
|  51|0x0000000083300000, 0x0000000083400000, 0x0000000083400000|100%|HC|  |TAMS 0x0000000083300000| PB 0x0000000083300000| Complete 
|  52|0x0000000083400000, 0x0000000083500000, 0x0000000083500000|100%|HC|  |TAMS 0x0000000083400000| PB 0x0000000083400000| Complete 
|  53|0x0000000083500000, 0x0000000083600000, 0x0000000083600000|100%|HC|  |TAMS 0x0000000083500000| PB 0x0000000083500000| Complete 
|  54|0x0000000083600000, 0x0000000083700000, 0x0000000083700000|100%|HS|  |TAMS 0x0000000083600000| PB 0x0000000083600000| Complete 
|  55|0x0000000083700000, 0x0000000083800000, 0x0000000083800000|100%| O|  |TAMS 0x0000000083700000| PB 0x0000000083700000| Untracked 
|  56|0x0000000083800000, 0x0000000083900000, 0x0000000083900000|100%|HS|  |TAMS 0x0000000083800000| PB 0x0000000083800000| Complete 
|  57|0x0000000083900000, 0x0000000083a00000, 0x0000000083a00000|100%|HS|  |TAMS 0x0000000083900000| PB 0x0000000083900000| Complete 
|  58|0x0000000083a00000, 0x0000000083b00000, 0x0000000083b00000|100%| O|  |TAMS 0x0000000083a00000| PB 0x0000000083a00000| Untracked 
|  59|0x0000000083b00000, 0x0000000083c00000, 0x0000000083c00000|100%| O|  |TAMS 0x0000000083b00000| PB 0x0000000083b00000| Untracked 
|  60|0x0000000083c00000, 0x0000000083d00000, 0x0000000083d00000|100%| O|  |TAMS 0x0000000083c00000| PB 0x0000000083c00000| Untracked 
|  61|0x0000000083d00000, 0x0000000083e00000, 0x0000000083e00000|100%| O|CS|TAMS 0x0000000083d00000| PB 0x0000000083d00000| Complete 
|  62|0x0000000083e00000, 0x0000000083f00000, 0x0000000083f00000|100%| O|  |TAMS 0x0000000083e00000| PB 0x0000000083e00000| Untracked 
|  63|0x0000000083f00000, 0x0000000084000000, 0x0000000084000000|100%| O|CS|TAMS 0x0000000083f00000| PB 0x0000000083f00000| Complete 
|  64|0x0000000084000000, 0x0000000084100000, 0x0000000084100000|100%| O|  |TAMS 0x0000000084000000| PB 0x0000000084000000| Untracked 
|  65|0x0000000084100000, 0x0000000084200000, 0x0000000084200000|100%|HS|  |TAMS 0x0000000084100000| PB 0x0000000084100000| Complete 
|  66|0x0000000084200000, 0x0000000084300000, 0x0000000084300000|100%| O|CS|TAMS 0x0000000084200000| PB 0x0000000084200000| Complete 
|  67|0x0000000084300000, 0x0000000084400000, 0x0000000084400000|100%|HS|  |TAMS 0x0000000084300000| PB 0x0000000084300000| Complete 
|  68|0x0000000084400000, 0x0000000084500000, 0x0000000084500000|100%|HC|  |TAMS 0x0000000084400000| PB 0x0000000084400000| Complete 
|  69|0x0000000084500000, 0x0000000084600000, 0x0000000084600000|100%|HC|  |TAMS 0x0000000084500000| PB 0x0000000084500000| Complete 
|  70|0x0000000084600000, 0x0000000084700000, 0x0000000084700000|100%|HC|  |TAMS 0x0000000084600000| PB 0x0000000084600000| Complete 
|  71|0x0000000084700000, 0x0000000084800000, 0x0000000084800000|100%| O|  |TAMS 0x0000000084700000| PB 0x0000000084700000| Untracked 
|  72|0x0000000084800000, 0x0000000084900000, 0x0000000084900000|100%| O|CS|TAMS 0x0000000084800000| PB 0x0000000084800000| Complete 
|  73|0x0000000084900000, 0x0000000084a00000, 0x0000000084a00000|100%| O|CS|TAMS 0x0000000084900000| PB 0x0000000084900000| Complete 
|  74|0x0000000084a00000, 0x0000000084b00000, 0x0000000084b00000|100%| O|CS|TAMS 0x0000000084a00000| PB 0x0000000084a00000| Complete 
|  75|0x0000000084b00000, 0x0000000084c00000, 0x0000000084c00000|100%| O|  |TAMS 0x0000000084b00000| PB 0x0000000084b00000| Untracked 
|  76|0x0000000084c00000, 0x0000000084d00000, 0x0000000084d00000|100%| O|  |TAMS 0x0000000084c00000| PB 0x0000000084c00000| Untracked 
|  77|0x0000000084d00000, 0x0000000084e00000, 0x0000000084e00000|100%| O|  |TAMS 0x0000000084d00000| PB 0x0000000084d00000| Untracked 
|  78|0x0000000084e00000, 0x0000000084f00000, 0x0000000084f00000|100%| O|  |TAMS 0x0000000084e00000| PB 0x0000000084e00000| Untracked 
|  79|0x0000000084f00000, 0x0000000085000000, 0x0000000085000000|100%| O|  |TAMS 0x0000000084f00000| PB 0x0000000084f00000| Untracked 
|  80|0x0000000085000000, 0x0000000085100000, 0x0000000085100000|100%| O|  |TAMS 0x0000000085000000| PB 0x0000000085000000| Untracked 
|  81|0x0000000085100000, 0x0000000085200000, 0x0000000085200000|100%| O|  |TAMS 0x0000000085100000| PB 0x0000000085100000| Untracked 
|  82|0x0000000085200000, 0x0000000085300000, 0x0000000085300000|100%| O|  |TAMS 0x0000000085200000| PB 0x0000000085200000| Untracked 
|  83|0x0000000085300000, 0x0000000085400000, 0x0000000085400000|100%| O|  |TAMS 0x0000000085300000| PB 0x0000000085300000| Untracked 
|  84|0x0000000085400000, 0x0000000085500000, 0x0000000085500000|100%| O|  |TAMS 0x0000000085400000| PB 0x0000000085400000| Untracked 
|  85|0x0000000085500000, 0x0000000085600000, 0x0000000085600000|100%| O|CS|TAMS 0x0000000085500000| PB 0x0000000085500000| Complete 
|  86|0x0000000085600000, 0x0000000085700000, 0x0000000085700000|100%| O|  |TAMS 0x0000000085600000| PB 0x0000000085600000| Untracked 
|  87|0x0000000085700000, 0x0000000085800000, 0x0000000085800000|100%| O|  |TAMS 0x0000000085700000| PB 0x0000000085700000| Untracked 
|  88|0x0000000085800000, 0x0000000085900000, 0x0000000085900000|100%| O|  |TAMS 0x0000000085800000| PB 0x0000000085800000| Untracked 
|  89|0x0000000085900000, 0x0000000085a00000, 0x0000000085a00000|100%| O|  |TAMS 0x0000000085900000| PB 0x0000000085900000| Untracked 
|  90|0x0000000085a00000, 0x0000000085b00000, 0x0000000085b00000|100%| O|  |TAMS 0x0000000085a00000| PB 0x0000000085a00000| Untracked 
|  91|0x0000000085b00000, 0x0000000085c00000, 0x0000000085c00000|100%| O|  |TAMS 0x0000000085b00000| PB 0x0000000085b00000| Untracked 
|  92|0x0000000085c00000, 0x0000000085d00000, 0x0000000085d00000|100%| O|  |TAMS 0x0000000085c00000| PB 0x0000000085c00000| Untracked 
|  93|0x0000000085d00000, 0x0000000085e00000, 0x0000000085e00000|100%| O|  |TAMS 0x0000000085d00000| PB 0x0000000085d00000| Untracked 
|  94|0x0000000085e00000, 0x0000000085f00000, 0x0000000085f00000|100%| O|  |TAMS 0x0000000085e00000| PB 0x0000000085e00000| Untracked 
|  95|0x0000000085f00000, 0x0000000086000000, 0x0000000086000000|100%| O|  |TAMS 0x0000000085f00000| PB 0x0000000085f00000| Untracked 
|  96|0x0000000086000000, 0x0000000086100000, 0x0000000086100000|100%| O|CS|TAMS 0x0000000086000000| PB 0x0000000086000000| Complete 
|  97|0x0000000086100000, 0x0000000086200000, 0x0000000086200000|100%| O|  |TAMS 0x0000000086100000| PB 0x0000000086100000| Untracked 
|  98|0x0000000086200000, 0x0000000086300000, 0x0000000086300000|100%| O|CS|TAMS 0x0000000086200000| PB 0x0000000086200000| Complete 
|  99|0x0000000086300000, 0x0000000086400000, 0x0000000086400000|100%| O|  |TAMS 0x0000000086300000| PB 0x0000000086300000| Untracked 
| 100|0x0000000086400000, 0x0000000086500000, 0x0000000086500000|100%| O|  |TAMS 0x0000000086400000| PB 0x0000000086400000| Untracked 
| 101|0x0000000086500000, 0x0000000086600000, 0x0000000086600000|100%| O|  |TAMS 0x0000000086500000| PB 0x0000000086500000| Untracked 
| 102|0x0000000086600000, 0x0000000086700000, 0x0000000086700000|100%| O|  |TAMS 0x0000000086600000| PB 0x0000000086600000| Untracked 
| 103|0x0000000086700000, 0x0000000086800000, 0x0000000086800000|100%| O|  |TAMS 0x0000000086700000| PB 0x0000000086700000| Untracked 
| 104|0x0000000086800000, 0x0000000086900000, 0x0000000086900000|100%| O|  |TAMS 0x0000000086800000| PB 0x0000000086800000| Untracked 
| 105|0x0000000086900000, 0x0000000086a00000, 0x0000000086a00000|100%| O|CS|TAMS 0x0000000086900000| PB 0x0000000086900000| Complete 
| 106|0x0000000086a00000, 0x0000000086b00000, 0x0000000086b00000|100%| O|  |TAMS 0x0000000086a00000| PB 0x0000000086a00000| Untracked 
| 107|0x0000000086b00000, 0x0000000086c00000, 0x0000000086c00000|100%| O|CS|TAMS 0x0000000086b00000| PB 0x0000000086b00000| Complete 
| 108|0x0000000086c00000, 0x0000000086d00000, 0x0000000086d00000|100%| O|  |TAMS 0x0000000086c00000| PB 0x0000000086c00000| Untracked 
| 109|0x0000000086d00000, 0x0000000086e00000, 0x0000000086e00000|100%| O|CS|TAMS 0x0000000086d00000| PB 0x0000000086d00000| Complete 
| 110|0x0000000086e00000, 0x0000000086f00000, 0x0000000086f00000|100%| O|  |TAMS 0x0000000086e00000| PB 0x0000000086e00000| Untracked 
| 111|0x0000000086f00000, 0x0000000087000000, 0x0000000087000000|100%| O|  |TAMS 0x0000000086f00000| PB 0x0000000086f00000| Untracked 
| 112|0x0000000087000000, 0x0000000087100000, 0x0000000087100000|100%| O|  |TAMS 0x0000000087000000| PB 0x0000000087000000| Untracked 
| 113|0x0000000087100000, 0x0000000087200000, 0x0000000087200000|100%| O|  |TAMS 0x0000000087100000| PB 0x0000000087100000| Untracked 
| 114|0x0000000087200000, 0x0000000087300000, 0x0000000087300000|100%| O|  |TAMS 0x0000000087200000| PB 0x0000000087200000| Untracked 
| 115|0x0000000087300000, 0x0000000087400000, 0x0000000087400000|100%| O|  |TAMS 0x0000000087300000| PB 0x0000000087300000| Untracked 
| 116|0x0000000087400000, 0x0000000087500000, 0x0000000087500000|100%| O|  |TAMS 0x0000000087400000| PB 0x0000000087400000| Untracked 
| 117|0x0000000087500000, 0x0000000087600000, 0x0000000087600000|100%| O|  |TAMS 0x0000000087500000| PB 0x0000000087500000| Untracked 
| 118|0x0000000087600000, 0x0000000087700000, 0x0000000087700000|100%| O|  |TAMS 0x0000000087600000| PB 0x0000000087600000| Untracked 
| 119|0x0000000087700000, 0x0000000087800000, 0x0000000087800000|100%|HS|  |TAMS 0x0000000087700000| PB 0x0000000087700000| Complete 
| 120|0x0000000087800000, 0x0000000087900000, 0x0000000087900000|100%|HC|  |TAMS 0x0000000087800000| PB 0x0000000087800000| Complete 
| 121|0x0000000087900000, 0x0000000087a00000, 0x0000000087a00000|100%|HS|  |TAMS 0x0000000087900000| PB 0x0000000087900000| Complete 
| 122|0x0000000087a00000, 0x0000000087b00000, 0x0000000087b00000|100%|HC|  |TAMS 0x0000000087a00000| PB 0x0000000087a00000| Complete 
| 123|0x0000000087b00000, 0x0000000087c00000, 0x0000000087c00000|100%|HS|  |TAMS 0x0000000087b00000| PB 0x0000000087b00000| Complete 
| 124|0x0000000087c00000, 0x0000000087d00000, 0x0000000087d00000|100%|HC|  |TAMS 0x0000000087c00000| PB 0x0000000087c00000| Complete 
| 125|0x0000000087d00000, 0x0000000087e00000, 0x0000000087e00000|100%|HS|  |TAMS 0x0000000087d00000| PB 0x0000000087d00000| Complete 
| 126|0x0000000087e00000, 0x0000000087f00000, 0x0000000087f00000|100%|HC|  |TAMS 0x0000000087e00000| PB 0x0000000087e00000| Complete 
| 127|0x0000000087f00000, 0x0000000088000000, 0x0000000088000000|100%|HS|  |TAMS 0x0000000087f00000| PB 0x0000000087f00000| Complete 
| 128|0x0000000088000000, 0x0000000088100000, 0x0000000088100000|100%| O|  |TAMS 0x0000000088000000| PB 0x0000000088000000| Untracked 
| 129|0x0000000088100000, 0x0000000088200000, 0x0000000088200000|100%|HS|  |TAMS 0x0000000088100000| PB 0x0000000088100000| Complete 
| 130|0x0000000088200000, 0x0000000088300000, 0x0000000088300000|100%| O|  |TAMS 0x0000000088200000| PB 0x0000000088200000| Untracked 
| 131|0x0000000088300000, 0x0000000088400000, 0x0000000088400000|100%|HS|  |TAMS 0x0000000088300000| PB 0x0000000088300000| Complete 
| 132|0x0000000088400000, 0x0000000088500000, 0x0000000088500000|100%|HC|  |TAMS 0x0000000088400000| PB 0x0000000088400000| Complete 
| 133|0x0000000088500000, 0x0000000088600000, 0x0000000088600000|100%|HS|  |TAMS 0x0000000088500000| PB 0x0000000088500000| Complete 
| 134|0x0000000088600000, 0x0000000088700000, 0x0000000088700000|100%|HC|  |TAMS 0x0000000088600000| PB 0x0000000088600000| Complete 
| 135|0x0000000088700000, 0x0000000088800000, 0x0000000088800000|100%| O|  |TAMS 0x0000000088700000| PB 0x0000000088700000| Untracked 
| 136|0x0000000088800000, 0x0000000088900000, 0x0000000088900000|100%| O|  |TAMS 0x0000000088800000| PB 0x0000000088800000| Untracked 
| 137|0x0000000088900000, 0x0000000088a00000, 0x0000000088a00000|100%| O|  |TAMS 0x0000000088900000| PB 0x0000000088900000| Untracked 
| 138|0x0000000088a00000, 0x0000000088b00000, 0x0000000088b00000|100%| O|  |TAMS 0x0000000088a00000| PB 0x0000000088a00000| Untracked 
| 139|0x0000000088b00000, 0x0000000088c00000, 0x0000000088c00000|100%|HS|  |TAMS 0x0000000088b00000| PB 0x0000000088b00000| Complete 
| 140|0x0000000088c00000, 0x0000000088d00000, 0x0000000088d00000|100%|HC|  |TAMS 0x0000000088c00000| PB 0x0000000088c00000| Complete 
| 141|0x0000000088d00000, 0x0000000088e00000, 0x0000000088e00000|100%|HS|  |TAMS 0x0000000088d00000| PB 0x0000000088d00000| Complete 
| 142|0x0000000088e00000, 0x0000000088f00000, 0x0000000088f00000|100%|HC|  |TAMS 0x0000000088e00000| PB 0x0000000088e00000| Complete 
| 143|0x0000000088f00000, 0x0000000089000000, 0x0000000089000000|100%|HS|  |TAMS 0x0000000088f00000| PB 0x0000000088f00000| Complete 
| 144|0x0000000089000000, 0x0000000089100000, 0x0000000089100000|100%|HC|  |TAMS 0x0000000089000000| PB 0x0000000089000000| Complete 
| 145|0x0000000089100000, 0x0000000089200000, 0x0000000089200000|100%|HS|  |TAMS 0x0000000089100000| PB 0x0000000089100000| Complete 
| 146|0x0000000089200000, 0x0000000089300000, 0x0000000089300000|100%|HC|  |TAMS 0x0000000089200000| PB 0x0000000089200000| Complete 
| 147|0x0000000089300000, 0x0000000089400000, 0x0000000089400000|100%|HS|  |TAMS 0x0000000089300000| PB 0x0000000089300000| Complete 
| 148|0x0000000089400000, 0x0000000089500000, 0x0000000089500000|100%| O|  |TAMS 0x0000000089400000| PB 0x0000000089400000| Untracked 
| 149|0x0000000089500000, 0x0000000089600000, 0x0000000089600000|100%| O|  |TAMS 0x0000000089500000| PB 0x0000000089500000| Untracked 
| 150|0x0000000089600000, 0x0000000089700000, 0x0000000089700000|100%|HS|  |TAMS 0x0000000089600000| PB 0x0000000089600000| Complete 
| 151|0x0000000089700000, 0x0000000089800000, 0x0000000089800000|100%|HC|  |TAMS 0x0000000089700000| PB 0x0000000089700000| Complete 
| 152|0x0000000089800000, 0x0000000089900000, 0x0000000089900000|100%|HS|  |TAMS 0x0000000089800000| PB 0x0000000089800000| Complete 
| 153|0x0000000089900000, 0x0000000089a00000, 0x0000000089a00000|100%|HC|  |TAMS 0x0000000089900000| PB 0x0000000089900000| Complete 
| 154|0x0000000089a00000, 0x0000000089b00000, 0x0000000089b00000|100%|HS|  |TAMS 0x0000000089a00000| PB 0x0000000089a00000| Complete 
| 155|0x0000000089b00000, 0x0000000089c00000, 0x0000000089c00000|100%| O|  |TAMS 0x0000000089b00000| PB 0x0000000089b00000| Untracked 
| 156|0x0000000089c00000, 0x0000000089d00000, 0x0000000089d00000|100%| O|  |TAMS 0x0000000089c00000| PB 0x0000000089c00000| Untracked 
| 157|0x0000000089d00000, 0x0000000089e00000, 0x0000000089e00000|100%|HS|  |TAMS 0x0000000089d00000| PB 0x0000000089d00000| Complete 
| 158|0x0000000089e00000, 0x0000000089f00000, 0x0000000089f00000|100%|HC|  |TAMS 0x0000000089e00000| PB 0x0000000089e00000| Complete 
| 159|0x0000000089f00000, 0x000000008a000000, 0x000000008a000000|100%|HS|  |TAMS 0x0000000089f00000| PB 0x0000000089f00000| Complete 
| 160|0x000000008a000000, 0x000000008a100000, 0x000000008a100000|100%|HC|  |TAMS 0x000000008a000000| PB 0x000000008a000000| Complete 
| 161|0x000000008a100000, 0x000000008a200000, 0x000000008a200000|100%| E|CS|TAMS 0x000000008a100000| PB 0x000000008a100000| Complete 
| 162|0x000000008a200000, 0x000000008a300000, 0x000000008a300000|100%| O|  |TAMS 0x000000008a200000| PB 0x000000008a200000| Untracked 
| 163|0x000000008a300000, 0x000000008a400000, 0x000000008a400000|100%|HS|  |TAMS 0x000000008a300000| PB 0x000000008a300000| Complete 
| 164|0x000000008a400000, 0x000000008a500000, 0x000000008a500000|100%|HC|  |TAMS 0x000000008a400000| PB 0x000000008a400000| Complete 
| 165|0x000000008a500000, 0x000000008a600000, 0x000000008a600000|100%|HC|  |TAMS 0x000000008a500000| PB 0x000000008a500000| Complete 
| 166|0x000000008a600000, 0x000000008a700000, 0x000000008a700000|100%| O|  |TAMS 0x000000008a600000| PB 0x000000008a600000| Untracked 
| 167|0x000000008a700000, 0x000000008a800000, 0x000000008a800000|100%| E|CS|TAMS 0x000000008a700000| PB 0x000000008a700000| Complete 
| 168|0x000000008a800000, 0x000000008a900000, 0x000000008a900000|100%| O|  |TAMS 0x000000008a800000| PB 0x000000008a800000| Untracked 
| 169|0x000000008a900000, 0x000000008aa00000, 0x000000008aa00000|100%| O|Cm|TAMS 0x000000008a900000| PB 0x000000008a900000| Complete 
| 170|0x000000008aa00000, 0x000000008ab00000, 0x000000008ab00000|100%| O|  |TAMS 0x000000008aa00000| PB 0x000000008aa00000| Untracked 
| 171|0x000000008ab00000, 0x000000008ac00000, 0x000000008ac00000|100%|HS|  |TAMS 0x000000008ab00000| PB 0x000000008ab00000| Complete 
| 172|0x000000008ac00000, 0x000000008ad00000, 0x000000008ad00000|100%|HC|  |TAMS 0x000000008ac00000| PB 0x000000008ac00000| Complete 
| 173|0x000000008ad00000, 0x000000008ae00000, 0x000000008ae00000|100%| E|CS|TAMS 0x000000008ad00000| PB 0x000000008ad00000| Complete 
| 174|0x000000008ae00000, 0x000000008af00000, 0x000000008af00000|100%| O|Cm|TAMS 0x000000008ae00000| PB 0x000000008ae00000| Complete 
| 175|0x000000008af00000, 0x000000008b000000, 0x000000008b000000|100%|HS|  |TAMS 0x000000008af00000| PB 0x000000008af00000| Complete 
| 176|0x000000008b000000, 0x000000008b100000, 0x000000008b100000|100%|HC|  |TAMS 0x000000008b000000| PB 0x000000008b000000| Complete 
| 177|0x000000008b100000, 0x000000008b200000, 0x000000008b200000|100%|HC|  |TAMS 0x000000008b100000| PB 0x000000008b100000| Complete 
| 178|0x000000008b200000, 0x000000008b300000, 0x000000008b300000|100%|HC|  |TAMS 0x000000008b200000| PB 0x000000008b200000| Complete 
| 179|0x000000008b300000, 0x000000008b400000, 0x000000008b400000|100%|HS|  |TAMS 0x000000008b300000| PB 0x000000008b300000| Complete 
| 180|0x000000008b400000, 0x000000008b500000, 0x000000008b500000|100%|HC|  |TAMS 0x000000008b400000| PB 0x000000008b400000| Complete 
| 181|0x000000008b500000, 0x000000008b600000, 0x000000008b600000|100%|HC|  |TAMS 0x000000008b500000| PB 0x000000008b500000| Complete 
| 182|0x000000008b600000, 0x000000008b700000, 0x000000008b700000|100%|HC|  |TAMS 0x000000008b600000| PB 0x000000008b600000| Complete 
| 183|0x000000008b700000, 0x000000008b800000, 0x000000008b800000|100%|HC|  |TAMS 0x000000008b700000| PB 0x000000008b700000| Complete 
| 184|0x000000008b800000, 0x000000008b900000, 0x000000008b900000|100%|HC|  |TAMS 0x000000008b800000| PB 0x000000008b800000| Complete 
| 185|0x000000008b900000, 0x000000008ba00000, 0x000000008ba00000|100%|HC|  |TAMS 0x000000008b900000| PB 0x000000008b900000| Complete 
| 186|0x000000008ba00000, 0x000000008bb00000, 0x000000008bb00000|100%|HC|  |TAMS 0x000000008ba00000| PB 0x000000008ba00000| Complete 
| 187|0x000000008bb00000, 0x000000008bc00000, 0x000000008bc00000|100%|HS|  |TAMS 0x000000008bb00000| PB 0x000000008bb00000| Complete 
| 188|0x000000008bc00000, 0x000000008bd00000, 0x000000008bd00000|100%|HC|  |TAMS 0x000000008bc00000| PB 0x000000008bc00000| Complete 
| 189|0x000000008bd00000, 0x000000008be00000, 0x000000008be00000|100%|HC|  |TAMS 0x000000008bd00000| PB 0x000000008bd00000| Complete 
| 190|0x000000008be00000, 0x000000008bf00000, 0x000000008bf00000|100%|HC|  |TAMS 0x000000008be00000| PB 0x000000008be00000| Complete 
| 191|0x000000008bf00000, 0x000000008c000000, 0x000000008c000000|100%|HC|  |TAMS 0x000000008bf00000| PB 0x000000008bf00000| Complete 
| 192|0x000000008c000000, 0x000000008c100000, 0x000000008c100000|100%|HS|  |TAMS 0x000000008c000000| PB 0x000000008c000000| Complete 
| 193|0x000000008c100000, 0x000000008c200000, 0x000000008c200000|100%|HC|  |TAMS 0x000000008c100000| PB 0x000000008c100000| Complete 
| 194|0x000000008c200000, 0x000000008c300000, 0x000000008c300000|100%|HC|  |TAMS 0x000000008c200000| PB 0x000000008c200000| Complete 
| 195|0x000000008c300000, 0x000000008c400000, 0x000000008c400000|100%|HC|  |TAMS 0x000000008c300000| PB 0x000000008c300000| Complete 
| 196|0x000000008c400000, 0x000000008c500000, 0x000000008c500000|100%|HC|  |TAMS 0x000000008c400000| PB 0x000000008c400000| Complete 
| 197|0x000000008c500000, 0x000000008c600000, 0x000000008c600000|100%| E|CS|TAMS 0x000000008c500000| PB 0x000000008c500000| Complete 
| 198|0x000000008c600000, 0x000000008c700000, 0x000000008c700000|100%| E|CS|TAMS 0x000000008c600000| PB 0x000000008c600000| Complete 
| 199|0x000000008c700000, 0x000000008c800000, 0x000000008c800000|100%| E|CS|TAMS 0x000000008c700000| PB 0x000000008c700000| Complete 
| 200|0x000000008c800000, 0x000000008c900000, 0x000000008c900000|100%| E|CS|TAMS 0x000000008c800000| PB 0x000000008c800000| Complete 
| 201|0x000000008c900000, 0x000000008ca00000, 0x000000008ca00000|100%| E|CS|TAMS 0x000000008c900000| PB 0x000000008c900000| Complete 
| 202|0x000000008ca00000, 0x000000008cb00000, 0x000000008cb00000|100%| E|CS|TAMS 0x000000008ca00000| PB 0x000000008ca00000| Complete 
| 203|0x000000008cb00000, 0x000000008cc00000, 0x000000008cc00000|100%| E|CS|TAMS 0x000000008cb00000| PB 0x000000008cb00000| Complete 
| 204|0x000000008cc00000, 0x000000008cd00000, 0x000000008cd00000|100%| E|CS|TAMS 0x000000008cc00000| PB 0x000000008cc00000| Complete 
| 205|0x000000008cd00000, 0x000000008ce00000, 0x000000008ce00000|100%| E|CS|TAMS 0x000000008cd00000| PB 0x000000008cd00000| Complete 
| 206|0x000000008ce00000, 0x000000008cf00000, 0x000000008cf00000|100%| E|CS|TAMS 0x000000008ce00000| PB 0x000000008ce00000| Complete 
| 207|0x000000008cf00000, 0x000000008d000000, 0x000000008d000000|100%| E|CS|TAMS 0x000000008cf00000| PB 0x000000008cf00000| Complete 
| 208|0x000000008d000000, 0x000000008d100000, 0x000000008d100000|100%| E|CS|TAMS 0x000000008d000000| PB 0x000000008d000000| Complete 
| 209|0x000000008d100000, 0x000000008d200000, 0x000000008d200000|100%| E|CS|TAMS 0x000000008d100000| PB 0x000000008d100000| Complete 
| 210|0x000000008d200000, 0x000000008d300000, 0x000000008d300000|100%| E|CS|TAMS 0x000000008d200000| PB 0x000000008d200000| Complete 
| 211|0x000000008d300000, 0x000000008d400000, 0x000000008d400000|100%| E|CS|TAMS 0x000000008d300000| PB 0x000000008d300000| Complete 
| 212|0x000000008d400000, 0x000000008d500000, 0x000000008d500000|100%| E|CS|TAMS 0x000000008d400000| PB 0x000000008d400000| Complete 
| 213|0x000000008d500000, 0x000000008d600000, 0x000000008d600000|100%| E|CS|TAMS 0x000000008d500000| PB 0x000000008d500000| Complete 
| 214|0x000000008d600000, 0x000000008d700000, 0x000000008d700000|100%| E|CS|TAMS 0x000000008d600000| PB 0x000000008d600000| Complete 
| 215|0x000000008d700000, 0x000000008d800000, 0x000000008d800000|100%| E|CS|TAMS 0x000000008d700000| PB 0x000000008d700000| Complete 
| 216|0x000000008d800000, 0x000000008d900000, 0x000000008d900000|100%| E|CS|TAMS 0x000000008d800000| PB 0x000000008d800000| Complete 
| 217|0x000000008d900000, 0x000000008da00000, 0x000000008da00000|100%| E|CS|TAMS 0x000000008d900000| PB 0x000000008d900000| Complete 
| 218|0x000000008da00000, 0x000000008db00000, 0x000000008db00000|100%| E|CS|TAMS 0x000000008da00000| PB 0x000000008da00000| Complete 
| 219|0x000000008db00000, 0x000000008dc00000, 0x000000008dc00000|100%| E|CS|TAMS 0x000000008db00000| PB 0x000000008db00000| Complete 
| 220|0x000000008dc00000, 0x000000008dd00000, 0x000000008dd00000|100%| E|CS|TAMS 0x000000008dc00000| PB 0x000000008dc00000| Complete 
| 221|0x000000008dd00000, 0x000000008de00000, 0x000000008de00000|100%| E|CS|TAMS 0x000000008dd00000| PB 0x000000008dd00000| Complete 
| 222|0x000000008de00000, 0x000000008df00000, 0x000000008df00000|100%| E|CS|TAMS 0x000000008de00000| PB 0x000000008de00000| Complete 
| 223|0x000000008df00000, 0x000000008e000000, 0x000000008e000000|100%| E|CS|TAMS 0x000000008df00000| PB 0x000000008df00000| Complete 
| 224|0x000000008e000000, 0x000000008e100000, 0x000000008e100000|100%| E|CS|TAMS 0x000000008e000000| PB 0x000000008e000000| Complete 
| 225|0x000000008e100000, 0x000000008e200000, 0x000000008e200000|100%| E|CS|TAMS 0x000000008e100000| PB 0x000000008e100000| Complete 
| 226|0x000000008e200000, 0x000000008e300000, 0x000000008e300000|100%| E|CS|TAMS 0x000000008e200000| PB 0x000000008e200000| Complete 
| 227|0x000000008e300000, 0x000000008e400000, 0x000000008e400000|100%| E|CS|TAMS 0x000000008e300000| PB 0x000000008e300000| Complete 
| 228|0x000000008e400000, 0x000000008e500000, 0x000000008e500000|100%| E|CS|TAMS 0x000000008e400000| PB 0x000000008e400000| Complete 
| 229|0x000000008e500000, 0x000000008e600000, 0x000000008e600000|100%| E|CS|TAMS 0x000000008e500000| PB 0x000000008e500000| Complete 
| 230|0x000000008e600000, 0x000000008e700000, 0x000000008e700000|100%| E|CS|TAMS 0x000000008e600000| PB 0x000000008e600000| Complete 
| 231|0x000000008e700000, 0x000000008e800000, 0x000000008e800000|100%| E|CS|TAMS 0x000000008e700000| PB 0x000000008e700000| Complete 
| 232|0x000000008e800000, 0x000000008e900000, 0x000000008e900000|100%| E|CS|TAMS 0x000000008e800000| PB 0x000000008e800000| Complete 
| 233|0x000000008e900000, 0x000000008ea00000, 0x000000008ea00000|100%| E|CS|TAMS 0x000000008e900000| PB 0x000000008e900000| Complete 
| 234|0x000000008ea00000, 0x000000008eb00000, 0x000000008eb00000|100%| E|CS|TAMS 0x000000008ea00000| PB 0x000000008ea00000| Complete 
| 235|0x000000008eb00000, 0x000000008ec00000, 0x000000008ec00000|100%| E|CS|TAMS 0x000000008eb00000| PB 0x000000008eb00000| Complete 
| 236|0x000000008ec00000, 0x000000008ed00000, 0x000000008ed00000|100%| E|CS|TAMS 0x000000008ec00000| PB 0x000000008ec00000| Complete 
| 237|0x000000008ed00000, 0x000000008ee00000, 0x000000008ee00000|100%| E|CS|TAMS 0x000000008ed00000| PB 0x000000008ed00000| Complete 
| 238|0x000000008ee00000, 0x000000008ef00000, 0x000000008ef00000|100%| E|CS|TAMS 0x000000008ee00000| PB 0x000000008ee00000| Complete 
| 239|0x000000008ef00000, 0x000000008f000000, 0x000000008f000000|100%| E|CS|TAMS 0x000000008ef00000| PB 0x000000008ef00000| Complete 
| 240|0x000000008f000000, 0x000000008f100000, 0x000000008f100000|100%| E|CS|TAMS 0x000000008f000000| PB 0x000000008f000000| Complete 
| 241|0x000000008f100000, 0x000000008f200000, 0x000000008f200000|100%| E|CS|TAMS 0x000000008f100000| PB 0x000000008f100000| Complete 
| 242|0x000000008f200000, 0x000000008f300000, 0x000000008f300000|100%| E|CS|TAMS 0x000000008f200000| PB 0x000000008f200000| Complete 
| 243|0x000000008f300000, 0x000000008f400000, 0x000000008f400000|100%| E|CS|TAMS 0x000000008f300000| PB 0x000000008f300000| Complete 
| 244|0x000000008f400000, 0x000000008f500000, 0x000000008f500000|100%| E|CS|TAMS 0x000000008f400000| PB 0x000000008f400000| Complete 
| 245|0x000000008f500000, 0x000000008f600000, 0x000000008f600000|100%| E|CS|TAMS 0x000000008f500000| PB 0x000000008f500000| Complete 
| 246|0x000000008f600000, 0x000000008f700000, 0x000000008f700000|100%| E|CS|TAMS 0x000000008f600000| PB 0x000000008f600000| Complete 
| 247|0x000000008f700000, 0x000000008f800000, 0x000000008f800000|100%| E|CS|TAMS 0x000000008f700000| PB 0x000000008f700000| Complete 
| 248|0x000000008f800000, 0x000000008f900000, 0x000000008f900000|100%| E|CS|TAMS 0x000000008f800000| PB 0x000000008f800000| Complete 
| 249|0x000000008f900000, 0x000000008fa00000, 0x000000008fa00000|100%| E|CS|TAMS 0x000000008f900000| PB 0x000000008f900000| Complete 
| 250|0x000000008fa00000, 0x000000008fb00000, 0x000000008fb00000|100%| E|CS|TAMS 0x000000008fa00000| PB 0x000000008fa00000| Complete 
| 251|0x000000008fb00000, 0x000000008fc00000, 0x000000008fc00000|100%| E|CS|TAMS 0x000000008fb00000| PB 0x000000008fb00000| Complete 
| 252|0x000000008fc00000, 0x000000008fd00000, 0x000000008fd00000|100%| E|CS|TAMS 0x000000008fc00000| PB 0x000000008fc00000| Complete 
| 253|0x000000008fd00000, 0x000000008fe00000, 0x000000008fe00000|100%| E|CS|TAMS 0x000000008fd00000| PB 0x000000008fd00000| Complete 
| 254|0x000000008fe00000, 0x000000008ff00000, 0x000000008ff00000|100%| E|CS|TAMS 0x000000008fe00000| PB 0x000000008fe00000| Complete 
| 255|0x000000008ff00000, 0x0000000090000000, 0x0000000090000000|100%| E|CS|TAMS 0x000000008ff00000| PB 0x000000008ff00000| Complete 
| 256|0x0000000090000000, 0x0000000090100000, 0x0000000090100000|100%| E|CS|TAMS 0x0000000090000000| PB 0x0000000090000000| Complete 
| 257|0x0000000090100000, 0x0000000090200000, 0x0000000090200000|100%| E|CS|TAMS 0x0000000090100000| PB 0x0000000090100000| Complete 
| 258|0x0000000090200000, 0x0000000090300000, 0x0000000090300000|100%| E|CS|TAMS 0x0000000090200000| PB 0x0000000090200000| Complete 
| 259|0x0000000090300000, 0x0000000090400000, 0x0000000090400000|100%| E|CS|TAMS 0x0000000090300000| PB 0x0000000090300000| Complete 
| 260|0x0000000090400000, 0x0000000090500000, 0x0000000090500000|100%| E|CS|TAMS 0x0000000090400000| PB 0x0000000090400000| Complete 
| 261|0x0000000090500000, 0x0000000090600000, 0x0000000090600000|100%| E|CS|TAMS 0x0000000090500000| PB 0x0000000090500000| Complete 
| 262|0x0000000090600000, 0x0000000090700000, 0x0000000090700000|100%| E|CS|TAMS 0x0000000090600000| PB 0x0000000090600000| Complete 
| 263|0x0000000090700000, 0x0000000090800000, 0x0000000090800000|100%| E|CS|TAMS 0x0000000090700000| PB 0x0000000090700000| Complete 
| 264|0x0000000090800000, 0x0000000090900000, 0x0000000090900000|100%| E|CS|TAMS 0x0000000090800000| PB 0x0000000090800000| Complete 
| 265|0x0000000090900000, 0x0000000090a00000, 0x0000000090a00000|100%| E|CS|TAMS 0x0000000090900000| PB 0x0000000090900000| Complete 
| 266|0x0000000090a00000, 0x0000000090b00000, 0x0000000090b00000|100%| E|CS|TAMS 0x0000000090a00000| PB 0x0000000090a00000| Complete 
| 267|0x0000000090b00000, 0x0000000090c00000, 0x0000000090c00000|100%| E|CS|TAMS 0x0000000090b00000| PB 0x0000000090b00000| Complete 
| 268|0x0000000090c00000, 0x0000000090d00000, 0x0000000090d00000|100%| E|CS|TAMS 0x0000000090c00000| PB 0x0000000090c00000| Complete 
| 269|0x0000000090d00000, 0x0000000090e00000, 0x0000000090e00000|100%| E|CS|TAMS 0x0000000090d00000| PB 0x0000000090d00000| Complete 
| 270|0x0000000090e00000, 0x0000000090f00000, 0x0000000090f00000|100%| E|CS|TAMS 0x0000000090e00000| PB 0x0000000090e00000| Complete 
| 271|0x0000000090f00000, 0x0000000091000000, 0x0000000091000000|100%| E|CS|TAMS 0x0000000090f00000| PB 0x0000000090f00000| Complete 
| 272|0x0000000091000000, 0x0000000091100000, 0x0000000091100000|100%| E|CS|TAMS 0x0000000091000000| PB 0x0000000091000000| Complete 
| 273|0x0000000091100000, 0x0000000091200000, 0x0000000091200000|100%| E|CS|TAMS 0x0000000091100000| PB 0x0000000091100000| Complete 
| 274|0x0000000091200000, 0x0000000091300000, 0x0000000091300000|100%| E|CS|TAMS 0x0000000091200000| PB 0x0000000091200000| Complete 
| 275|0x0000000091300000, 0x0000000091400000, 0x0000000091400000|100%| E|CS|TAMS 0x0000000091300000| PB 0x0000000091300000| Complete 
| 276|0x0000000091400000, 0x0000000091500000, 0x0000000091500000|100%| E|CS|TAMS 0x0000000091400000| PB 0x0000000091400000| Complete 
| 277|0x0000000091500000, 0x0000000091600000, 0x0000000091600000|100%| E|CS|TAMS 0x0000000091500000| PB 0x0000000091500000| Complete 
| 278|0x0000000091600000, 0x0000000091700000, 0x0000000091700000|100%| E|CS|TAMS 0x0000000091600000| PB 0x0000000091600000| Complete 
| 279|0x0000000091700000, 0x0000000091800000, 0x0000000091800000|100%| E|CS|TAMS 0x0000000091700000| PB 0x0000000091700000| Complete 
| 280|0x0000000091800000, 0x0000000091900000, 0x0000000091900000|100%| E|CS|TAMS 0x0000000091800000| PB 0x0000000091800000| Complete 
| 281|0x0000000091900000, 0x0000000091a00000, 0x0000000091a00000|100%| E|CS|TAMS 0x0000000091900000| PB 0x0000000091900000| Complete 
| 282|0x0000000091a00000, 0x0000000091b00000, 0x0000000091b00000|100%| E|CS|TAMS 0x0000000091a00000| PB 0x0000000091a00000| Complete 
| 283|0x0000000091b00000, 0x0000000091c00000, 0x0000000091c00000|100%| E|CS|TAMS 0x0000000091b00000| PB 0x0000000091b00000| Complete 
| 284|0x0000000091c00000, 0x0000000091d00000, 0x0000000091d00000|100%| E|CS|TAMS 0x0000000091c00000| PB 0x0000000091c00000| Complete 
| 285|0x0000000091d00000, 0x0000000091e00000, 0x0000000091e00000|100%| E|CS|TAMS 0x0000000091d00000| PB 0x0000000091d00000| Complete 
| 286|0x0000000091e00000, 0x0000000091f00000, 0x0000000091f00000|100%| E|CS|TAMS 0x0000000091e00000| PB 0x0000000091e00000| Complete 
| 287|0x0000000091f00000, 0x0000000092000000, 0x0000000092000000|100%| E|CS|TAMS 0x0000000091f00000| PB 0x0000000091f00000| Complete 
| 288|0x0000000092000000, 0x0000000092100000, 0x0000000092100000|100%| E|CS|TAMS 0x0000000092000000| PB 0x0000000092000000| Complete 
| 289|0x0000000092100000, 0x0000000092200000, 0x0000000092200000|100%| E|CS|TAMS 0x0000000092100000| PB 0x0000000092100000| Complete 
| 290|0x0000000092200000, 0x0000000092300000, 0x0000000092300000|100%| E|CS|TAMS 0x0000000092200000| PB 0x0000000092200000| Complete 
| 291|0x0000000092300000, 0x0000000092400000, 0x0000000092400000|100%| E|CS|TAMS 0x0000000092300000| PB 0x0000000092300000| Complete 
| 292|0x0000000092400000, 0x0000000092500000, 0x0000000092500000|100%| E|CS|TAMS 0x0000000092400000| PB 0x0000000092400000| Complete 
| 293|0x0000000092500000, 0x0000000092600000, 0x0000000092600000|100%| E|CS|TAMS 0x0000000092500000| PB 0x0000000092500000| Complete 
| 294|0x0000000092600000, 0x0000000092700000, 0x0000000092700000|100%| E|CS|TAMS 0x0000000092600000| PB 0x0000000092600000| Complete 
| 295|0x0000000092700000, 0x0000000092800000, 0x0000000092800000|100%| E|CS|TAMS 0x0000000092700000| PB 0x0000000092700000| Complete 
| 296|0x0000000092800000, 0x0000000092900000, 0x0000000092900000|100%| E|CS|TAMS 0x0000000092800000| PB 0x0000000092800000| Complete 
| 297|0x0000000092900000, 0x0000000092a00000, 0x0000000092a00000|100%| E|CS|TAMS 0x0000000092900000| PB 0x0000000092900000| Complete 
| 298|0x0000000092a00000, 0x0000000092b00000, 0x0000000092b00000|100%| E|CS|TAMS 0x0000000092a00000| PB 0x0000000092a00000| Complete 
| 299|0x0000000092b00000, 0x0000000092c00000, 0x0000000092c00000|100%| E|CS|TAMS 0x0000000092b00000| PB 0x0000000092b00000| Complete 
| 300|0x0000000092c00000, 0x0000000092d00000, 0x0000000092d00000|100%| E|CS|TAMS 0x0000000092c00000| PB 0x0000000092c00000| Complete 
| 301|0x0000000092d00000, 0x0000000092e00000, 0x0000000092e00000|100%| E|CS|TAMS 0x0000000092d00000| PB 0x0000000092d00000| Complete 
| 302|0x0000000092e00000, 0x0000000092f00000, 0x0000000092f00000|100%| E|CS|TAMS 0x0000000092e00000| PB 0x0000000092e00000| Complete 
| 303|0x0000000092f00000, 0x0000000093000000, 0x0000000093000000|100%| E|CS|TAMS 0x0000000092f00000| PB 0x0000000092f00000| Complete 
| 304|0x0000000093000000, 0x0000000093100000, 0x0000000093100000|100%| E|CS|TAMS 0x0000000093000000| PB 0x0000000093000000| Complete 
| 305|0x0000000093100000, 0x0000000093200000, 0x0000000093200000|100%| E|CS|TAMS 0x0000000093100000| PB 0x0000000093100000| Complete 
| 306|0x0000000093200000, 0x0000000093300000, 0x0000000093300000|100%| E|CS|TAMS 0x0000000093200000| PB 0x0000000093200000| Complete 
| 307|0x0000000093300000, 0x0000000093400000, 0x0000000093400000|100%| E|CS|TAMS 0x0000000093300000| PB 0x0000000093300000| Complete 
| 308|0x0000000093400000, 0x0000000093500000, 0x0000000093500000|100%| E|CS|TAMS 0x0000000093400000| PB 0x0000000093400000| Complete 
| 309|0x0000000093500000, 0x0000000093600000, 0x0000000093600000|100%| E|CS|TAMS 0x0000000093500000| PB 0x0000000093500000| Complete 
| 310|0x0000000093600000, 0x0000000093700000, 0x0000000093700000|100%| E|CS|TAMS 0x0000000093600000| PB 0x0000000093600000| Complete 
| 311|0x0000000093700000, 0x0000000093800000, 0x0000000093800000|100%| E|CS|TAMS 0x0000000093700000| PB 0x0000000093700000| Complete 
| 312|0x0000000093800000, 0x0000000093900000, 0x0000000093900000|100%| E|CS|TAMS 0x0000000093800000| PB 0x0000000093800000| Complete 
| 313|0x0000000093900000, 0x0000000093a00000, 0x0000000093a00000|100%| E|CS|TAMS 0x0000000093900000| PB 0x0000000093900000| Complete 
| 314|0x0000000093a00000, 0x0000000093b00000, 0x0000000093b00000|100%| E|CS|TAMS 0x0000000093a00000| PB 0x0000000093a00000| Complete 
| 315|0x0000000093b00000, 0x0000000093c00000, 0x0000000093c00000|100%| E|CS|TAMS 0x0000000093b00000| PB 0x0000000093b00000| Complete 
| 316|0x0000000093c00000, 0x0000000093d00000, 0x0000000093d00000|100%| E|CS|TAMS 0x0000000093c00000| PB 0x0000000093c00000| Complete 
| 317|0x0000000093d00000, 0x0000000093e00000, 0x0000000093e00000|100%| E|CS|TAMS 0x0000000093d00000| PB 0x0000000093d00000| Complete 
| 318|0x0000000093e00000, 0x0000000093f00000, 0x0000000093f00000|100%| E|CS|TAMS 0x0000000093e00000| PB 0x0000000093e00000| Complete 
| 319|0x0000000093f00000, 0x0000000094000000, 0x0000000094000000|100%| E|CS|TAMS 0x0000000093f00000| PB 0x0000000093f00000| Complete 
| 320|0x0000000094000000, 0x0000000094100000, 0x0000000094100000|100%| E|CS|TAMS 0x0000000094000000| PB 0x0000000094000000| Complete 
| 321|0x0000000094100000, 0x0000000094200000, 0x0000000094200000|100%| E|CS|TAMS 0x0000000094100000| PB 0x0000000094100000| Complete 
| 322|0x0000000094200000, 0x0000000094300000, 0x0000000094300000|100%| E|CS|TAMS 0x0000000094200000| PB 0x0000000094200000| Complete 
| 323|0x0000000094300000, 0x0000000094400000, 0x0000000094400000|100%| E|CS|TAMS 0x0000000094300000| PB 0x0000000094300000| Complete 
| 324|0x0000000094400000, 0x0000000094500000, 0x0000000094500000|100%| E|CS|TAMS 0x0000000094400000| PB 0x0000000094400000| Complete 
| 325|0x0000000094500000, 0x0000000094600000, 0x0000000094600000|100%| E|CS|TAMS 0x0000000094500000| PB 0x0000000094500000| Complete 
| 326|0x0000000094600000, 0x0000000094700000, 0x0000000094700000|100%| E|CS|TAMS 0x0000000094600000| PB 0x0000000094600000| Complete 
| 327|0x0000000094700000, 0x0000000094800000, 0x0000000094800000|100%| E|CS|TAMS 0x0000000094700000| PB 0x0000000094700000| Complete 
| 328|0x0000000094800000, 0x0000000094900000, 0x0000000094900000|100%| E|CS|TAMS 0x0000000094800000| PB 0x0000000094800000| Complete 
| 329|0x0000000094900000, 0x0000000094a00000, 0x0000000094a00000|100%| E|CS|TAMS 0x0000000094900000| PB 0x0000000094900000| Complete 
| 330|0x0000000094a00000, 0x0000000094b00000, 0x0000000094b00000|100%| E|CS|TAMS 0x0000000094a00000| PB 0x0000000094a00000| Complete 
| 331|0x0000000094b00000, 0x0000000094c00000, 0x0000000094c00000|100%| E|CS|TAMS 0x0000000094b00000| PB 0x0000000094b00000| Complete 
| 332|0x0000000094c00000, 0x0000000094d00000, 0x0000000094d00000|100%| E|CS|TAMS 0x0000000094c00000| PB 0x0000000094c00000| Complete 
| 333|0x0000000094d00000, 0x0000000094e00000, 0x0000000094e00000|100%| E|CS|TAMS 0x0000000094d00000| PB 0x0000000094d00000| Complete 
| 334|0x0000000094e00000, 0x0000000094f00000, 0x0000000094f00000|100%| E|CS|TAMS 0x0000000094e00000| PB 0x0000000094e00000| Complete 
| 335|0x0000000094f00000, 0x0000000095000000, 0x0000000095000000|100%| E|CS|TAMS 0x0000000094f00000| PB 0x0000000094f00000| Complete 
| 336|0x0000000095000000, 0x0000000095100000, 0x0000000095100000|100%| E|CS|TAMS 0x0000000095000000| PB 0x0000000095000000| Complete 
| 337|0x0000000095100000, 0x0000000095200000, 0x0000000095200000|100%| E|CS|TAMS 0x0000000095100000| PB 0x0000000095100000| Complete 
| 338|0x0000000095200000, 0x0000000095300000, 0x0000000095300000|100%| E|CS|TAMS 0x0000000095200000| PB 0x0000000095200000| Complete 
| 339|0x0000000095300000, 0x0000000095400000, 0x0000000095400000|100%| E|CS|TAMS 0x0000000095300000| PB 0x0000000095300000| Complete 
| 340|0x0000000095400000, 0x0000000095500000, 0x0000000095500000|100%| E|CS|TAMS 0x0000000095400000| PB 0x0000000095400000| Complete 
| 341|0x0000000095500000, 0x0000000095600000, 0x0000000095600000|100%| E|CS|TAMS 0x0000000095500000| PB 0x0000000095500000| Complete 
| 342|0x0000000095600000, 0x0000000095700000, 0x0000000095700000|100%| E|CS|TAMS 0x0000000095600000| PB 0x0000000095600000| Complete 
| 343|0x0000000095700000, 0x0000000095800000, 0x0000000095800000|100%| E|CS|TAMS 0x0000000095700000| PB 0x0000000095700000| Complete 
| 344|0x0000000095800000, 0x0000000095900000, 0x0000000095900000|100%| E|CS|TAMS 0x0000000095800000| PB 0x0000000095800000| Complete 
| 345|0x0000000095900000, 0x0000000095a00000, 0x0000000095a00000|100%| E|CS|TAMS 0x0000000095900000| PB 0x0000000095900000| Complete 
| 346|0x0000000095a00000, 0x0000000095b00000, 0x0000000095b00000|100%| E|CS|TAMS 0x0000000095a00000| PB 0x0000000095a00000| Complete 
| 347|0x0000000095b00000, 0x0000000095c00000, 0x0000000095c00000|100%| E|CS|TAMS 0x0000000095b00000| PB 0x0000000095b00000| Complete 
| 348|0x0000000095c00000, 0x0000000095d00000, 0x0000000095d00000|100%| E|CS|TAMS 0x0000000095c00000| PB 0x0000000095c00000| Complete 
| 349|0x0000000095d00000, 0x0000000095e00000, 0x0000000095e00000|100%| E|CS|TAMS 0x0000000095d00000| PB 0x0000000095d00000| Complete 
| 350|0x0000000095e00000, 0x0000000095f00000, 0x0000000095f00000|100%| E|CS|TAMS 0x0000000095e00000| PB 0x0000000095e00000| Complete 
| 351|0x0000000095f00000, 0x0000000096000000, 0x0000000096000000|100%| E|CS|TAMS 0x0000000095f00000| PB 0x0000000095f00000| Complete 
| 352|0x0000000096000000, 0x0000000096100000, 0x0000000096100000|100%| E|CS|TAMS 0x0000000096000000| PB 0x0000000096000000| Complete 
| 353|0x0000000096100000, 0x0000000096200000, 0x0000000096200000|100%| E|CS|TAMS 0x0000000096100000| PB 0x0000000096100000| Complete 
| 354|0x0000000096200000, 0x0000000096300000, 0x0000000096300000|100%| E|CS|TAMS 0x0000000096200000| PB 0x0000000096200000| Complete 
| 355|0x0000000096300000, 0x0000000096400000, 0x0000000096400000|100%| E|CS|TAMS 0x0000000096300000| PB 0x0000000096300000| Complete 
| 356|0x0000000096400000, 0x0000000096500000, 0x0000000096500000|100%| E|CS|TAMS 0x0000000096400000| PB 0x0000000096400000| Complete 
| 357|0x0000000096500000, 0x0000000096600000, 0x0000000096600000|100%| E|CS|TAMS 0x0000000096500000| PB 0x0000000096500000| Complete 
| 358|0x0000000096600000, 0x0000000096700000, 0x0000000096700000|100%| E|CS|TAMS 0x0000000096600000| PB 0x0000000096600000| Complete 
| 359|0x0000000096700000, 0x0000000096800000, 0x0000000096800000|100%| E|CS|TAMS 0x0000000096700000| PB 0x0000000096700000| Complete 
| 360|0x0000000096800000, 0x0000000096900000, 0x0000000096900000|100%| E|CS|TAMS 0x0000000096800000| PB 0x0000000096800000| Complete 
| 361|0x0000000096900000, 0x0000000096a00000, 0x0000000096a00000|100%| E|CS|TAMS 0x0000000096900000| PB 0x0000000096900000| Complete 
| 362|0x0000000096a00000, 0x0000000096b00000, 0x0000000096b00000|100%| E|CS|TAMS 0x0000000096a00000| PB 0x0000000096a00000| Complete 
| 363|0x0000000096b00000, 0x0000000096c00000, 0x0000000096c00000|100%| E|CS|TAMS 0x0000000096b00000| PB 0x0000000096b00000| Complete 
| 364|0x0000000096c00000, 0x0000000096d00000, 0x0000000096d00000|100%| E|CS|TAMS 0x0000000096c00000| PB 0x0000000096c00000| Complete 
| 365|0x0000000096d00000, 0x0000000096e00000, 0x0000000096e00000|100%| E|CS|TAMS 0x0000000096d00000| PB 0x0000000096d00000| Complete 
| 366|0x0000000096e00000, 0x0000000096f00000, 0x0000000096f00000|100%| E|CS|TAMS 0x0000000096e00000| PB 0x0000000096e00000| Complete 
| 367|0x0000000096f00000, 0x0000000097000000, 0x0000000097000000|100%| E|CS|TAMS 0x0000000096f00000| PB 0x0000000096f00000| Complete 
| 368|0x0000000097000000, 0x0000000097100000, 0x0000000097100000|100%| E|CS|TAMS 0x0000000097000000| PB 0x0000000097000000| Complete 
| 369|0x0000000097100000, 0x0000000097200000, 0x0000000097200000|100%| E|CS|TAMS 0x0000000097100000| PB 0x0000000097100000| Complete 
| 370|0x0000000097200000, 0x0000000097300000, 0x0000000097300000|100%| E|CS|TAMS 0x0000000097200000| PB 0x0000000097200000| Complete 
| 371|0x0000000097300000, 0x0000000097400000, 0x0000000097400000|100%| E|CS|TAMS 0x0000000097300000| PB 0x0000000097300000| Complete 
| 372|0x0000000097400000, 0x0000000097500000, 0x0000000097500000|100%| E|CS|TAMS 0x0000000097400000| PB 0x0000000097400000| Complete 
| 373|0x0000000097500000, 0x0000000097600000, 0x0000000097600000|100%| E|CS|TAMS 0x0000000097500000| PB 0x0000000097500000| Complete 
| 374|0x0000000097600000, 0x0000000097700000, 0x0000000097700000|100%| E|CS|TAMS 0x0000000097600000| PB 0x0000000097600000| Complete 
| 375|0x0000000097700000, 0x0000000097800000, 0x0000000097800000|100%| E|CS|TAMS 0x0000000097700000| PB 0x0000000097700000| Complete 
| 376|0x0000000097800000, 0x0000000097900000, 0x0000000097900000|100%| E|CS|TAMS 0x0000000097800000| PB 0x0000000097800000| Complete 
| 377|0x0000000097900000, 0x0000000097a00000, 0x0000000097a00000|100%| E|CS|TAMS 0x0000000097900000| PB 0x0000000097900000| Complete 
| 378|0x0000000097a00000, 0x0000000097b00000, 0x0000000097b00000|100%| E|CS|TAMS 0x0000000097a00000| PB 0x0000000097a00000| Complete 
| 379|0x0000000097b00000, 0x0000000097c00000, 0x0000000097c00000|100%| E|CS|TAMS 0x0000000097b00000| PB 0x0000000097b00000| Complete 
| 380|0x0000000097c00000, 0x0000000097d00000, 0x0000000097d00000|100%| E|CS|TAMS 0x0000000097c00000| PB 0x0000000097c00000| Complete 
| 381|0x0000000097d00000, 0x0000000097e00000, 0x0000000097e00000|100%| E|CS|TAMS 0x0000000097d00000| PB 0x0000000097d00000| Complete 
| 382|0x0000000097e00000, 0x0000000097f00000, 0x0000000097f00000|100%| E|CS|TAMS 0x0000000097e00000| PB 0x0000000097e00000| Complete 
| 383|0x0000000097f00000, 0x0000000098000000, 0x0000000098000000|100%| E|CS|TAMS 0x0000000097f00000| PB 0x0000000097f00000| Complete 
| 384|0x0000000098000000, 0x0000000098100000, 0x0000000098100000|100%| E|CS|TAMS 0x0000000098000000| PB 0x0000000098000000| Complete 
| 385|0x0000000098100000, 0x0000000098200000, 0x0000000098200000|100%| E|CS|TAMS 0x0000000098100000| PB 0x0000000098100000| Complete 
| 386|0x0000000098200000, 0x0000000098300000, 0x0000000098300000|100%| E|CS|TAMS 0x0000000098200000| PB 0x0000000098200000| Complete 
| 387|0x0000000098300000, 0x0000000098400000, 0x0000000098400000|100%| E|CS|TAMS 0x0000000098300000| PB 0x0000000098300000| Complete 
| 388|0x0000000098400000, 0x0000000098500000, 0x0000000098500000|100%| E|CS|TAMS 0x0000000098400000| PB 0x0000000098400000| Complete 
| 389|0x0000000098500000, 0x0000000098600000, 0x0000000098600000|100%| E|CS|TAMS 0x0000000098500000| PB 0x0000000098500000| Complete 
| 390|0x0000000098600000, 0x0000000098700000, 0x0000000098700000|100%| E|CS|TAMS 0x0000000098600000| PB 0x0000000098600000| Complete 
| 391|0x0000000098700000, 0x0000000098800000, 0x0000000098800000|100%| E|CS|TAMS 0x0000000098700000| PB 0x0000000098700000| Complete 
| 392|0x0000000098800000, 0x0000000098900000, 0x0000000098900000|100%| E|CS|TAMS 0x0000000098800000| PB 0x0000000098800000| Complete 
| 393|0x0000000098900000, 0x0000000098a00000, 0x0000000098a00000|100%| E|CS|TAMS 0x0000000098900000| PB 0x0000000098900000| Complete 
| 394|0x0000000098a00000, 0x0000000098b00000, 0x0000000098b00000|100%| E|CS|TAMS 0x0000000098a00000| PB 0x0000000098a00000| Complete 
| 395|0x0000000098b00000, 0x0000000098c00000, 0x0000000098c00000|100%| E|CS|TAMS 0x0000000098b00000| PB 0x0000000098b00000| Complete 
| 396|0x0000000098c00000, 0x0000000098d00000, 0x0000000098d00000|100%| E|CS|TAMS 0x0000000098c00000| PB 0x0000000098c00000| Complete 
| 397|0x0000000098d00000, 0x0000000098e00000, 0x0000000098e00000|100%| E|CS|TAMS 0x0000000098d00000| PB 0x0000000098d00000| Complete 
| 398|0x0000000098e00000, 0x0000000098f00000, 0x0000000098f00000|100%| E|CS|TAMS 0x0000000098e00000| PB 0x0000000098e00000| Complete 
| 399|0x0000000098f00000, 0x0000000099000000, 0x0000000099000000|100%| E|CS|TAMS 0x0000000098f00000| PB 0x0000000098f00000| Complete 
| 400|0x0000000099000000, 0x0000000099100000, 0x0000000099100000|100%| E|CS|TAMS 0x0000000099000000| PB 0x0000000099000000| Complete 
| 401|0x0000000099100000, 0x0000000099200000, 0x0000000099200000|100%| E|CS|TAMS 0x0000000099100000| PB 0x0000000099100000| Complete 
| 402|0x0000000099200000, 0x0000000099300000, 0x0000000099300000|100%| E|CS|TAMS 0x0000000099200000| PB 0x0000000099200000| Complete 
| 403|0x0000000099300000, 0x0000000099400000, 0x0000000099400000|100%| E|CS|TAMS 0x0000000099300000| PB 0x0000000099300000| Complete 
| 404|0x0000000099400000, 0x0000000099500000, 0x0000000099500000|100%| E|CS|TAMS 0x0000000099400000| PB 0x0000000099400000| Complete 
| 405|0x0000000099500000, 0x0000000099600000, 0x0000000099600000|100%| E|CS|TAMS 0x0000000099500000| PB 0x0000000099500000| Complete 
| 406|0x0000000099600000, 0x0000000099700000, 0x0000000099700000|100%| E|CS|TAMS 0x0000000099600000| PB 0x0000000099600000| Complete 
| 407|0x0000000099700000, 0x0000000099800000, 0x0000000099800000|100%| E|CS|TAMS 0x0000000099700000| PB 0x0000000099700000| Complete 
| 408|0x0000000099800000, 0x0000000099900000, 0x0000000099900000|100%| E|CS|TAMS 0x0000000099800000| PB 0x0000000099800000| Complete 
| 409|0x0000000099900000, 0x0000000099a00000, 0x0000000099a00000|100%| E|CS|TAMS 0x0000000099900000| PB 0x0000000099900000| Complete 
| 410|0x0000000099a00000, 0x0000000099b00000, 0x0000000099b00000|100%| E|CS|TAMS 0x0000000099a00000| PB 0x0000000099a00000| Complete 
| 411|0x0000000099b00000, 0x0000000099c00000, 0x0000000099c00000|100%| E|CS|TAMS 0x0000000099b00000| PB 0x0000000099b00000| Complete 
| 412|0x0000000099c00000, 0x0000000099d00000, 0x0000000099d00000|100%| E|CS|TAMS 0x0000000099c00000| PB 0x0000000099c00000| Complete 
| 413|0x0000000099d00000, 0x0000000099e00000, 0x0000000099e00000|100%| E|CS|TAMS 0x0000000099d00000| PB 0x0000000099d00000| Complete 
| 414|0x0000000099e00000, 0x0000000099f00000, 0x0000000099f00000|100%| E|CS|TAMS 0x0000000099e00000| PB 0x0000000099e00000| Complete 
| 415|0x0000000099f00000, 0x000000009a000000, 0x000000009a000000|100%| E|CS|TAMS 0x0000000099f00000| PB 0x0000000099f00000| Complete 
| 416|0x000000009a000000, 0x000000009a100000, 0x000000009a100000|100%| E|CS|TAMS 0x000000009a000000| PB 0x000000009a000000| Complete 
| 417|0x000000009a100000, 0x000000009a200000, 0x000000009a200000|100%| E|CS|TAMS 0x000000009a100000| PB 0x000000009a100000| Complete 
| 418|0x000000009a200000, 0x000000009a300000, 0x000000009a300000|100%| E|CS|TAMS 0x000000009a200000| PB 0x000000009a200000| Complete 
| 419|0x000000009a300000, 0x000000009a400000, 0x000000009a400000|100%| E|CS|TAMS 0x000000009a300000| PB 0x000000009a300000| Complete 
| 420|0x000000009a400000, 0x000000009a500000, 0x000000009a500000|100%| E|CS|TAMS 0x000000009a400000| PB 0x000000009a400000| Complete 
| 421|0x000000009a500000, 0x000000009a600000, 0x000000009a600000|100%| E|CS|TAMS 0x000000009a500000| PB 0x000000009a500000| Complete 
| 422|0x000000009a600000, 0x000000009a700000, 0x000000009a700000|100%| E|CS|TAMS 0x000000009a600000| PB 0x000000009a600000| Complete 
| 423|0x000000009a700000, 0x000000009a800000, 0x000000009a800000|100%| E|CS|TAMS 0x000000009a700000| PB 0x000000009a700000| Complete 
| 424|0x000000009a800000, 0x000000009a900000, 0x000000009a900000|100%| E|CS|TAMS 0x000000009a800000| PB 0x000000009a800000| Complete 
| 425|0x000000009a900000, 0x000000009aa00000, 0x000000009aa00000|100%| E|CS|TAMS 0x000000009a900000| PB 0x000000009a900000| Complete 
| 426|0x000000009aa00000, 0x000000009ab00000, 0x000000009ab00000|100%| E|CS|TAMS 0x000000009aa00000| PB 0x000000009aa00000| Complete 
| 427|0x000000009ab00000, 0x000000009ac00000, 0x000000009ac00000|100%| E|CS|TAMS 0x000000009ab00000| PB 0x000000009ab00000| Complete 
| 428|0x000000009ac00000, 0x000000009ad00000, 0x000000009ad00000|100%| E|CS|TAMS 0x000000009ac00000| PB 0x000000009ac00000| Complete 
| 429|0x000000009ad00000, 0x000000009ae00000, 0x000000009ae00000|100%| E|CS|TAMS 0x000000009ad00000| PB 0x000000009ad00000| Complete 
| 430|0x000000009ae00000, 0x000000009af00000, 0x000000009af00000|100%| S|  |TAMS 0x000000009ae00000| PB 0x000000009ae00000| Complete 
| 431|0x000000009af00000, 0x000000009b000000, 0x000000009b000000|100%| S|  |TAMS 0x000000009af00000| PB 0x000000009af00000| Complete 
| 432|0x000000009b000000, 0x000000009b100000, 0x000000009b100000|100%| S|  |TAMS 0x000000009b000000| PB 0x000000009b000000| Complete 
| 433|0x000000009b100000, 0x000000009b200000, 0x000000009b200000|100%| S|  |TAMS 0x000000009b100000| PB 0x000000009b100000| Complete 
| 434|0x000000009b200000, 0x000000009b300000, 0x000000009b300000|100%| S|  |TAMS 0x000000009b200000| PB 0x000000009b200000| Complete 
| 435|0x000000009b300000, 0x000000009b400000, 0x000000009b400000|100%| S|  |TAMS 0x000000009b300000| PB 0x000000009b300000| Complete 
| 436|0x000000009b400000, 0x000000009b500000, 0x000000009b500000|100%| S|  |TAMS 0x000000009b400000| PB 0x000000009b400000| Complete 
| 437|0x000000009b500000, 0x000000009b600000, 0x000000009b600000|100%| S|  |TAMS 0x000000009b500000| PB 0x000000009b500000| Complete 
| 438|0x000000009b600000, 0x000000009b700000, 0x000000009b700000|100%| S|  |TAMS 0x000000009b600000| PB 0x000000009b600000| Complete 
| 439|0x000000009b700000, 0x000000009b800000, 0x000000009b800000|100%| S|  |TAMS 0x000000009b700000| PB 0x000000009b700000| Complete 
| 440|0x000000009b800000, 0x000000009b900000, 0x000000009b900000|100%| S|  |TAMS 0x000000009b800000| PB 0x000000009b800000| Complete 
| 441|0x000000009b900000, 0x000000009ba00000, 0x000000009ba00000|100%| S|  |TAMS 0x000000009b900000| PB 0x000000009b900000| Complete 
| 442|0x000000009ba00000, 0x000000009bb00000, 0x000000009bb00000|100%| S|  |TAMS 0x000000009ba00000| PB 0x000000009ba00000| Complete 
| 443|0x000000009bb00000, 0x000000009bbff110, 0x000000009bc00000| 99%| S|  |TAMS 0x000000009bb00000| PB 0x000000009bb00000| Complete 
|1998|0x00000000fce00000, 0x00000000fcf00000, 0x00000000fcf00000|100%| O|  |TAMS 0x00000000fce00000| PB 0x00000000fce00000| Untracked 
|1999|0x00000000fcf00000, 0x00000000fd000000, 0x00000000fd000000|100%| O|  |TAMS 0x00000000fcf00000| PB 0x00000000fcf00000| Untracked 
|2000|0x00000000fd000000, 0x00000000fd100000, 0x00000000fd100000|100%| O|  |TAMS 0x00000000fd000000| PB 0x00000000fd000000| Untracked 
|2001|0x00000000fd100000, 0x00000000fd200000, 0x00000000fd200000|100%| O|  |TAMS 0x00000000fd100000| PB 0x00000000fd100000| Untracked 
|2002|0x00000000fd200000, 0x00000000fd300000, 0x00000000fd300000|100%| O|  |TAMS 0x00000000fd200000| PB 0x00000000fd200000| Untracked 
|2003|0x00000000fd300000, 0x00000000fd400000, 0x00000000fd400000|100%| O|  |TAMS 0x00000000fd300000| PB 0x00000000fd300000| Untracked 
|2004|0x00000000fd400000, 0x00000000fd500000, 0x00000000fd500000|100%| O|  |TAMS 0x00000000fd400000| PB 0x00000000fd400000| Untracked 
|2005|0x00000000fd500000, 0x00000000fd600000, 0x00000000fd600000|100%| O|  |TAMS 0x00000000fd500000| PB 0x00000000fd500000| Untracked 
|2006|0x00000000fd600000, 0x00000000fd700000, 0x00000000fd700000|100%| O|  |TAMS 0x00000000fd600000| PB 0x00000000fd600000| Untracked 
|2007|0x00000000fd700000, 0x00000000fd800000, 0x00000000fd800000|100%| O|  |TAMS 0x00000000fd700000| PB 0x00000000fd700000| Untracked 
|2008|0x00000000fd800000, 0x00000000fd900000, 0x00000000fd900000|100%| O|  |TAMS 0x00000000fd800000| PB 0x00000000fd800000| Untracked 
|2009|0x00000000fd900000, 0x00000000fda00000, 0x00000000fda00000|100%| O|  |TAMS 0x00000000fd900000| PB 0x00000000fd900000| Untracked 
|2010|0x00000000fda00000, 0x00000000fdb00000, 0x00000000fdb00000|100%| O|  |TAMS 0x00000000fda00000| PB 0x00000000fda00000| Untracked 
|2011|0x00000000fdb00000, 0x00000000fdc00000, 0x00000000fdc00000|100%| O|  |TAMS 0x00000000fdb00000| PB 0x00000000fdb00000| Untracked 
|2012|0x00000000fdc00000, 0x00000000fdd00000, 0x00000000fdd00000|100%| O|  |TAMS 0x00000000fdc00000| PB 0x00000000fdc00000| Untracked 
|2013|0x00000000fdd00000, 0x00000000fde00000, 0x00000000fde00000|100%| O|  |TAMS 0x00000000fdd00000| PB 0x00000000fdd00000| Untracked 
|2014|0x00000000fde00000, 0x00000000fdf00000, 0x00000000fdf00000|100%| E|CS|TAMS 0x00000000fde00000| PB 0x00000000fde00000| Complete 
|2015|0x00000000fdf00000, 0x00000000fe000000, 0x00000000fe000000|100%| E|CS|TAMS 0x00000000fdf00000| PB 0x00000000fdf00000| Complete 
|2016|0x00000000fe000000, 0x00000000fe100000, 0x00000000fe100000|100%| O|Cm|TAMS 0x00000000fe000000| PB 0x00000000fe000000| Complete 
|2017|0x00000000fe100000, 0x00000000fe200000, 0x00000000fe200000|100%| E|CS|TAMS 0x00000000fe100000| PB 0x00000000fe100000| Complete 
|2018|0x00000000fe200000, 0x00000000fe300000, 0x00000000fe300000|100%| O|  |TAMS 0x00000000fe200000| PB 0x00000000fe200000| Untracked 
|2019|0x00000000fe300000, 0x00000000fe400000, 0x00000000fe400000|100%| O|  |TAMS 0x00000000fe300000| PB 0x00000000fe300000| Untracked 
|2020|0x00000000fe400000, 0x00000000fe500000, 0x00000000fe500000|100%| O|  |TAMS 0x00000000fe400000| PB 0x00000000fe400000| Untracked 
|2021|0x00000000fe500000, 0x00000000fe600000, 0x00000000fe600000|100%| O|  |TAMS 0x00000000fe500000| PB 0x00000000fe500000| Untracked 
|2022|0x00000000fe600000, 0x00000000fe700000, 0x00000000fe700000|100%| E|CS|TAMS 0x00000000fe600000| PB 0x00000000fe600000| Complete 
|2023|0x00000000fe700000, 0x00000000fe800000, 0x00000000fe800000|100%| E|CS|TAMS 0x00000000fe700000| PB 0x00000000fe700000| Complete 
|2024|0x00000000fe800000, 0x00000000fe900000, 0x00000000fe900000|100%| O|  |TAMS 0x00000000fe800000| PB 0x00000000fe800000| Untracked 
|2025|0x00000000fe900000, 0x00000000fea00000, 0x00000000fea00000|100%| O|  |TAMS 0x00000000fe900000| PB 0x00000000fe900000| Untracked 
|2026|0x00000000fea00000, 0x00000000feb00000, 0x00000000feb00000|100%| O|  |TAMS 0x00000000fea00000| PB 0x00000000fea00000| Untracked 
|2027|0x00000000feb00000, 0x00000000fec00000, 0x00000000fec00000|100%| O|  |TAMS 0x00000000feb00000| PB 0x00000000feb00000| Untracked 
|2028|0x00000000fec00000, 0x00000000fed00000, 0x00000000fed00000|100%| O|  |TAMS 0x00000000fec00000| PB 0x00000000fec00000| Untracked 
|2029|0x00000000fed00000, 0x00000000fee00000, 0x00000000fee00000|100%| E|CS|TAMS 0x00000000fed00000| PB 0x00000000fed00000| Complete 
|2030|0x00000000fee00000, 0x00000000fef00000, 0x00000000fef00000|100%| E|CS|TAMS 0x00000000fee00000| PB 0x00000000fee00000| Complete 
|2031|0x00000000fef00000, 0x00000000ff000000, 0x00000000ff000000|100%| E|CS|TAMS 0x00000000fef00000| PB 0x00000000fef00000| Complete 
|2032|0x00000000ff000000, 0x00000000ff100000, 0x00000000ff100000|100%| E|CS|TAMS 0x00000000ff000000| PB 0x00000000ff000000| Complete 
|2033|0x00000000ff100000, 0x00000000ff200000, 0x00000000ff200000|100%| E|CS|TAMS 0x00000000ff100000| PB 0x00000000ff100000| Complete 
|2034|0x00000000ff200000, 0x00000000ff300000, 0x00000000ff300000|100%| E|CS|TAMS 0x00000000ff200000| PB 0x00000000ff200000| Complete 
|2035|0x00000000ff300000, 0x00000000ff400000, 0x00000000ff400000|100%| E|CS|TAMS 0x00000000ff300000| PB 0x00000000ff300000| Complete 
|2036|0x00000000ff400000, 0x00000000ff500000, 0x00000000ff500000|100%| E|CS|TAMS 0x00000000ff400000| PB 0x00000000ff400000| Complete 
|2037|0x00000000ff500000, 0x00000000ff600000, 0x00000000ff600000|100%| E|CS|TAMS 0x00000000ff500000| PB 0x00000000ff500000| Complete 
|2038|0x00000000ff600000, 0x00000000ff700000, 0x00000000ff700000|100%| O|CS|TAMS 0x00000000ff600000| PB 0x00000000ff600000| Complete 
|2039|0x00000000ff700000, 0x00000000ff800000, 0x00000000ff800000|100%| O|  |TAMS 0x00000000ff700000| PB 0x00000000ff700000| Untracked 
|2040|0x00000000ff800000, 0x00000000ff900000, 0x00000000ff900000|100%| O|  |TAMS 0x00000000ff800000| PB 0x00000000ff800000| Untracked 
|2041|0x00000000ff900000, 0x00000000ffa00000, 0x00000000ffa00000|100%| O|  |TAMS 0x00000000ff900000| PB 0x00000000ff900000| Untracked 
|2042|0x00000000ffa00000, 0x00000000ffb00000, 0x00000000ffb00000|100%| O|  |TAMS 0x00000000ffa00000| PB 0x00000000ffa00000| Untracked 
|2043|0x00000000ffb00000, 0x00000000ffc00000, 0x00000000ffc00000|100%| O|  |TAMS 0x00000000ffb00000| PB 0x00000000ffb00000| Untracked 
|2044|0x00000000ffc00000, 0x00000000ffd00000, 0x00000000ffd00000|100%| O|  |TAMS 0x00000000ffc00000| PB 0x00000000ffc00000| Untracked 
|2045|0x00000000ffd00000, 0x00000000ffe00000, 0x00000000ffe00000|100%| O|  |TAMS 0x00000000ffd00000| PB 0x00000000ffd00000| Untracked 
|2046|0x00000000ffe00000, 0x00000000fff00000, 0x00000000fff00000|100%| O|  |TAMS 0x00000000ffe00000| PB 0x00000000ffe00000| Untracked 
|2047|0x00000000fff00000, 0x0000000100000000, 0x0000000100000000|100%| O|  |TAMS 0x00000000fff00000| PB 0x00000000fff00000| Untracked 

Card table byte_map: [0x000002947f8d0000,0x000002947fcd0000] _byte_map_base: 0x000002947f4d0000

Marking Bits: (CMBitMap*) 0x000002946d0877b0
 Bits: [0x0000029400000000, 0x0000029402000000)

Polling page: 0x000002946aeb0000

Metaspace:

Usage:
  Non-class:    148.30 MB used.
      Class:     21.66 MB used.
       Both:    169.96 MB used.

Virtual space:
  Non-class space:      192.00 MB reserved,     151.12 MB ( 79%) committed,  3 nodes.
      Class space:        1.00 GB reserved,      23.56 MB (  2%) committed,  1 nodes.
             Both:        1.19 GB reserved,     174.69 MB ( 14%) committed. 

Chunk freelists:
   Non-Class:  10.82 MB
       Class:  9.68 MB
        Both:  20.50 MB

MaxMetaspaceSize: unlimited
CompressedClassSpaceSize: 1.00 GB
Initial GC threshold: 21.00 MB
Current GC threshold: 291.06 MB
CDS: off
 - commit_granule_bytes: 65536.
 - commit_granule_words: 8192.
 - virtual_space_node_default_size: 8388608.
 - enlarge_chunks_in_place: 1.
 - use_allocation_guard: 0.


Internal statistics:

num_allocs_failed_limit: 14.
num_arena_births: 4920.
num_arena_deaths: 2556.
num_vsnodes_births: 4.
num_vsnodes_deaths: 0.
num_space_committed: 2790.
num_space_uncommitted: 0.
num_chunks_returned_to_freelist: 2906.
num_chunks_taken_from_freelist: 12473.
num_chunk_merges: 1037.
num_chunk_splits: 8173.
num_chunks_enlarged: 5324.
num_inconsistent_stats: 0.

CodeHeap 'non-profiled nmethods': size=120000Kb used=20402Kb max_used=20402Kb free=99597Kb
 bounds [0x0000029477c60000, 0x0000029479050000, 0x000002947f190000]
CodeHeap 'profiled nmethods': size=120000Kb used=41453Kb max_used=42156Kb free=78546Kb
 bounds [0x0000029470190000, 0x0000029472ad0000, 0x00000294776c0000]
CodeHeap 'non-nmethods': size=5760Kb used=2282Kb max_used=2345Kb free=3477Kb
 bounds [0x00000294776c0000, 0x0000029477930000, 0x0000029477c60000]
 total_blobs=20858 nmethods=19876 adapters=883
 compilation: enabled
              stopped_count=0, restarted_count=0
 full_count=0

Compilation events (20 events):
Event: 3306.105 Thread 0x00000294049347d0 35422       3       org.gradle.internal.execution.steps.AssignMutableWorkspaceStep::lambda$execute$0 (51 bytes)
Event: 3306.203 Thread 0x00000294049335a0 nmethod 35409 0x0000029479045790 code [0x0000029479045bc0, 0x00000294790486c8]
Event: 3306.203 Thread 0x00000294049335a0 35425       4       java.util.stream.Collectors$$Lambda/0x00000001006d3a18::accept (11 bytes)
Event: 3306.204 Thread 0x00000294049335a0 nmethod 35425 0x0000029479049910 code [0x0000029479049ac0, 0x0000029479049c10]
Event: 3306.297 Thread 0x00000294049347d0 nmethod 35422 0x00000294723e5c10 code [0x00000294723e5e20, 0x00000294723e6670]
Event: 3306.297 Thread 0x00000294049347d0 35423       3       org.gradle.internal.execution.steps.HandleStaleOutputsStep::execute (10 bytes)
Event: 3306.349 Thread 0x00000294049347d0 nmethod 35423 0x00000294723e5790 code [0x00000294723e5940, 0x00000294723e5b60]
Event: 3306.493 Thread 0x00000294049347d0 35429       3       com.sun.org.apache.xerces.internal.impl.dtd.XMLDTDValidator::xmlDecl (48 bytes)
Event: 3306.493 Thread 0x00000294049347d0 nmethod 35429 0x00000294723e5110 code [0x00000294723e52e0, 0x00000294723e5640]
Event: 3306.495 Thread 0x00000294049335a0 35430       4       com.android.ide.common.symbols.ResourceExtraXmlParser::parseChild (115 bytes)
Event: 3306.496 Thread 0x00000294049347d0 35431       1       com.google.common.collect.SingletonImmutableBiMap::size (2 bytes)
Event: 3306.496 Thread 0x00000294049347d0 nmethod 35431 0x0000029479049d10 code [0x0000029479049ea0, 0x0000029479049f68]
Event: 3306.496 Thread 0x00000294049347d0 35432       3       com.google.common.collect.DenseImmutableTable$ImmutableArrayMap::<init> (10 bytes)
Event: 3306.496 Thread 0x00000294049347d0 nmethod 35432 0x00000294723e4c10 code [0x00000294723e4dc0, 0x00000294723e4fe8]
Event: 3306.496 Thread 0x00000294049347d0 35433       3       com.google.common.collect.ImmutableMap$IteratorBasedImmutableMap::<init> (5 bytes)
Event: 3306.496 Thread 0x00000294049347d0 nmethod 35433 0x00000294723e4790 code [0x00000294723e4940, 0x00000294723e4b08]
Event: 3306.719 Thread 0x00000294049335a0 nmethod 35430 0x000002947904a010 code [0x000002947904a340, 0x000002947904b498]
Event: 3306.720 Thread 0x00000294049335a0 35434       4       org.gradle.api.internal.provider.AbstractProperty::implicitFinalizeValue (8 bytes)
Event: 3306.721 Thread 0x00000294049335a0 nmethod 35434 0x000002947904c590 code [0x000002947904c720, 0x000002947904c828]
Event: 3306.721 Thread 0x00000294049335a0 35435       4       org.gradle.api.internal.artifacts.ivyservice.resolveengine.artifact.CompositeResolvedArtifactSet::of (101 bytes)

GC Heap History (20 events):
Event: 1212.290 GC heap after
{Heap after GC invocations=85 (full 0):
 garbage-first heap   total 396288K, used 186290K [0x0000000080000000, 0x0000000100000000)
  region size 1024K, 7 young (7168K), 7 survivors (7168K)
 Metaspace       used 173715K, committed 176256K, reserved 1245184K
  class space    used 22691K, committed 24000K, reserved 1048576K
}
Event: 1212.834 GC heap before
{Heap before GC invocations=85 (full 0):
 garbage-first heap   total 396288K, used 235442K [0x0000000080000000, 0x0000000100000000)
  region size 1024K, 56 young (57344K), 7 survivors (7168K)
 Metaspace       used 173851K, committed 176448K, reserved 1245184K
  class space    used 22692K, committed 24000K, reserved 1048576K
}
Event: 1212.846 GC heap after
{Heap after GC invocations=86 (full 0):
 garbage-first heap   total 396288K, used 192775K [0x0000000080000000, 0x0000000100000000)
  region size 1024K, 13 young (13312K), 13 survivors (13312K)
 Metaspace       used 173851K, committed 176448K, reserved 1245184K
  class space    used 22692K, committed 24000K, reserved 1048576K
}
Event: 1451.812 GC heap before
{Heap before GC invocations=87 (full 0):
 garbage-first heap   total 396288K, used 394503K [0x0000000080000000, 0x0000000100000000)
  region size 1024K, 166 young (169984K), 13 survivors (13312K)
 Metaspace       used 174081K, committed 176640K, reserved 1245184K
  class space    used 22692K, committed 24000K, reserved 1048576K
}
Event: 1451.816 GC heap after
{Heap after GC invocations=88 (full 0):
 garbage-first heap   total 398336K, used 167387K [0x0000000080000000, 0x0000000100000000)
  region size 1024K, 2 young (2048K), 2 survivors (2048K)
 Metaspace       used 174081K, committed 176640K, reserved 1245184K
  class space    used 22692K, committed 24000K, reserved 1048576K
}
Event: 1455.800 GC heap before
{Heap before GC invocations=88 (full 0):
 garbage-first heap   total 398336K, used 396763K [0x0000000080000000, 0x0000000100000000)
  region size 1024K, 197 young (201728K), 2 survivors (2048K)
 Metaspace       used 174286K, committed 176832K, reserved 1245184K
  class space    used 22697K, committed 24000K, reserved 1048576K
}
Event: 1455.821 GC heap after
{Heap after GC invocations=89 (full 0):
 garbage-first heap   total 420864K, used 165490K [0x0000000080000000, 0x0000000100000000)
  region size 1024K, 20 young (20480K), 20 survivors (20480K)
 Metaspace       used 174286K, committed 176832K, reserved 1245184K
  class space    used 22697K, committed 24000K, reserved 1048576K
}
Event: 1456.073 GC heap before
{Heap before GC invocations=89 (full 0):
 garbage-first heap   total 420864K, used 201330K [0x0000000080000000, 0x0000000100000000)
  region size 1024K, 57 young (58368K), 20 survivors (20480K)
 Metaspace       used 174303K, committed 176896K, reserved 1245184K
  class space    used 22697K, committed 24000K, reserved 1048576K
}
Event: 1456.086 GC heap after
{Heap after GC invocations=90 (full 0):
 garbage-first heap   total 420864K, used 164898K [0x0000000080000000, 0x0000000100000000)
  region size 1024K, 4 young (4096K), 4 survivors (4096K)
 Metaspace       used 174303K, committed 176896K, reserved 1245184K
  class space    used 22697K, committed 24000K, reserved 1048576K
}
Event: 1894.270 GC heap before
{Heap before GC invocations=91 (full 0):
 garbage-first heap   total 420864K, used 402466K [0x0000000080000000, 0x0000000100000000)
  region size 1024K, 208 young (212992K), 4 survivors (4096K)
 Metaspace       used 174450K, committed 177024K, reserved 1245184K
  class space    used 22702K, committed 24000K, reserved 1048576K
}
Event: 1894.304 GC heap after
{Heap after GC invocations=92 (full 0):
 garbage-first heap   total 420864K, used 166580K [0x0000000080000000, 0x0000000100000000)
  region size 1024K, 5 young (5120K), 5 survivors (5120K)
 Metaspace       used 174450K, committed 177024K, reserved 1245184K
  class space    used 22702K, committed 24000K, reserved 1048576K
}
Event: 2264.360 GC heap before
{Heap before GC invocations=92 (full 0):
 garbage-first heap   total 420864K, used 419508K [0x0000000080000000, 0x0000000100000000)
  region size 1024K, 224 young (229376K), 5 survivors (5120K)
 Metaspace       used 175689K, committed 178304K, reserved 1245184K
  class space    used 22823K, committed 24128K, reserved 1048576K
}
Event: 2264.601 GC heap after
{Heap after GC invocations=93 (full 0):
 garbage-first heap   total 431104K, used 169293K [0x0000000080000000, 0x0000000100000000)
  region size 1024K, 9 young (9216K), 9 survivors (9216K)
 Metaspace       used 175689K, committed 178304K, reserved 1245184K
  class space    used 22823K, committed 24128K, reserved 1048576K
}
Event: 2305.861 GC heap before
{Heap before GC invocations=93 (full 0):
 garbage-first heap   total 431104K, used 429389K [0x0000000080000000, 0x0000000100000000)
  region size 1024K, 232 young (237568K), 9 survivors (9216K)
 Metaspace       used 176019K, committed 178560K, reserved 1245184K
  class space    used 22827K, committed 24128K, reserved 1048576K
}
Event: 2305.973 GC heap after
{Heap after GC invocations=94 (full 0):
 garbage-first heap   total 456704K, used 179559K [0x0000000080000000, 0x0000000100000000)
  region size 1024K, 21 young (21504K), 21 survivors (21504K)
 Metaspace       used 176019K, committed 178560K, reserved 1245184K
  class space    used 22827K, committed 24128K, reserved 1048576K
}
Event: 2306.734 GC heap before
{Heap before GC invocations=94 (full 0):
 garbage-first heap   total 456704K, used 221543K [0x0000000080000000, 0x0000000100000000)
  region size 1024K, 64 young (65536K), 21 survivors (21504K)
 Metaspace       used 176225K, committed 178752K, reserved 1245184K
  class space    used 22828K, committed 24128K, reserved 1048576K
}
Event: 2306.802 GC heap after
{Heap after GC invocations=95 (full 0):
 garbage-first heap   total 456704K, used 176934K [0x0000000080000000, 0x0000000100000000)
  region size 1024K, 12 young (12288K), 12 survivors (12288K)
 Metaspace       used 176225K, committed 178752K, reserved 1245184K
  class space    used 22828K, committed 24128K, reserved 1048576K
}
Event: 2387.677 GC heap before
{Heap before GC invocations=96 (full 0):
 garbage-first heap   total 456704K, used 454438K [0x0000000080000000, 0x0000000100000000)
  region size 1024K, 225 young (230400K), 12 survivors (12288K)
 Metaspace       used 173861K, committed 178816K, reserved 1245184K
  class space    used 22181K, committed 24128K, reserved 1048576K
}
Event: 2387.716 GC heap after
{Heap after GC invocations=97 (full 0):
 garbage-first heap   total 482304K, used 190758K [0x0000000080000000, 0x0000000100000000)
  region size 1024K, 25 young (25600K), 25 survivors (25600K)
 Metaspace       used 173861K, committed 178816K, reserved 1245184K
  class space    used 22181K, committed 24128K, reserved 1048576K
}
Event: 3306.728 GC heap before
{Heap before GC invocations=97 (full 0):
 garbage-first heap   total 482304K, used 480550K [0x0000000080000000, 0x0000000100000000)
  region size 1024K, 250 young (256000K), 25 survivors (25600K)
 Metaspace       used 174037K, committed 178880K, reserved 1245184K
  class space    used 22182K, committed 24128K, reserved 1048576K
}

Dll operation events (3 events):
Event: 0.036 Loaded shared library C:\Program Files\Android\Android Studio\jbr\bin\java.dll
Event: 0.043 Loaded shared library C:\Program Files\Android\Android Studio\jbr\bin\zip.dll
Event: 0.821 Loaded shared library C:\Program Files\Android\Android Studio\jbr\bin\verify.dll

Deoptimization events (20 events):
Event: 3299.481 Thread 0x000002940c247590 DEOPT PACKING pc=0x0000029478ffd344 sp=0x000000aa3b7f9520
Event: 3299.481 Thread 0x000002940c247590 DEOPT UNPACKING pc=0x00000294777146a2 sp=0x000000aa3b7f9390 mode 2
Event: 3299.482 Thread 0x000002940c247590 Uncommon trap: trap_request=0xffffffbe fr.pc=0x0000029478ffd344 relative=0x0000000000002be4
Event: 3299.482 Thread 0x000002940c247590 Uncommon trap: reason=profile_predicate action=maybe_recompile pc=0x0000029478ffd344 method=java.util.AbstractSet.hashCode()I @ 13 c2
Event: 3299.482 Thread 0x000002940c247590 DEOPT PACKING pc=0x0000029478ffd344 sp=0x000000aa3b7f9520
Event: 3299.482 Thread 0x000002940c247590 DEOPT UNPACKING pc=0x00000294777146a2 sp=0x000000aa3b7f9390 mode 2
Event: 3299.482 Thread 0x000002940c247590 Uncommon trap: trap_request=0xffffffbe fr.pc=0x0000029478ffd344 relative=0x0000000000002be4
Event: 3299.482 Thread 0x000002940c247590 Uncommon trap: reason=profile_predicate action=maybe_recompile pc=0x0000029478ffd344 method=java.util.AbstractSet.hashCode()I @ 13 c2
Event: 3299.482 Thread 0x000002940c247590 DEOPT PACKING pc=0x0000029478ffd344 sp=0x000000aa3b7f9520
Event: 3299.482 Thread 0x000002940c247590 DEOPT UNPACKING pc=0x00000294777146a2 sp=0x000000aa3b7f9390 mode 2
Event: 3302.555 Thread 0x000002940d940b20 Uncommon trap: trap_request=0xffffffbe fr.pc=0x0000029478ffd344 relative=0x0000000000002be4
Event: 3302.555 Thread 0x000002940d940b20 Uncommon trap: reason=profile_predicate action=maybe_recompile pc=0x0000029478ffd344 method=java.util.AbstractSet.hashCode()I @ 13 c2
Event: 3302.555 Thread 0x000002940d940b20 DEOPT PACKING pc=0x0000029478ffd344 sp=0x000000aa3e9fac40
Event: 3302.555 Thread 0x000002940d940b20 DEOPT UNPACKING pc=0x00000294777146a2 sp=0x000000aa3e9faab0 mode 2
Event: 3303.659 Thread 0x000002940d940b20 DEOPT PACKING pc=0x0000029472673a53 sp=0x000000aa3e9fca00
Event: 3303.659 Thread 0x000002940d940b20 DEOPT UNPACKING pc=0x0000029477714e42 sp=0x000000aa3e9fbf18 mode 0
Event: 3303.973 Thread 0x000002940d940b20 DEOPT PACKING pc=0x0000029471729654 sp=0x000000aa3e9fb0a0
Event: 3304.023 Thread 0x000002940d940b20 DEOPT UNPACKING pc=0x0000029477714e42 sp=0x000000aa3e9fa580 mode 0
Event: 3306.721 Thread 0x000002940d940b20 DEOPT PACKING pc=0x0000029472666b53 sp=0x000000aa3e9fc640
Event: 3306.721 Thread 0x000002940d940b20 DEOPT UNPACKING pc=0x0000029477714e42 sp=0x000000aa3e9fbb58 mode 0

Classes loaded (20 events):
Event: 116.066 Loading class javax/management/AttributeNotFoundException
Event: 116.066 Loading class javax/management/AttributeNotFoundException done
Event: 116.066 Loading class javax/management/ReflectionException
Event: 116.066 Loading class javax/management/ReflectionException done
Event: 116.066 Loading class javax/management/InstanceNotFoundException
Event: 116.066 Loading class javax/management/InstanceNotFoundException done
Event: 116.664 Loading class java/nio/file/attribute/DosFileAttributeView
Event: 116.664 Loading class java/nio/file/attribute/DosFileAttributeView done
Event: 116.665 Loading class sun/nio/fs/WindowsFileAttributeViews$Dos
Event: 116.665 Loading class sun/nio/fs/WindowsFileAttributeViews$Dos done
Event: 116.728 Loading class java/util/concurrent/CompletableFuture$AsyncRun
Event: 116.728 Loading class java/util/concurrent/CompletableFuture$AsyncRun done
Event: 203.264 Loading class jdk/internal/math/FormattedFPDecimal
Event: 203.264 Loading class jdk/internal/math/FormattedFPDecimal done
Event: 749.799 Loading class java/time/temporal/WeekFields
Event: 749.801 Loading class java/time/temporal/WeekFields done
Event: 749.801 Loading class java/time/temporal/WeekFields$ComputedDayOfField
Event: 749.802 Loading class java/time/temporal/WeekFields$ComputedDayOfField done
Event: 749.802 Loading class java/time/LocalTime$1
Event: 749.803 Loading class java/time/LocalTime$1 done

Classes unloaded (20 events):
Event: 2307.344 Thread 0x00000294048ac710 Unloading class 0x00000001001a1400 'java/lang/invoke/LambdaForm$MH+0x00000001001a1400'
Event: 2307.344 Thread 0x00000294048ac710 Unloading class 0x00000001001a1000 'java/lang/invoke/LambdaForm$BMH+0x00000001001a1000'
Event: 2307.344 Thread 0x00000294048ac710 Unloading class 0x00000001001a0800 'java/lang/invoke/LambdaForm$MH+0x00000001001a0800'
Event: 2307.350 Thread 0x00000294048ac710 Unloading class 0x00000001001a0400 'java/lang/invoke/LambdaForm$MH+0x00000001001a0400'
Event: 2307.350 Thread 0x00000294048ac710 Unloading class 0x0000000100178c00 'java/lang/invoke/LambdaForm$MH+0x0000000100178c00'
Event: 2307.358 Thread 0x00000294048ac710 Unloading class 0x0000000100178800 'java/lang/invoke/LambdaForm$MH+0x0000000100178800'
Event: 2307.358 Thread 0x00000294048ac710 Unloading class 0x0000000100178400 'java/lang/invoke/LambdaForm$MH+0x0000000100178400'
Event: 2307.358 Thread 0x00000294048ac710 Unloading class 0x0000000100165000 'java/lang/invoke/LambdaForm$MH+0x0000000100165000'
Event: 2307.358 Thread 0x00000294048ac710 Unloading class 0x0000000100164800 'java/lang/invoke/LambdaForm$MH+0x0000000100164800'
Event: 2307.358 Thread 0x00000294048ac710 Unloading class 0x0000000100164400 'java/lang/invoke/LambdaForm$MH+0x0000000100164400'
Event: 2307.375 Thread 0x00000294048ac710 Unloading class 0x000000010014c000 'java/lang/invoke/LambdaForm$DMH+0x000000010014c000'
Event: 2307.375 Thread 0x00000294048ac710 Unloading class 0x00000001000f2800 'java/lang/invoke/LambdaForm$MH+0x00000001000f2800'
Event: 2307.375 Thread 0x00000294048ac710 Unloading class 0x00000001000f2000 'java/lang/invoke/LambdaForm$MH+0x00000001000f2000'
Event: 2307.375 Thread 0x00000294048ac710 Unloading class 0x00000001000f1c00 'java/lang/invoke/LambdaForm$MH+0x00000001000f1c00'
Event: 2307.375 Thread 0x00000294048ac710 Unloading class 0x00000001000f0000 'java/lang/invoke/LambdaForm$MH+0x00000001000f0000'
Event: 2307.375 Thread 0x00000294048ac710 Unloading class 0x00000001000dc400 'java/lang/invoke/LambdaForm$MH+0x00000001000dc400'
Event: 2307.375 Thread 0x00000294048ac710 Unloading class 0x00000001000c1c00 'java/lang/invoke/LambdaForm$MH+0x00000001000c1c00'
Event: 2307.375 Thread 0x00000294048ac710 Unloading class 0x00000001000c1800 'java/lang/invoke/LambdaForm$MH+0x00000001000c1800'
Event: 2307.375 Thread 0x00000294048ac710 Unloading class 0x00000001000c1400 'java/lang/invoke/LambdaForm$MH+0x00000001000c1400'
Event: 2307.375 Thread 0x00000294048ac710 Unloading class 0x00000001000c0c00 'java/lang/invoke/LambdaForm$MH+0x00000001000c0c00'

Classes redefined (0 events):
No events

Internal exceptions (20 events):
Event: 3291.539 Thread 0x000002940c247590 Exception <a 'sun/nio/fs/WindowsException'{0x0000000094af0590}> (0x0000000094af0590) 
thrown [s\src\hotspot\share\prims\jni.cpp, line 535]
Event: 3291.542 Thread 0x000002940c247590 Exception <a 'sun/nio/fs/WindowsException'{0x0000000094af37e8}> (0x0000000094af37e8) 
thrown [s\src\hotspot\share\prims\jni.cpp, line 535]
Event: 3298.644 Thread 0x000002940c247590 Exception <a 'sun/nio/fs/WindowsException'{0x0000000092079428}> (0x0000000092079428) 
thrown [s\src\hotspot\share\prims\jni.cpp, line 535]
Event: 3298.712 Thread 0x000002940c247590 Exception <a 'sun/nio/fs/WindowsException'{0x000000009207a670}> (0x000000009207a670) 
thrown [s\src\hotspot\share\prims\jni.cpp, line 535]
Event: 3298.712 Thread 0x000002940c247590 Exception <a 'sun/nio/fs/WindowsException'{0x000000009207b908}> (0x000000009207b908) 
thrown [s\src\hotspot\share\prims\jni.cpp, line 535]
Event: 3298.712 Thread 0x000002940c247590 Exception <a 'sun/nio/fs/WindowsException'{0x000000009207cba0}> (0x000000009207cba0) 
thrown [s\src\hotspot\share\prims\jni.cpp, line 535]
Event: 3299.467 Thread 0x000002940c247590 Exception <a 'sun/nio/fs/WindowsException'{0x0000000091cda288}> (0x0000000091cda288) 
thrown [s\src\hotspot\share\prims\jni.cpp, line 535]
Event: 3299.554 Thread 0x000002940d940b20 Exception <a 'sun/nio/fs/WindowsException'{0x0000000091825138}> (0x0000000091825138) 
thrown [s\src\hotspot\share\prims\jni.cpp, line 535]
Event: 3303.719 Thread 0x000002940d940b20 Exception <a 'sun/nio/fs/WindowsException'{0x000000009067b820}> (0x000000009067b820) 
thrown [s\src\hotspot\share\prims\jni.cpp, line 535]
Event: 3303.719 Thread 0x000002940d940b20 Exception <a 'sun/nio/fs/WindowsException'{0x000000009067d970}> (0x000000009067d970) 
thrown [s\src\hotspot\share\prims\jni.cpp, line 535]
Event: 3304.506 Thread 0x000002940d940b20 Exception <a 'sun/nio/fs/WindowsException'{0x000000008e560e58}> (0x000000008e560e58) 
thrown [s\src\hotspot\share\prims\jni.cpp, line 535]
Event: 3304.529 Thread 0x000002940d940b20 Exception <a 'sun/nio/fs/WindowsException'{0x000000008e561f08}> (0x000000008e561f08) 
thrown [s\src\hotspot\share\prims\jni.cpp, line 535]
Event: 3304.691 Thread 0x000002940d940b20 Exception <a 'sun/nio/fs/WindowsException'{0x000000008e40ecd0}> (0x000000008e40ecd0) 
thrown [s\src\hotspot\share\prims\jni.cpp, line 535]
Event: 3304.734 Thread 0x000002940d940b20 Exception <a 'sun/nio/fs/WindowsException'{0x000000008e353408}> (0x000000008e353408) 
thrown [s\src\hotspot\share\prims\jni.cpp, line 535]
Event: 3305.288 Thread 0x000002940d943280 Exception <a 'sun/nio/fs/WindowsException'{0x000000008d46a2b8}> (0x000000008d46a2b8) 
thrown [s\src\hotspot\share\prims\jni.cpp, line 535]
Event: 3305.288 Thread 0x000002940d943280 Exception <a 'sun/nio/fs/WindowsException'{0x000000008d46b368}> (0x000000008d46b368) 
thrown [s\src\hotspot\share\prims\jni.cpp, line 535]
Event: 3305.299 Thread 0x000002940d943280 Exception <a 'sun/nio/fs/WindowsException'{0x000000008d30bf78}> (0x000000008d30bf78) 
thrown [s\src\hotspot\share\prims\jni.cpp, line 535]
Event: 3305.321 Thread 0x000002940d943280 Exception <a 'sun/nio/fs/WindowsException'{0x000000008d118718}> (0x000000008d118718) 
thrown [s\src\hotspot\share\prims\jni.cpp, line 535]
Event: 3305.523 Thread 0x000002940d9411b0 Exception <a 'sun/nio/fs/WindowsException'{0x000000008cd562b0}> (0x000000008cd562b0) 
thrown [s\src\hotspot\share\prims\jni.cpp, line 535]
Event: 3306.027 Thread 0x000002940d940b20 Exception <a 'sun/nio/fs/WindowsException'{0x000000008c891eb8}> (0x000000008c891eb8) 
thrown [s\src\hotspot\share\prims\jni.cpp, line 535]

ZGC Phase Switch (0 events):
No events

VM Operations (20 events):
Event: 3291.675 Executing VM operation: Cleanup done
Event: 3292.680 Executing VM operation: Cleanup
Event: 3292.680 Executing VM operation: Cleanup done
Event: 3293.691 Executing VM operation: Cleanup
Event: 3293.691 Executing VM operation: Cleanup done
Event: 3295.708 Executing VM operation: Cleanup
Event: 3295.724 Executing VM operation: Cleanup done
Event: 3296.727 Executing VM operation: Cleanup
Event: 3297.128 Executing VM operation: Cleanup done
Event: 3298.138 Executing VM operation: Cleanup
Event: 3298.168 Executing VM operation: Cleanup done
Event: 3300.175 Executing VM operation: Cleanup
Event: 3300.175 Executing VM operation: Cleanup done
Event: 3304.205 Executing VM operation: Cleanup
Event: 3304.205 Executing VM operation: Cleanup done
Event: 3305.215 Executing VM operation: Cleanup
Event: 3305.262 Executing VM operation: Cleanup done
Event: 3306.266 Executing VM operation: Cleanup
Event: 3306.296 Executing VM operation: Cleanup done
Event: 3306.728 Executing VM operation: G1CollectForAllocation (G1 Evacuation Pause)

Memory protections (0 events):
No events

Nmethod flushes (20 events):
Event: 2308.902 Thread 0x00000294048ac710 flushing  nmethod 0x00000294715f6a10
Event: 2308.902 Thread 0x00000294048ac710 flushing  nmethod 0x000002947169d090
Event: 2308.902 Thread 0x00000294048ac710 flushing  nmethod 0x000002947172bf90
Event: 2308.902 Thread 0x00000294048ac710 flushing  nmethod 0x000002947172c590
Event: 2308.902 Thread 0x00000294048ac710 flushing  nmethod 0x000002947172cb90
Event: 2308.902 Thread 0x00000294048ac710 flushing  nmethod 0x000002947172d390
Event: 2308.902 Thread 0x00000294048ac710 flushing  nmethod 0x000002947172f410
Event: 2308.902 Thread 0x00000294048ac710 flushing  nmethod 0x000002947172fe90
Event: 2308.902 Thread 0x00000294048ac710 flushing  nmethod 0x00000294717c6310
Event: 2308.902 Thread 0x00000294048ac710 flushing  nmethod 0x00000294717fb590
Event: 2308.902 Thread 0x00000294048ac710 flushing  nmethod 0x00000294717fdc10
Event: 2308.902 Thread 0x00000294048ac710 flushing  nmethod 0x000002947182ea10
Event: 2308.910 Thread 0x00000294048ac710 flushing  nmethod 0x00000294719b7990
Event: 2308.926 Thread 0x00000294048ac710 flushing  nmethod 0x0000029472155d10
Event: 2308.926 Thread 0x00000294048ac710 flushing  nmethod 0x0000029472243d90
Event: 2308.926 Thread 0x00000294048ac710 flushing  nmethod 0x00000294724f1490
Event: 2308.926 Thread 0x00000294048ac710 flushing  nmethod 0x00000294724f2610
Event: 2308.926 Thread 0x00000294048ac710 flushing  nmethod 0x00000294724f3810
Event: 2308.926 Thread 0x00000294048ac710 flushing  nmethod 0x000002947266dc90
Event: 2308.926 Thread 0x00000294048ac710 flushing  nmethod 0x00000294728c1690

Events (20 events):
Event: 3302.614 Thread 0x000002940d940b20 Thread added: 0x000002940d943fa0
Event: 3302.614 Thread 0x000002940d940b20 Thread added: 0x000002940d944630
Event: 3302.615 Thread 0x000002940d940b20 Thread added: 0x0000029415aca070
Event: 3302.615 Thread 0x000002940d940b20 Thread added: 0x0000029415acb420
Event: 3303.663 Thread 0x000002940d940b20 Thread added: 0x0000029415ac99e0
Event: 3303.663 Thread 0x000002940d940b20 Thread added: 0x0000029415acf5c0
Event: 3303.664 Thread 0x000002940d940b20 Thread added: 0x0000029415ace210
Event: 3303.666 Thread 0x000002940d940b20 Thread added: 0x0000029415acfc50
Event: 3303.666 Thread 0x000002940d940b20 Thread added: 0x0000029415ace8a0
Event: 3303.667 Thread 0x000002940d940b20 Thread added: 0x0000029415ac8cc0
Event: 3305.119 Thread 0x000002940d940b20 Thread added: 0x0000029415ad30d0
Event: 3305.119 Thread 0x000002940d940b20 Thread added: 0x0000029415ad3760
Event: 3305.485 Thread 0x000002940d943280 Thread added: 0x0000029415ad51a0
Event: 3306.072 Thread 0x000002940d940b20 Thread added: 0x0000029415ad0970
Event: 3306.072 Thread 0x000002940d940b20 Thread added: 0x0000029415ad7270
Event: 3306.073 Thread 0x000002940d940b20 Thread added: 0x0000029415ad5830
Event: 3306.073 Thread 0x000002940d940b20 Thread added: 0x0000029415ad4480
Event: 3306.074 Thread 0x000002940d940b20 Thread added: 0x0000029415ad7900
Event: 3306.106 Thread 0x000002940d940b20 Thread added: 0x0000029415ad7f90
Event: 3306.107 Thread 0x000002940d940b20 Thread added: 0x0000029415ad1690


Dynamic libraries:
0x00007ff6f52c0000 - 0x00007ff6f52ca000 	C:\Program Files\Android\Android Studio\jbr\bin\java.exe
0x00007ffbc0730000 - 0x00007ffbc0928000 	C:\Windows\SYSTEM32\ntdll.dll
0x00007ffbbfe80000 - 0x00007ffbbff3d000 	C:\Windows\System32\KERNEL32.DLL
0x00007ffbbe490000 - 0x00007ffbbe786000 	C:\Windows\System32\KERNELBASE.dll
0x00007ffbbde40000 - 0x00007ffbbdf40000 	C:\Windows\System32\ucrtbase.dll
0x00007ffb9bcf0000 - 0x00007ffb9bd08000 	C:\Program Files\Android\Android Studio\jbr\bin\jli.dll
0x00007ffb98350000 - 0x00007ffb9836b000 	C:\Program Files\Android\Android Studio\jbr\bin\VCRUNTIME140.dll
0x00007ffbc0550000 - 0x00007ffbc06ee000 	C:\Windows\System32\USER32.dll
0x00007ffbbe110000 - 0x00007ffbbe132000 	C:\Windows\System32\win32u.dll
0x00007ffbbe7a0000 - 0x00007ffbbe7cc000 	C:\Windows\System32\GDI32.dll
0x00007ffbb19b0000 - 0x00007ffbb1c4a000 	C:\Windows\WinSxS\amd64_microsoft.windows.common-controls_6595b64144ccf1df_6.0.19041.3636_none_60b6a03d71f818d5\COMCTL32.dll
0x00007ffbbdf40000 - 0x00007ffbbe05a000 	C:\Windows\System32\gdi32full.dll
0x00007ffbbff40000 - 0x00007ffbbffde000 	C:\Windows\System32\msvcrt.dll
0x00007ffbbe290000 - 0x00007ffbbe32d000 	C:\Windows\System32\msvcp_win.dll
0x00007ffbbf510000 - 0x00007ffbbf540000 	C:\Windows\System32\IMM32.DLL
0x00007ffbaeb00000 - 0x00007ffbaeb0c000 	C:\Program Files\Android\Android Studio\jbr\bin\vcruntime140_1.dll
0x00007ffb61b90000 - 0x00007ffb61c1d000 	C:\Program Files\Android\Android Studio\jbr\bin\msvcp140.dll
0x00007ffb44420000 - 0x00007ffb450ab000 	C:\Program Files\Android\Android Studio\jbr\bin\server\jvm.dll
0x00007ffbbefc0000 - 0x00007ffbbf06f000 	C:\Windows\System32\ADVAPI32.dll
0x00007ffbc03e0000 - 0x00007ffbc047c000 	C:\Windows\System32\sechost.dll
0x00007ffbbfcf0000 - 0x00007ffbbfe16000 	C:\Windows\System32\RPCRT4.dll
0x00007ffbbf180000 - 0x00007ffbbf1eb000 	C:\Windows\System32\WS2_32.dll
0x00007ffbbd3c0000 - 0x00007ffbbd40b000 	C:\Windows\SYSTEM32\POWRPROF.dll
0x00007ffbbc560000 - 0x00007ffbbc56a000 	C:\Windows\SYSTEM32\VERSION.dll
0x00007ffbb1d20000 - 0x00007ffbb1d47000 	C:\Windows\SYSTEM32\WINMM.dll
0x00007ffbbd230000 - 0x00007ffbbd242000 	C:\Windows\SYSTEM32\UMPDC.dll
0x00007ffbbc660000 - 0x00007ffbbc672000 	C:\Windows\SYSTEM32\kernel.appcore.dll
0x00007ffbaea50000 - 0x00007ffbaea5a000 	C:\Program Files\Android\Android Studio\jbr\bin\jimage.dll
0x00007ffbae400000 - 0x00007ffbae5e4000 	C:\Windows\SYSTEM32\DBGHELP.DLL
0x00007ffbae3c0000 - 0x00007ffbae3f4000 	C:\Windows\SYSTEM32\dbgcore.DLL
0x00007ffbbe140000 - 0x00007ffbbe1c2000 	C:\Windows\System32\bcryptPrimitives.dll
0x00007ffbb6140000 - 0x00007ffbb614e000 	C:\Program Files\Android\Android Studio\jbr\bin\instrument.dll
0x00007ffb9b910000 - 0x00007ffb9b930000 	C:\Program Files\Android\Android Studio\jbr\bin\java.dll
0x00007ffb9b4b0000 - 0x00007ffb9b4c8000 	C:\Program Files\Android\Android Studio\jbr\bin\zip.dll
0x00007ffbbf540000 - 0x00007ffbbfc84000 	C:\Windows\System32\SHELL32.dll
0x00007ffbbbdb0000 - 0x00007ffbbc54b000 	C:\Windows\SYSTEM32\windows.storage.dll
0x00007ffbc0080000 - 0x00007ffbc03d4000 	C:\Windows\System32\combase.dll
0x00007ffbbd850000 - 0x00007ffbbd87d000 	C:\Windows\SYSTEM32\Wldp.dll
0x00007ffbc04a0000 - 0x00007ffbc054d000 	C:\Windows\System32\SHCORE.dll
0x00007ffbbfe20000 - 0x00007ffbbfe75000 	C:\Windows\System32\shlwapi.dll
0x00007ffbbdd40000 - 0x00007ffbbdd65000 	C:\Windows\SYSTEM32\profapi.dll
0x00007ffbaf120000 - 0x00007ffbaf130000 	C:\Program Files\Android\Android Studio\jbr\bin\net.dll
0x00007ffbb6470000 - 0x00007ffbb657a000 	C:\Windows\SYSTEM32\WINHTTP.dll
0x00007ffbbd5b0000 - 0x00007ffbbd61a000 	C:\Windows\system32\mswsock.dll
0x00007ffb9ab90000 - 0x00007ffb9aba6000 	C:\Program Files\Android\Android Studio\jbr\bin\nio.dll
0x00007ffbaced0000 - 0x00007ffbacee0000 	C:\Program Files\Android\Android Studio\jbr\bin\verify.dll
0x00007ffb8a7a0000 - 0x00007ffb8a7c7000 	C:\Users\Behnam-6.403\.gradle\native\c067742578af261105cb4f569cf0c3c89f3d7b1fecec35dd04571415982c5e48\windows-amd64\native-platform.dll
0x00007ffb260e0000 - 0x00007ffb26224000 	C:\Users\Behnam-6.403\.gradle\native\100fb08df4bc3b14c8652ba06237920a3bd2aa13389f12d3474272988ae205f9\windows-amd64\native-platform-file-events.dll
0x00007ffbac850000 - 0x00007ffbac859000 	C:\Program Files\Android\Android Studio\jbr\bin\management.dll
0x00007ffbabd40000 - 0x00007ffbabd4b000 	C:\Program Files\Android\Android Studio\jbr\bin\management_ext.dll
0x00007ffbbe790000 - 0x00007ffbbe798000 	C:\Windows\System32\PSAPI.DLL
0x00007ffbbd7a0000 - 0x00007ffbbd7b8000 	C:\Windows\SYSTEM32\CRYPTSP.dll
0x00007ffbbce70000 - 0x00007ffbbcea4000 	C:\Windows\system32\rsaenh.dll
0x00007ffbbde10000 - 0x00007ffbbde37000 	C:\Windows\System32\bcrypt.dll
0x00007ffbbdd00000 - 0x00007ffbbdd2e000 	C:\Windows\SYSTEM32\USERENV.dll
0x00007ffbbd7c0000 - 0x00007ffbbd7cc000 	C:\Windows\SYSTEM32\CRYPTBASE.dll
0x00007ffbbd250000 - 0x00007ffbbd28b000 	C:\Windows\SYSTEM32\IPHLPAPI.DLL
0x00007ffbbf480000 - 0x00007ffbbf488000 	C:\Windows\System32\NSI.dll
0x00007ffbb7e40000 - 0x00007ffbb7e49000 	C:\Program Files\Android\Android Studio\jbr\bin\extnet.dll
0x00007ffbb84f0000 - 0x00007ffbb84f7000 	C:\Windows\system32\wshunix.dll
0x00007ffb8d810000 - 0x00007ffb8d827000 	C:\Windows\system32\napinsp.dll
0x00007ffb8d6a0000 - 0x00007ffb8d6bb000 	C:\Windows\system32\pnrpnsp.dll
0x00007ffbb89e0000 - 0x00007ffbb89f5000 	C:\Windows\system32\wshbth.dll
0x00007ffbb9520000 - 0x00007ffbb953d000 	C:\Windows\system32\NLAapi.dll
0x00007ffbbd2a0000 - 0x00007ffbbd36a000 	C:\Windows\SYSTEM32\DNSAPI.dll
0x00007ffb8bfa0000 - 0x00007ffb8bfb2000 	C:\Windows\System32\winrnr.dll
0x0000000058b00000 - 0x0000000058b26000 	C:\Program Files\Bonjour\mdnsNSP.dll
0x00007ffbb5180000 - 0x00007ffbb518a000 	C:\Windows\System32\rasadhlp.dll
0x00007ffbb2500000 - 0x00007ffbb2580000 	C:\Windows\System32\fwpuclnt.dll
0x00007ffbbcf90000 - 0x00007ffbbcfc3000 	C:\Windows\SYSTEM32\ntmarta.dll
0x00007ffbb7ea0000 - 0x00007ffbb7ebe000 	C:\Users\Behnam-6.403\AppData\Local\Temp\native-platform1204188628466322104dir\native-platform.dll

dbghelp: loaded successfully - version: 4.0.5 - missing functions: none
symbol engine: initialized successfully - sym options: 0x614 - pdb path: .;C:\Program Files\Android\Android Studio\jbr\bin;C:\Windows\SYSTEM32;C:\Windows\WinSxS\amd64_microsoft.windows.common-controls_6595b64144ccf1df_6.0.19041.3636_none_60b6a03d71f818d5;C:\Program Files\Android\Android Studio\jbr\bin\server;C:\Users\Behnam-6.403\.gradle\native\c067742578af261105cb4f569cf0c3c89f3d7b1fecec35dd04571415982c5e48\windows-amd64;C:\Users\Behnam-6.403\.gradle\native\100fb08df4bc3b14c8652ba06237920a3bd2aa13389f12d3474272988ae205f9\windows-amd64;C:\Program Files\Bonjour;C:\Users\Behnam-6.403\AppData\Local\Temp\native-platform1204188628466322104dir

VM Arguments:
jvm_args: --add-opens=java.base/java.lang=ALL-UNNAMED --add-opens=java.base/java.lang.invoke=ALL-UNNAMED --add-opens=java.base/java.util=ALL-UNNAMED --add-opens=java.prefs/java.util.prefs=ALL-UNNAMED --add-exports=jdk.compiler/com.sun.tools.javac.api=ALL-UNNAMED --add-exports=jdk.compiler/com.sun.tools.javac.util=ALL-UNNAMED --add-opens=java.base/java.util=ALL-UNNAMED --add-opens=java.prefs/java.util.prefs=ALL-UNNAMED --add-opens=java.base/java.nio.charset=ALL-UNNAMED --add-opens=java.base/java.net=ALL-UNNAMED --add-opens=java.base/java.util.concurrent.atomic=ALL-UNNAMED --add-opens=java.xml/javax.xml.namespace=ALL-UNNAMED -Xmx2g -Dfile.encoding=UTF-8 -Duser.country=US -Duser.language=en -Duser.variant -javaagent:C:\Users\Behnam-6.403\.gradle\wrapper\dists\gradle-8.11.1-bin\bpt9gzteqjrbo1mjrsomdt32c\gradle-8.11.1\lib\agents\gradle-instrumentation-agent-8.11.1.jar 
java_command: org.gradle.launcher.daemon.bootstrap.GradleDaemon 8.11.1
java_class_path (initial): C:\Users\Behnam-6.403\.gradle\wrapper\dists\gradle-8.11.1-bin\bpt9gzteqjrbo1mjrsomdt32c\gradle-8.11.1\lib\gradle-daemon-main-8.11.1.jar
Launcher Type: SUN_STANDARD

[Global flags]
     intx CICompilerCount                          = 4                                         {product} {ergonomic}
     uint ConcGCThreads                            = 2                                         {product} {ergonomic}
     uint G1ConcRefinementThreads                  = 8                                         {product} {ergonomic}
   size_t G1HeapRegionSize                         = 1048576                                   {product} {ergonomic}
    uintx GCDrainStackTargetSize                   = 64                                        {product} {ergonomic}
   size_t InitialHeapSize                          = 134217728                                 {product} {ergonomic}
   size_t MarkStackSize                            = 4194304                                   {product} {ergonomic}
   size_t MaxHeapSize                              = 2147483648                                {product} {command line}
   size_t MaxNewSize                               = 1287651328                                {product} {ergonomic}
   size_t MinHeapDeltaBytes                        = 1048576                                   {product} {ergonomic}
   size_t MinHeapSize                              = 8388608                                   {product} {ergonomic}
    uintx NonNMethodCodeHeapSize                   = 5839372                                {pd product} {ergonomic}
    uintx NonProfiledCodeHeapSize                  = 122909434                              {pd product} {ergonomic}
    uintx ProfiledCodeHeapSize                     = 122909434                              {pd product} {ergonomic}
    uintx ReservedCodeCacheSize                    = 251658240                              {pd product} {ergonomic}
     bool SegmentedCodeCache                       = true                                      {product} {ergonomic}
   size_t SoftMaxHeapSize                          = 2147483648                             {manageable} {ergonomic}
     bool UseCompressedOops                        = true                           {product lp64_product} {ergonomic}
     bool UseG1GC                                  = true                                      {product} {ergonomic}
     bool UseLargePagesIndividualAllocation        = false                                  {pd product} {ergonomic}

Logging:
Log output configuration:
 #0: stdout all=warning uptime,level,tags foldmultilines=false
 #1: stderr all=off uptime,level,tags foldmultilines=false

Environment Variables:
PATH=C:\Program Files (x86)\NVIDIA Corporation\PhysX\Common;C:\Program Files\Common Files\Oracle\Java\javapath;C:\Program Files (x86)\Common Files\Oracle\Java\java8path;C:\Program Files (x86)\Common Files\Oracle\Java\javapath;C:\Windows\system32;C:\Windows;C:\Windows\System32\Wbem;C:\Windows\System32\WindowsPowerShell\v1.0\;C:\Windows\System32\OpenSSH\;C:\Program Files\Microsoft VS Code\bin;C:\php;C:\Program Files\Git\cmd;C:\wamp64\bin\php\php8.3.6;C:\ProgramData\ComposerSetup\bin;C:\Program Files\Microsoft SQL Server\Client SDK\ODBC\170\Tools\Binn\;C:\Program Files (x86)\Microsoft SQL Server\150\Tools\Binn\;C:\Program Files\Microsoft SQL Server\150\Tools\Binn\;C:\Program Files\Microsoft SQL Server\150\DTS\Binn\;C:\Program Files (x86)\Windows Kits\8.1\Windows Performance Toolkit\;C:\Program Files\dotnet\;C:\Program Files\Common Files\Autodesk Shared\;C:\Users\Behnam-6.403\AppData\Local\Programs\Python\Python313\;C:\Users\Behnam-6.403\AppData\Local\Programs\Python\Launcher\;C:\Users\Behnam-6.403\AppData\Local\Microsoft\WindowsApps;C:\php\;"C:\Program Files\Git\bin;C:\Program Files\Git\cmd";C:\Users\Behnam-6.403\AppData\Roaming\Composer\vendor\bin;C:\Users\Behnam-6.403\AppData\Local\Programs\Python\Python313;
USERNAME=Behnam-6.403
OS=Windows_NT
PROCESSOR_IDENTIFIER=Intel64 Family 6 Model 42 Stepping 7, GenuineIntel
TMP=C:\Users\Behnam-6.403\AppData\Local\Temp
TEMP=C:\Users\Behnam-6.403\AppData\Local\Temp




Periodic native trim disabled

JNI global refs:
JNI global refs: 29, weak refs: 0

JNI global refs memory usage: 835, weak refs: 833

Process memory usage:
Resident Set Size: 480080K (5% of 8369372K total physical memory with 406604K free physical memory)

OOME stack traces (most recent first):
Classloader memory used:
Loader org.gradle.internal.classloader.VisitableURLClassLoader$InstrumentingVisitableURLClassLoader: 71072K
Loader org.gradle.internal.classloader.VisitableURLClassLoader                         : 48410K
Loader bootstrap                                                                       : 31277K
Loader org.gradle.initialization.MixInLegacyTypesClassLoader                           : 12992K
Loader jdk.internal.loader.ClassLoaders$AppClassLoader                                 : 8632K
Loader jdk.internal.loader.ClassLoaders$PlatformClassLoader                            : 769K
Loader jdk.internal.reflect.DelegatingClassLoader                                      : 609K
Loader org.gradle.internal.classloader.VisitableURLClassLoader                         : 272K
Loader sun.reflect.misc.MethodUtil                                                     : 2952B

Classes loaded by more than one classloader:
Class Program                                                                         : loaded 5 times (x 68B)
Class Build_gradle                                                                    : loaded 3 times (x 126B)
Class Build_gradle$1                                                                  : loaded 3 times (x 70B)
Class org.gradle.internal.classloader.FilteringClassLoader                            : loaded 2 times (x 101B)
Class net.rubygrapefruit.platform.internal.Platform$FreeBSD64Bit                      : loaded 2 times (x 78B)
Class com.google.common.cache.LocalCache$ValueIterator                                : loaded 2 times (x 82B)
Class [Lcom.google.common.collect.MapMakerInternalMap$Segment;                        : loaded 2 times (x 65B)
Class com.google.common.io.FileWriteMode                                              : loaded 2 times (x 75B)
Class [Lcom.google.common.base.AbstractIterator$State;                                : loaded 2 times (x 65B)
Class com.google.common.base.CharMatcher$IsEither                                     : loaded 2 times (x 107B)
Class org.gradle.internal.classloader.ClassLoaderHierarchy                            : loaded 2 times (x 66B)
Class [Lcom.google.common.cache.RemovalCause;                                         : loaded 2 times (x 65B)
Class net.rubygrapefruit.platform.internal.Platform$FreeBSD                           : loaded 2 times (x 78B)
Class com.google.common.collect.AbstractMapBasedMultimap$WrappedCollection            : loaded 2 times (x 120B)
Class com.google.common.collect.ImmutableEnumSet                                      : loaded 2 times (x 142B)
Class com.google.common.util.concurrent.ExecutionError                                : loaded 2 times (x 78B)
Class com.google.common.collect.ImmutableList$1                                       : loaded 2 times (x 93B)
Class org.gradle.api.internal.classpath.ManifestUtil                                  : loaded 2 times (x 67B)
Class com.google.common.io.ByteArrayDataOutput                                        : loaded 2 times (x 66B)
Class net.rubygrapefruit.platform.NativeException                                     : loaded 2 times (x 78B)
Class org.apache.commons.io.FileSystem                                                : loaded 2 times (x 76B)
Class com.google.common.collect.RegularImmutableMap                                   : loaded 2 times (x 117B)
Class com.google.common.collect.ImmutableMap$MapViewOfValuesAsSingletonSets           : loaded 2 times (x 121B)
Class com.google.common.reflect.TypeCapture                                           : loaded 2 times (x 67B)
Class org.apache.commons.io.function.IOFunction                                       : loaded 2 times (x 66B)
Class com.google.common.cache.LocalCache$Values                                       : loaded 2 times (x 114B)
Class com.google.common.collect.TransformedListIterator                               : loaded 2 times (x 89B)
Class [Lorg.objectweb.asm.Symbol;                                                     : loaded 2 times (x 65B)
Class org.objectweb.asm.ClassVisitor                                                  : loaded 2 times (x 84B)
Class com.google.common.collect.UnmodifiableListIterator                              : loaded 2 times (x 91B)
Class com.google.common.collect.MapMakerInternalMap$StrongKeyDummyValueEntry$LinkedStrongKeyDummyValueEntry: loaded 2 times (x 78B)
Class com.google.common.collect.MapMakerInternalMap$Strength                          : loaded 2 times (x 76B)
Class com.google.common.base.Platform$JdkPatternCompiler                              : loaded 2 times (x 71B)
Class org.objectweb.asm.MethodTooLargeException                                       : loaded 2 times (x 79B)
Class [Lcom.google.common.cache.CacheBuilder$OneWeigher;                              : loaded 2 times (x 65B)
Class com.google.common.base.Suppliers                                                : loaded 2 times (x 67B)
Class org.gradle.internal.classloader.DefaultClassLoaderFactory                       : loaded 2 times (x 78B)
Class com.google.common.io.ByteSource$ConcatenatedByteSource                          : loaded 2 times (x 81B)
Class [Lcom.google.common.collect.AbstractIterator$State;                             : loaded 2 times (x 65B)
Class org.apache.commons.io.file.PathUtils                                            : loaded 2 times (x 67B)
Class com.google.common.base.CharMatcher$None                                         : loaded 2 times (x 108B)
Class org.gradle.internal.classloader.ClassLoaderVisitor                              : loaded 2 times (x 72B)
Class net.rubygrapefruit.platform.NativeIntegrationUnavailableException               : loaded 2 times (x 78B)
Class net.rubygrapefruit.platform.internal.Platform                                   : loaded 2 times (x 75B)
Class [Lcom.google.common.collect.ImmutableMapEntry;                                  : loaded 2 times (x 65B)
Class org.gradle.api.internal.classpath.EffectiveClassPath                            : loaded 2 times (x 86B)
Class com.google.common.collect.AbstractIterator$1                                    : loaded 2 times (x 67B)
Class com.google.common.collect.ImmutableRangeSet                                     : loaded 2 times (x 111B)
Class [Lorg.apache.commons.io.StandardLineSeparator;                                  : loaded 2 times (x 65B)
Class org.apache.commons.io.output.StringBuilderWriter                                : loaded 2 times (x 96B)
Class com.google.common.collect.ImmutableEnumMap                                      : loaded 2 times (x 121B)
Class com.google.common.collect.ListMultimap                                          : loaded 2 times (x 66B)
Class com.google.common.collect.Iterators$EmptyModifiableIterator                     : loaded 2 times (x 82B)
Class com.google.common.collect.Sets$1                                                : loaded 2 times (x 135B)
Class org.objectweb.asm.AnnotationVisitor                                             : loaded 2 times (x 74B)
Class com.google.common.base.Splitter                                                 : loaded 2 times (x 68B)
Class org.gradle.api.internal.DefaultClassPathProvider                                : loaded 2 times (x 72B)
Class [Lcom.google.common.base.Function;                                              : loaded 2 times (x 65B)
Class org.apache.commons.io.FilenameUtils                                             : loaded 2 times (x 67B)
Class com.google.common.collect.MapMakerInternalMap$Strength$1                        : loaded 2 times (x 76B)
Class com.google.common.collect.Maps$ViewCachingAbstractMap                           : loaded 2 times (x 121B)
Class com.google.common.collect.Sets$2                                                : loaded 2 times (x 135B)
Class [Lorg.gradle.api.internal.ClassPathProvider;                                    : loaded 2 times (x 65B)
Class org.gradle.api.internal.ClassPathProvider                                       : loaded 2 times (x 66B)
Class com.google.common.reflect.Types$ClassOwnership$1                                : loaded 2 times (x 76B)
Class com.google.common.collect.MapMakerInternalMap$Strength$2                        : loaded 2 times (x 76B)
Class [Lorg.objectweb.asm.AnnotationVisitor;                                          : loaded 2 times (x 65B)
Class com.google.common.collect.Sets$3                                                : loaded 2 times (x 135B)
Class com.google.common.util.concurrent.AbstractFuture$SafeAtomicHelper               : loaded 2 times (x 75B)
Class com.google.common.cache.LocalCache$LocalLoadingCache                            : loaded 2 times (x 130B)
Class com.google.common.base.AbstractIterator$State                                   : loaded 2 times (x 75B)
Class org.gradle.internal.service.UnknownServiceException                             : loaded 2 times (x 79B)
Class com.google.common.reflect.Types$ClassOwnership$2                                : loaded 2 times (x 76B)
Class com.google.common.reflect.TypeResolver                                          : loaded 2 times (x 68B)
Class com.google.common.io.ByteArrayDataInput                                         : loaded 2 times (x 66B)
Class [Lorg.apache.commons.io.IOCase;                                                 : loaded 2 times (x 65B)
Class com.google.common.collect.MapMakerInternalMap$StrongValueEntry                  : loaded 2 times (x 66B)
Class com.google.common.collect.Sets$4                                                : loaded 2 times (x 135B)
Class org.objectweb.asm.ModuleVisitor                                                 : loaded 2 times (x 77B)
Class com.google.common.cache.LocalCache$Strength$1                                   : loaded 2 times (x 77B)
Class com.google.common.reflect.Types$ClassOwnership$3                                : loaded 2 times (x 67B)
Class com.google.common.collect.Collections2$FilteredCollection                       : loaded 2 times (x 115B)
Class net.rubygrapefruit.platform.internal.Platform$MacOs64Bit                        : loaded 2 times (x 78B)
Class org.apache.commons.io.file.Counters$Counter                                     : loaded 2 times (x 66B)
Class org.apache.commons.io.output.QueueOutputStream                                  : loaded 2 times (x 83B)
Class com.google.common.util.concurrent.SettableFuture                                : loaded 2 times (x 110B)
Class com.google.common.cache.LocalCache$Strength$2                                   : loaded 2 times (x 77B)
Class [Lcom.google.common.collect.Maps$EntryFunction;                                 : loaded 2 times (x 65B)
Class com.google.common.io.ByteStreams                                                : loaded 2 times (x 67B)
Class net.rubygrapefruit.platform.internal.Platform$Posix                             : loaded 2 times (x 77B)
Class org.apache.commons.io.IOCase                                                    : loaded 2 times (x 76B)
Class com.google.common.collect.Interners$InternerImpl                                : loaded 2 times (x 71B)
Class com.google.common.collect.Interner                                              : loaded 2 times (x 66B)
Class com.google.common.collect.TransformedIterator                                   : loaded 2 times (x 76B)
Class com.google.common.cache.LocalCache$Strength$3                                   : loaded 2 times (x 77B)
Class com.google.common.collect.MapDifference                                         : loaded 2 times (x 66B)
Class com.google.common.base.Splitter$1                                               : loaded 2 times (x 73B)
Class com.google.common.reflect.Invokable                                             : loaded 2 times (x 99B)
Class com.google.common.collect.MapMaker$Dummy                                        : loaded 2 times (x 75B)
Class org.objectweb.asm.FieldWriter                                                   : loaded 2 times (x 74B)
Class com.google.common.cache.CacheBuilder$NullListener                               : loaded 2 times (x 78B)
Class org.gradle.internal.classpath.TransformedClassPath                              : loaded 2 times (x 92B)
Class org.gradle.internal.classloader.InstrumentingClassLoader                        : loaded 2 times (x 66B)
Class com.google.common.reflect.Types$ParameterizedTypeImpl                           : loaded 2 times (x 77B)
Class com.google.common.collect.Maps$IteratorBasedAbstractMap$1                       : loaded 2 times (x 134B)
Class org.apache.commons.io.filefilter.AbstractFileFilter                             : loaded 2 times (x 117B)
Class com.google.common.collect.ImmutableRangeSet$AsSet                               : loaded 2 times (x 295B)
Class org.apache.commons.io.output.UnsynchronizedByteArrayOutputStream                : loaded 2 times (x 98B)
Class com.google.common.cache.CacheLoader$FunctionToCacheLoader                       : loaded 2 times (x 71B)
Class com.google.common.collect.Iterators$ArrayItr                                    : loaded 2 times (x 93B)
Class com.google.common.collect.ImmutableCollection$Builder                           : loaded 2 times (x 72B)
Class com.google.common.reflect.TypeResolver$TypeVariableKey                          : loaded 2 times (x 68B)
Class com.google.common.collect.BaseImmutableMultimap                                 : loaded 2 times (x 119B)
Class org.apache.commons.io.output.ByteArrayOutputStream                              : loaded 2 times (x 98B)
Class com.google.common.base.Joiner                                                   : loaded 2 times (x 75B)
Class com.google.common.base.MoreObjects                                              : loaded 2 times (x 67B)
Class [Lorg.objectweb.asm.Type;                                                       : loaded 2 times (x 65B)
Class com.google.common.collect.Platform                                              : loaded 2 times (x 67B)
Class com.google.common.collect.UnmodifiableIterator                                  : loaded 2 times (x 76B)
Class org.gradle.internal.service.ServiceLocator                                      : loaded 2 times (x 66B)
Class org.apache.commons.io.FileExistsException                                       : loaded 2 times (x 78B)
Class com.google.common.collect.HashBiMap$BiEntry                                     : loaded 2 times (x 79B)
Class com.google.common.base.Ascii                                                    : loaded 2 times (x 67B)
Class com.google.common.collect.SingletonImmutableBiMap                               : loaded 2 times (x 139B)
Class com.google.common.cache.LocalCache$1                                            : loaded 2 times (x 85B)
Class com.google.common.collect.AbstractMapEntry                                      : loaded 2 times (x 77B)
Class com.google.common.reflect.TypeToken$SimpleTypeToken                             : loaded 2 times (x 69B)
Class com.google.common.io.ByteSource$ByteArrayByteSource                             : loaded 2 times (x 81B)
Class org.apache.commons.io.function.IOSupplier                                       : loaded 2 times (x 66B)
Class com.google.common.collect.MapMakerInternalMap$AbstractStrongKeyEntry            : loaded 2 times (x 76B)
Class com.google.common.collect.Sets$ImprovedAbstractSet                              : loaded 2 times (x 131B)
Class com.google.common.collect.ImmutableList$Builder                                 : loaded 2 times (x 73B)
Class com.google.common.cache.LocalCache$2                                            : loaded 2 times (x 138B)
Class com.google.common.collect.AbstractMultimap                                      : loaded 2 times (x 119B)
Class com.google.common.collect.ImmutableRangeSet$1                                   : loaded 2 times (x 205B)
Class com.google.common.util.concurrent.AbstractFuture$UnsafeAtomicHelper$1           : loaded 2 times (x 72B)
Class com.google.common.collect.RegularImmutableAsList                                : loaded 2 times (x 212B)
Class com.google.common.base.Optional                                                 : loaded 2 times (x 76B)
Class com.google.common.collect.Range                                                 : loaded 2 times (x 83B)
Class com.google.common.util.concurrent.AbstractFuture$Trusted                        : loaded 2 times (x 66B)
Class com.google.common.collect.Iterators                                             : loaded 2 times (x 67B)
Class com.google.common.base.CharMatcher$RangesMatcher                                : loaded 2 times (x 108B)
Class net.rubygrapefruit.platform.internal.Platform$Linux32Bit                        : loaded 2 times (x 79B)
Class com.google.common.io.ByteSink$AsCharSink                                        : loaded 2 times (x 76B)
Class com.google.common.util.concurrent.UncheckedExecutionException                   : loaded 2 times (x 78B)
Class com.google.common.collect.Lists$StringAsImmutableList                           : loaded 2 times (x 203B)
Class org.gradle.kotlin.dsl.VersionCatalogAccessorsKt                                 : loaded 2 times (x 67B)
Class net.rubygrapefruit.platform.Native                                              : loaded 2 times (x 67B)
Class net.rubygrapefruit.platform.NativeIntegration                                   : loaded 2 times (x 66B)
Class com.google.common.collect.ImmutableSortedSetFauxverideShim                      : loaded 2 times (x 143B)
Class com.google.common.base.CharMatcher$JavaLetterOrDigit                            : loaded 2 times (x 107B)
Class org.gradle.internal.InternalTransformer                                         : loaded 2 times (x 66B)
Class [Lnet.rubygrapefruit.platform.internal.FunctionResult$Failure;                  : loaded 2 times (x 65B)
Class com.google.common.collect.AbstractMapBasedMultimap$KeySet$1                     : loaded 2 times (x 78B)
Class org.objectweb.asm.ClassWriter                                                   : loaded 2 times (x 102B)
Class com.google.common.cache.CacheLoader$UnsupportedLoadingOperationException        : loaded 2 times (x 78B)
Class com.google.common.base.CharMatcher$And                                          : loaded 2 times (x 108B)
Class org.gradle.internal.classloader.ClasspathUtil$1                                 : loaded 2 times (x 72B)
Class com.google.common.collect.FluentIterable$1                                      : loaded 2 times (x 77B)
Class com.google.common.base.Objects                                                  : loaded 2 times (x 67B)
Class org.objectweb.asm.FieldVisitor                                                  : loaded 2 times (x 73B)
Class com.google.common.collect.IndexedImmutableSet                                   : loaded 2 times (x 146B)
Class com.google.common.collect.ImmutableMap$1                                        : loaded 2 times (x 77B)
Class com.google.common.collect.BiMap                                                 : loaded 2 times (x 66B)
Class org.gradle.api.internal.classpath.DefaultModuleRegistry$DefaultModule           : loaded 2 times (x 82B)
Class com.google.common.collect.RegularImmutableMap$KeySet                            : loaded 2 times (x 146B)
Class com.google.common.base.Absent                                                   : loaded 2 times (x 76B)
Class com.google.common.collect.FluentIterable$2                                      : loaded 2 times (x 77B)
Class com.google.common.primitives.Ints                                               : loaded 2 times (x 67B)
Class com.google.common.collect.AbstractIterator                                      : loaded 2 times (x 78B)
Class com.google.common.collect.FluentIterable$3                                      : loaded 2 times (x 77B)
Class org.apache.commons.io.file.CountingPathVisitor                                  : loaded 2 times (x 87B)
Class com.google.common.math.MathPreconditions                                        : loaded 2 times (x 67B)
Class com.google.common.collect.Multiset                                              : loaded 2 times (x 66B)
Class com.google.common.collect.ArrayListMultimapGwtSerializationDependencies         : loaded 2 times (x 168B)
Class com.google.common.collect.ObjectArrays                                          : loaded 2 times (x 67B)
Class com.google.common.collect.AbstractIndexedListIterator                           : loaded 2 times (x 92B)
Class org.apache.commons.io.output.NullOutputStream                                   : loaded 2 times (x 81B)
Class com.google.common.collect.ImmutableMapEntrySet                                  : loaded 2 times (x 147B)
Class org.gradle.api.internal.classpath.Module                                        : loaded 2 times (x 66B)
Class com.google.common.cache.Weigher                                                 : loaded 2 times (x 66B)
Class org.gradle.api.internal.classpath.UnknownModuleException                        : loaded 2 times (x 78B)
Class org.apache.commons.io.file.Counters$PathCounters                                : loaded 2 times (x 66B)
Class org.apache.commons.io.Charsets                                                  : loaded 2 times (x 67B)
Class com.google.common.base.Stopwatch                                                : loaded 2 times (x 68B)
Class com.google.common.cache.LocalCache$Strength                                     : loaded 2 times (x 77B)
Class com.google.common.cache.Cache                                                   : loaded 2 times (x 66B)
Class com.google.common.io.Files$2                                                    : loaded 2 times (x 72B)
Class org.apache.commons.io.filefilter.IOFileFilter                                   : loaded 2 times (x 66B)
Class com.google.common.util.concurrent.AbstractFuture$Cancellation                   : loaded 2 times (x 68B)
Class com.google.common.collect.ImmutableMap$Builder                                  : loaded 2 times (x 78B)
Class com.google.common.base.NullnessCasts                                            : loaded 2 times (x 67B)
Class com.google.common.collect.Maps$EntryFunction$1                                  : loaded 2 times (x 87B)
Class net.rubygrapefruit.platform.internal.FunctionResult                             : loaded 2 times (x 73B)
Class com.google.common.base.Present                                                  : loaded 2 times (x 77B)
Class com.google.common.collect.AbstractMapBasedMultimap$WrappedCollection$WrappedIterator: loaded 2 times (x 80B)
Class com.google.common.cache.RemovalListener                                         : loaded 2 times (x 66B)
Class org.gradle.api.internal.DefaultClassPathRegistry                                : loaded 2 times (x 72B)
Class com.google.common.reflect.Invokable$ConstructorInvokable                        : loaded 2 times (x 103B)
Class com.google.common.collect.Maps$EntryFunction$2                                  : loaded 2 times (x 87B)
Class net.rubygrapefruit.platform.NativeIntegrationLinkageException                   : loaded 2 times (x 78B)
Class org.apache.commons.io.file.DeleteOption                                         : loaded 2 times (x 66B)
Class com.google.common.primitives.IntsMethodsForWeb                                  : loaded 2 times (x 67B)
Class com.google.common.collect.Multimap                                              : loaded 2 times (x 66B)
Class org.gradle.api.internal.ClassPathRegistry                                       : loaded 2 times (x 66B)
Class org.gradle.internal.classpath.DefaultClassPath$ImmutableUniqueList              : loaded 2 times (x 195B)
Class com.google.common.reflect.TypeToken                                             : loaded 2 times (x 69B)
Class com.google.common.collect.NullnessCasts                                         : loaded 2 times (x 67B)
Class com.google.common.collect.MapMakerInternalMap$Segment                           : loaded 2 times (x 138B)
Class com.google.common.base.ExtraObjectsMethodsForWeb                                : loaded 2 times (x 67B)
Class org.apache.commons.io.IOUtils                                                   : loaded 2 times (x 67B)
Class com.google.common.base.Equivalence$Identity                                     : loaded 2 times (x 78B)
Class com.google.common.cache.RemovalCause                                            : loaded 2 times (x 76B)
Class net.rubygrapefruit.platform.internal.jni.NativeLibraryFunctions                 : loaded 2 times (x 67B)
Class com.google.common.io.ByteSink                                                   : loaded 2 times (x 72B)
Class com.google.common.cache.CacheBuilder                                            : loaded 2 times (x 68B)
Class com.google.common.collect.SingletonImmutableList                                : loaded 2 times (x 203B)
Class Settings_gradle$1                                                               : loaded 2 times (x 70B)
Class org.gradle.internal.classpath.ClassPath                                         : loaded 2 times (x 66B)
Class org.gradle.api.UncheckedIOException                                             : loaded 2 times (x 78B)
Class [Lcom.google.common.reflect.Types$JavaVersion;                                  : loaded 2 times (x 65B)
Class com.google.common.collect.Interners$InternerBuilder                             : loaded 2 times (x 72B)
Class com.google.common.io.Files$FileByteSource                                       : loaded 2 times (x 81B)
Class com.google.common.collect.ImmutableList$ReverseImmutableList                    : loaded 2 times (x 204B)
Class com.google.common.base.JdkPattern                                               : loaded 2 times (x 71B)
Class net.rubygrapefruit.platform.internal.Platform$Windows                           : loaded 2 times (x 75B)
Class org.objectweb.asm.SymbolTable$Entry                                             : loaded 2 times (x 70B)
Class com.google.common.util.concurrent.AbstractFuture$AtomicHelper                   : loaded 2 times (x 74B)
Class org.objectweb.asm.Edge                                                          : loaded 2 times (x 68B)
Class com.google.common.base.Suppliers$SupplierOfInstance                             : loaded 2 times (x 75B)
Class com.google.common.collect.Iterators$1                                           : loaded 2 times (x 77B)
Class com.google.common.reflect.TypeToken$1                                           : loaded 2 times (x 106B)
Class com.google.common.cache.LocalCache$ComputingValueReference                      : loaded 2 times (x 92B)
Class com.google.common.collect.SingletonImmutableSet                                 : loaded 2 times (x 142B)
Class com.google.common.collect.ImmutableMap$IteratorBasedImmutableMap                : loaded 2 times (x 121B)
Class com.google.common.reflect.TypeToken$2                                           : loaded 2 times (x 106B)
Class com.google.common.cache.LocalCache$Segment                                      : loaded 2 times (x 150B)
Class net.rubygrapefruit.platform.internal.LibraryDef                                 : loaded 2 times (x 68B)
Class com.google.common.collect.SortedIterable                                        : loaded 2 times (x 66B)
Class [Lorg.objectweb.asm.SymbolTable$Entry;                                          : loaded 2 times (x 65B)
Class com.google.common.cache.CacheLoader                                             : loaded 2 times (x 70B)
Class com.google.common.collect.Iterators$4                                           : loaded 2 times (x 78B)
Class com.google.common.collect.ImmutableBiMap                                        : loaded 2 times (x 139B)
Class com.google.common.collect.AbstractListMultimap                                  : loaded 2 times (x 168B)
Class org.gradle.internal.installation.GradleInstallation$1                           : loaded 2 times (x 71B)
Class org.gradle.api.internal.classpath.ModuleRegistry                                : loaded 2 times (x 66B)
Class org.apache.commons.io.output.NullWriter                                         : loaded 2 times (x 95B)
Class com.google.common.util.concurrent.internal.InternalFutureFailureAccess          : loaded 2 times (x 68B)
Class com.google.common.collect.Iterators$5                                           : loaded 2 times (x 78B)
Class com.google.common.collect.ImmutableSet$JdkBackedSetBuilderImpl                  : loaded 2 times (x 72B)
Class com.google.common.base.Splitter$SplittingIterator                               : loaded 2 times (x 80B)
Class com.google.common.collect.Iterators$6                                           : loaded 2 times (x 77B)
Class com.google.common.io.Closer$SuppressingSuppressor                               : loaded 2 times (x 71B)
Class com.google.common.collect.HashBiMap$Inverse                                     : loaded 2 times (x 138B)
Class com.google.common.util.concurrent.AbstractFuture$UnsafeAtomicHelper             : loaded 2 times (x 74B)
Class com.google.common.cache.LocalCache$LocalManualCache$1                           : loaded 2 times (x 71B)
Class com.google.common.base.CharMatcher$ForPredicate                                 : loaded 2 times (x 108B)
Class net.rubygrapefruit.platform.internal.Platform$Window32Bit                       : loaded 2 times (x 75B)
Class com.google.common.collect.ImmutableCollection                                   : loaded 2 times (x 121B)
Class com.google.common.base.CharMatcher$AnyOf                                        : loaded 2 times (x 108B)
Class org.gradle.api.internal.classpath.DefaultModuleRegistry                         : loaded 2 times (x 82B)
Class com.google.common.util.concurrent.ListenableFuture                              : loaded 2 times (x 66B)
Class com.google.common.cache.ReferenceEntry                                          : loaded 2 times (x 66B)
Class com.google.common.collect.ImmutableSet$CachingAsList                            : loaded 2 times (x 143B)
Class com.google.common.base.Converter                                                : loaded 2 times (x 86B)
Class com.google.common.collect.Lists                                                 : loaded 2 times (x 67B)
Class com.google.common.base.CharMatcher$Any                                          : loaded 2 times (x 108B)
Class com.google.common.util.concurrent.AbstractFuture                                : loaded 2 times (x 102B)
Class com.google.common.base.FunctionalEquivalence                                    : loaded 2 times (x 79B)
Class com.google.common.collect.Iterators$9                                           : loaded 2 times (x 77B)
Class com.google.common.collect.AbstractMapBasedMultimap                              : loaded 2 times (x 135B)
Class com.google.common.collect.ImmutableAsList                                       : loaded 2 times (x 205B)
Class com.google.common.reflect.TypeResolver$TypeTable                                : loaded 2 times (x 69B)
Class org.objectweb.asm.RecordComponentVisitor                                        : loaded 2 times (x 73B)
Class com.google.common.cache.CacheLoader$SupplierToCacheLoader                       : loaded 2 times (x 71B)
Class com.google.common.reflect.TypeResolver$TypeTable$1                              : loaded 2 times (x 69B)
Class com.google.common.collect.Maps$EntryTransformer                                 : loaded 2 times (x 66B)
Class org.gradle.internal.service.ServiceLookupException                              : loaded 2 times (x 78B)
Class com.google.common.collect.ImmutableSortedSet                                    : loaded 2 times (x 295B)
Class com.google.common.collect.Lists$ReverseList                                     : loaded 2 times (x 196B)
Class [Lcom.google.common.cache.LocalCache$EntryFactory;                              : loaded 2 times (x 65B)
Class com.google.common.base.CharMatcher$JavaLetter                                   : loaded 2 times (x 107B)
Class org.gradle.internal.classloader.ClassLoaderFactory                              : loaded 2 times (x 66B)
Class net.rubygrapefruit.platform.internal.Platform$Linux                             : loaded 2 times (x 79B)
Class org.apache.commons.io.function.IOBiFunction                                     : loaded 2 times (x 66B)
Class [Lorg.apache.commons.io.FileSystem;                                             : loaded 2 times (x 65B)
Class com.google.common.collect.ImmutableMap$SerializedForm                           : loaded 2 times (x 69B)
Class org.apache.commons.io.CloseableURLConnection                                    : loaded 2 times (x 112B)
Class com.google.common.cache.LocalCache$LocalManualCache                             : loaded 2 times (x 95B)
Class com.google.common.base.CharMatcher$IsNot                                        : loaded 2 times (x 107B)
Class com.google.common.base.CommonPattern                                            : loaded 2 times (x 70B)
Class org.gradle.internal.service.CachingServiceLocator                               : loaded 2 times (x 78B)
Class org.apache.commons.io.filefilter.ConditionalFileFilter                          : loaded 2 times (x 66B)
Class com.google.common.collect.RegularImmutableSortedSet                             : loaded 2 times (x 295B)
Class com.google.common.collect.AbstractMapBasedMultimap$KeySet                       : loaded 2 times (x 133B)
Class com.google.common.math.IntMath                                                  : loaded 2 times (x 67B)
Class com.google.common.reflect.Types$TypeVariableInvocationHandler                   : loaded 2 times (x 71B)
Class org.apache.commons.io.file.Counters$AbstractPathCounters                        : loaded 2 times (x 78B)
Class com.google.common.collect.MapMakerInternalMap$InternalEntry                     : loaded 2 times (x 66B)
Class [Lcom.google.common.collect.HashBiMap$BiEntry;                                  : loaded 2 times (x 65B)
Class com.google.common.collect.Iterators$10                                          : loaded 2 times (x 77B)
Class com.google.common.collect.ImmutableMapEntry                                     : loaded 2 times (x 81B)
Class com.google.common.base.CharMatcher$JavaDigit                                    : loaded 2 times (x 107B)
Class com.google.common.base.Predicates                                               : loaded 2 times (x 67B)
Class com.google.common.collect.ImmutableMultimap                                     : loaded 2 times (x 143B)
Class com.google.common.base.Equivalence                                              : loaded 2 times (x 78B)
Class com.google.common.collect.ImmutableMapEntry$NonTerminalImmutableMapEntry        : loaded 2 times (x 81B)
Class com.google.common.base.Function                                                 : loaded 2 times (x 66B)
Class org.apache.commons.io.output.AbstractByteArrayOutputStream                      : loaded 2 times (x 98B)
Class com.google.common.collect.IndexedImmutableSet$1                                 : loaded 2 times (x 208B)
Class com.google.common.cache.CacheBuilder$OneWeigher                                 : loaded 2 times (x 78B)
Class com.google.common.collect.RegularImmutableList                                  : loaded 2 times (x 208B)
Class com.google.common.reflect.Types$ClassOwnership$1LocalClass                      : loaded 2 times (x 67B)
Class com.google.common.collect.Maps$EntryFunction                                    : loaded 2 times (x 87B)
Class net.rubygrapefruit.platform.internal.Platform$Unsupported                       : loaded 2 times (x 75B)
Class net.rubygrapefruit.platform.internal.Platform$FreeBSD32Bit                      : loaded 2 times (x 78B)
Class com.google.common.collect.ImmutableBiMapFauxverideShim                          : loaded 2 times (x 116B)
Class org.gradle.internal.classloader.ClasspathUtil                                   : loaded 2 times (x 67B)
Class net.rubygrapefruit.platform.internal.Platform$Unix                              : loaded 2 times (x 78B)
Class com.google.common.base.Charsets                                                 : loaded 2 times (x 67B)
Class com.google.common.util.concurrent.Uninterruptibles                              : loaded 2 times (x 67B)
Class com.google.common.io.CharSource                                                 : loaded 2 times (x 81B)
Class com.google.common.collect.Maps                                                  : loaded 2 times (x 67B)
Class com.google.common.base.CharMatcher$JavaUpperCase                                : loaded 2 times (x 107B)
Class org.gradle.api.specs.Spec                                                       : loaded 2 times (x 66B)
Class com.google.common.reflect.Types$JavaVersion                                     : loaded 2 times (x 79B)
Class com.google.common.collect.MapMaker                                              : loaded 2 times (x 68B)
Class org.apache.commons.io.file.PathFilter                                           : loaded 2 times (x 66B)
Class [Lcom.google.common.collect.ImmutableEntry;                                     : loaded 2 times (x 65B)
Class com.google.common.cache.LocalCache$LoadingValueReference                        : loaded 2 times (x 92B)
Class com.google.common.reflect.Reflection                                            : loaded 2 times (x 67B)
Class com.google.common.reflect.Invokable$MethodInvokable                             : loaded 2 times (x 103B)
Class org.apache.commons.io.filefilter.AndFileFilter                                  : loaded 2 times (x 128B)
Class com.google.common.collect.MapMakerInternalMap$StrongKeyDummyValueEntry          : loaded 2 times (x 78B)
Class com.google.common.base.Platform                                                 : loaded 2 times (x 67B)
Class com.google.common.collect.AbstractMapBasedMultimap$WrappedList                  : loaded 2 times (x 201B)
Class [Lorg.objectweb.asm.AnnotationWriter;                                           : loaded 2 times (x 65B)
Class com.google.common.primitives.Ints$IntConverter                                  : loaded 2 times (x 86B)
Class com.google.common.collect.Maps$8                                                : loaded 2 times (x 78B)
Class com.google.common.base.Predicates$CompositionPredicate                          : loaded 2 times (x 84B)
Class [Lcom.google.common.collect.Iterators$EmptyModifiableIterator;                  : loaded 2 times (x 65B)
Class com.google.common.collect.ImmutableRangeSet$Builder                             : loaded 2 times (x 73B)
Class com.google.common.collect.Lists$ReverseList$1                                   : loaded 2 times (x 95B)
Class com.google.common.collect.Sets$SetView                                          : loaded 2 times (x 134B)
Class com.google.common.cache.LocalCache$StrongValueReference                         : loaded 2 times (x 86B)
Class com.google.common.util.concurrent.AbstractFuture$SynchronizedHelper             : loaded 2 times (x 74B)
Class com.google.common.base.CharMatcher$Invisible                                    : loaded 2 times (x 108B)
Class com.google.common.graph.SuccessorsFunction                                      : loaded 2 times (x 66B)
Class org.objectweb.asm.Type                                                          : loaded 2 times (x 68B)
Class org.gradle.internal.classloader.VisitableURLClassLoader$InstrumentingVisitableURLClassLoader: loaded 2 times (x 119B)
Class org.apache.commons.io.file.Counters                                             : loaded 2 times (x 67B)
Class com.google.common.collect.MapMakerInternalMap$StrongKeyDummyValueEntry$Helper   : loaded 2 times (x 75B)
Class org.apache.commons.io.FileUtils                                                 : loaded 2 times (x 67B)
Class com.google.common.io.Files$FileByteSink                                         : loaded 2 times (x 73B)
Class org.objectweb.asm.ByteVector                                                    : loaded 2 times (x 75B)
Class [Lcom.google.common.cache.CacheBuilder$NullListener;                            : loaded 2 times (x 65B)
Class com.google.common.math.IntMath$1                                                : loaded 2 times (x 67B)
Class org.gradle.internal.classloader.VisitableURLClassLoader$Spec                    : loaded 2 times (x 70B)
Class org.gradle.internal.classpath.DefaultClassPath                                  : loaded 2 times (x 86B)
Class com.google.common.reflect.Types$ClassOwnership                                  : loaded 2 times (x 76B)
Class org.objectweb.asm.Symbol                                                        : loaded 2 times (x 69B)
Class com.google.common.base.AbstractIterator                                         : loaded 2 times (x 76B)
Class com.google.common.collect.Sets$FilteredSet                                      : loaded 2 times (x 133B)
Class com.google.common.io.Closer                                                     : loaded 2 times (x 74B)
Class com.google.common.collect.RegularImmutableMap$Values                            : loaded 2 times (x 203B)
Class com.google.common.collect.ImmutableSet                                          : loaded 2 times (x 141B)
Class com.google.common.base.CharMatcher$BitSetMatcher                                : loaded 2 times (x 108B)
Class com.google.common.base.CharMatcher$Ascii                                        : loaded 2 times (x 108B)
Class org.gradle.internal.classloader.ClassLoaderSpec                                 : loaded 2 times (x 67B)
Class com.google.common.io.ByteSource$EmptyByteSource                                 : loaded 2 times (x 81B)
Class net.rubygrapefruit.platform.internal.Platform$MacOs32Bit                        : loaded 2 times (x 78B)
Class net.rubygrapefruit.platform.internal.Platform$Linux64Bit                        : loaded 2 times (x 79B)
Class org.objectweb.asm.AnnotationWriter                                              : loaded 2 times (x 75B)
Class com.google.common.cache.CacheStats                                              : loaded 2 times (x 67B)
Class com.google.common.collect.Interners                                             : loaded 2 times (x 67B)
Class com.google.common.io.Closer$Suppressor                                          : loaded 2 times (x 66B)
Class com.google.common.io.LineProcessor                                              : loaded 2 times (x 66B)
Class org.objectweb.asm.RecordComponentWriter                                         : loaded 2 times (x 74B)
Class com.google.common.util.concurrent.AbstractFuture$Listener                       : loaded 2 times (x 68B)
Class com.google.common.base.CharMatcher$Or                                           : loaded 2 times (x 108B)
Class Settings_gradle$1$1                                                             : loaded 2 times (x 70B)
Class org.objectweb.asm.Attribute                                                     : loaded 2 times (x 73B)
Class com.google.common.base.Supplier                                                 : loaded 2 times (x 66B)
Class org.gradle.internal.classloader.VisitableURLClassLoader                         : loaded 2 times (x 113B)
Class net.rubygrapefruit.platform.internal.FunctionResult$Failure                     : loaded 2 times (x 75B)
Class net.rubygrapefruit.platform.internal.NativeLibraryLoader                        : loaded 2 times (x 69B)
Class com.google.common.collect.ImmutableList$SerializedForm                          : loaded 2 times (x 69B)
Class org.apache.commons.io.file.PathVisitor                                          : loaded 2 times (x 66B)
Class com.google.common.util.concurrent.AbstractFuture$Waiter                         : loaded 2 times (x 68B)
Class Settings_gradle                                                                 : loaded 2 times (x 124B)
Class org.gradle.internal.Cast                                                        : loaded 2 times (x 67B)
Class org.gradle.api.Action                                                           : loaded 2 times (x 66B)
Class com.google.common.collect.MapMakerInternalMap                                   : loaded 2 times (x 157B)
Class com.google.common.collect.HashBiMap                                             : loaded 2 times (x 139B)
Class com.google.common.base.Strings                                                  : loaded 2 times (x 67B)
Class com.google.common.collect.Sets                                                  : loaded 2 times (x 67B)
Class org.objectweb.asm.Handler                                                       : loaded 2 times (x 68B)
Class com.google.common.base.Ticker                                                   : loaded 2 times (x 68B)
Class com.google.common.base.CharMatcher$FastMatcher                                  : loaded 2 times (x 107B)
Class com.google.common.cache.RemovalCause$1                                          : loaded 2 times (x 76B)
Class [Lcom.google.common.cache.LocalCache$Segment;                                   : loaded 2 times (x 65B)
Class [Lcom.google.common.cache.LocalCache$Strength;                                  : loaded 2 times (x 65B)
Class com.google.common.cache.CacheBuilder$1                                          : loaded 2 times (x 81B)
Class com.google.common.collect.ImmutableMap                                          : loaded 2 times (x 116B)
Class com.google.common.base.Predicate                                                : loaded 2 times (x 66B)
Class org.gradle.internal.classpath.DefaultClassPath$ImmutableUniqueList$Builder      : loaded 2 times (x 71B)
Class com.google.common.cache.RemovalCause$2                                          : loaded 2 times (x 76B)
Class com.google.common.collect.MapMakerInternalMap$WeakValueReference                : loaded 2 times (x 66B)
Class com.google.common.collect.AbstractRangeSet                                      : loaded 2 times (x 110B)
Class com.google.common.cache.LocalCache                                              : loaded 2 times (x 183B)
Class com.google.common.cache.CacheBuilder$2                                          : loaded 2 times (x 68B)
Class com.google.common.base.CharMatcher$NegatedFastMatcher                           : loaded 2 times (x 109B)
Class com.google.common.cache.RemovalCause$3                                          : loaded 2 times (x 76B)
Class [Lcom.google.common.collect.AbstractMapEntry;                                   : loaded 2 times (x 65B)
Class com.google.common.collect.ImmutableEntry                                        : loaded 2 times (x 78B)
Class com.google.common.collect.ArrayListMultimap                                     : loaded 2 times (x 168B)
Class com.google.common.base.AbstractIterator$1                                       : loaded 2 times (x 67B)
Class com.google.common.base.CharMatcher$Digit                                        : loaded 2 times (x 108B)
Class org.gradle.api.GradleException                                                  : loaded 2 times (x 78B)
Class com.google.common.cache.RemovalCause$4                                          : loaded 2 times (x 76B)
Class com.google.common.base.Suppliers$MemoizingSupplier                              : loaded 2 times (x 75B)
Class org.apache.commons.io.StandardLineSeparator                                     : loaded 2 times (x 75B)
Class com.google.common.collect.CollectPreconditions                                  : loaded 2 times (x 67B)
Class com.google.common.base.CharMatcher$JavaIsoControl                               : loaded 2 times (x 108B)
Class com.google.common.cache.RemovalCause$5                                          : loaded 2 times (x 76B)
Class com.google.common.collect.Maps$AbstractFilteredMap                              : loaded 2 times (x 123B)
Class [Lcom.google.common.collect.MapMakerInternalMap$Strength;                       : loaded 2 times (x 65B)
Class [Lcom.google.common.io.FileWriteMode;                                           : loaded 2 times (x 65B)
Class com.google.common.collect.SortedMapDifference                                   : loaded 2 times (x 66B)
Class com.google.common.base.CharMatcher$JavaLowerCase                                : loaded 2 times (x 107B)
Class net.rubygrapefruit.platform.internal.NativeLibraryLocator                       : loaded 2 times (x 69B)
Class net.rubygrapefruit.platform.Process                                             : loaded 2 times (x 66B)
Class com.google.common.collect.Iterables$4                                           : loaded 2 times (x 77B)
Class com.google.common.collect.MapMakerInternalMap$StrongKeyDummyValueSegment        : loaded 2 times (x 138B)
Class com.google.common.io.Files                                                      : loaded 2 times (x 67B)
Class com.google.common.cache.LocalCache$WriteThroughEntry                            : loaded 2 times (x 75B)
Class com.google.common.cache.LocalCache$HashIterator                                 : loaded 2 times (x 82B)
Class com.google.common.cache.LocalCache$EntryFactory                                 : loaded 2 times (x 79B)
Class com.google.common.reflect.Types$NativeTypeVariableEquals                        : loaded 2 times (x 67B)
Class com.google.common.reflect.TypeParameter                                         : loaded 2 times (x 68B)
Class com.google.common.collect.Iterables$5                                           : loaded 2 times (x 77B)
Class [Lcom.google.common.collect.MapMaker$Dummy;                                     : loaded 2 times (x 65B)
Class com.google.common.cache.LocalCache$AbstractReferenceEntry                       : loaded 2 times (x 103B)
Class com.google.common.base.Splitter$1$1                                             : loaded 2 times (x 82B)
Class com.google.common.base.CharMatcher$Whitespace                                   : loaded 2 times (x 108B)
Class org.gradle.internal.IoActions                                                   : loaded 2 times (x 67B)
Class org.apache.commons.io.filefilter.TrueFileFilter                                 : loaded 2 times (x 95B)
Class com.google.common.collect.ImmutableMapKeySet                                    : loaded 2 times (x 146B)
Class com.google.common.collect.ImmutableRangeSet$ComplementRanges                    : loaded 2 times (x 203B)
Class org.objectweb.asm.SymbolTable                                                   : loaded 2 times (x 68B)
Class com.google.common.cache.CacheLoader$InvalidCacheLoadException                   : loaded 2 times (x 78B)
Class com.google.common.collect.ImmutableSet$RegularSetBuilderImpl                    : loaded 2 times (x 73B)
Class com.google.common.base.CharMatcher$SingleWidth                                  : loaded 2 times (x 108B)
Class org.gradle.internal.classloader.SystemClassLoaderSpec                           : loaded 2 times (x 67B)
Class com.google.common.collect.FluentIterable                                        : loaded 2 times (x 77B)
Class com.google.common.cache.LocalCache$StrongEntry                                  : loaded 2 times (x 104B)
Class com.google.common.util.concurrent.AbstractFuture$TrustedFuture                  : loaded 2 times (x 110B)
Class com.google.common.cache.LoadingCache                                            : loaded 2 times (x 66B)
Class com.google.common.io.ByteStreams$LimitedInputStream                             : loaded 2 times (x 88B)
Class com.google.common.base.Suppliers$NonSerializableMemoizingSupplier               : loaded 2 times (x 75B)
Class net.rubygrapefruit.platform.ProcessLauncher                                     : loaded 2 times (x 66B)
Class org.objectweb.asm.MethodWriter                                                  : loaded 2 times (x 102B)
Class [Lcom.google.common.cache.Weigher;                                              : loaded 2 times (x 65B)
Class com.google.common.collect.RegularImmutableMap$BucketOverflowException           : loaded 2 times (x 78B)
Class com.google.common.collect.AbstractMapBasedMultimap$RandomAccessWrappedList      : loaded 2 times (x 201B)
Class com.google.common.reflect.Types$JavaVersion$1                                   : loaded 2 times (x 79B)
Class com.google.common.collect.AbstractIterator$State                                : loaded 2 times (x 75B)
Class com.google.common.collect.RegularImmutableBiMap                                 : loaded 2 times (x 144B)
Class com.google.common.cache.LocalCache$ValueReference                               : loaded 2 times (x 66B)
Class com.google.common.base.CharMatcher$Negated                                      : loaded 2 times (x 109B)
Class com.google.common.base.CharMatcher$Is                                           : loaded 2 times (x 107B)
Class com.google.common.reflect.Types$JavaVersion$2                                   : loaded 2 times (x 79B)
Class com.google.common.reflect.Types                                                 : loaded 2 times (x 67B)
Class com.google.common.hash.PrimitiveSink                                            : loaded 2 times (x 66B)
Class com.google.common.base.PatternCompiler                                          : loaded 2 times (x 66B)
Class com.google.common.util.concurrent.AbstractFuture$Failure                        : loaded 2 times (x 68B)
Class com.google.common.base.Equivalence$Equals                                       : loaded 2 times (x 78B)
Class com.google.common.collect.Hashing                                               : loaded 2 times (x 67B)
Class com.google.common.base.Preconditions                                            : loaded 2 times (x 67B)
Class com.google.common.reflect.Types$JavaVersion$3                                   : loaded 2 times (x 79B)
Class com.google.common.collect.ImmutableSetMultimap                                  : loaded 2 times (x 176B)
Class com.google.common.io.CharSink                                                   : loaded 2 times (x 75B)
Class [Lorg.apache.commons.io.file.DeleteOption;                                      : loaded 2 times (x 65B)
Class com.google.common.base.Joiner$1                                                 : loaded 2 times (x 76B)
Class org.objectweb.asm.Label                                                         : loaded 2 times (x 69B)
Class org.objectweb.asm.CurrentFrame                                                  : loaded 2 times (x 69B)
Class org.objectweb.asm.ClassTooLargeException                                        : loaded 2 times (x 79B)
Class com.google.common.collect.PeekingIterator                                       : loaded 2 times (x 66B)
Class com.google.common.base.CharMatcher                                              : loaded 2 times (x 107B)
Class com.google.common.reflect.Types$JavaVersion$4                                   : loaded 2 times (x 79B)
Class com.google.common.io.ByteSource$AsCharSource                                    : loaded 2 times (x 82B)
Class com.google.common.collect.MapMakerInternalMap$InternalEntryHelper               : loaded 2 times (x 66B)
Class com.google.common.collect.RangeGwtSerializationDependencies                     : loaded 2 times (x 67B)
Class com.google.common.collect.Table                                                 : loaded 2 times (x 66B)
Class com.google.common.collect.Maps$IteratorBasedAbstractMap                         : loaded 2 times (x 121B)
Class com.google.common.base.Joiner$2                                                 : loaded 2 times (x 75B)
Class org.objectweb.asm.Frame                                                         : loaded 2 times (x 69B)
Class org.objectweb.asm.MethodVisitor                                                 : loaded 2 times (x 101B)
Class com.google.common.cache.LocalCache$EntryFactory$1                               : loaded 2 times (x 79B)
Class [Lcom.google.common.cache.RemovalListener;                                      : loaded 2 times (x 65B)
Class com.google.common.base.CharMatcher$1                                            : loaded 2 times (x 109B)
Class com.google.common.base.CharMatcher$NamedFastMatcher                             : loaded 2 times (x 108B)
Class com.google.common.reflect.Types$JavaVersion$5                                   : loaded 2 times (x 67B)
Class [Lcom.google.common.reflect.Types$ClassOwnership;                               : loaded 2 times (x 65B)
Class com.google.common.collect.RangeSet                                              : loaded 2 times (x 66B)
Class com.google.common.cache.LocalCache$EntryFactory$2                               : loaded 2 times (x 79B)
Class org.gradle.api.internal.classpath.GlobalCacheRootsProvider                      : loaded 2 times (x 66B)
Class com.google.common.collect.CollectCollectors                                     : loaded 2 times (x 67B)
Class org.objectweb.asm.ModuleWriter                                                  : loaded 2 times (x 78B)
Class com.google.common.cache.LocalCache$EntryFactory$3                               : loaded 2 times (x 79B)
Class com.google.common.base.Ticker$1                                                 : loaded 2 times (x 68B)
Class com.google.common.collect.ImmutableMapEntrySet$RegularEntrySet                  : loaded 2 times (x 147B)
Class com.google.common.collect.Maps$BiMapConverter                                   : loaded 2 times (x 86B)
Class net.rubygrapefruit.platform.internal.Platform$MacOs                             : loaded 2 times (x 78B)
Class net.rubygrapefruit.platform.internal.Platform$Window64Bit                       : loaded 2 times (x 75B)
Class com.google.common.collect.SetMultimap                                           : loaded 2 times (x 66B)
Class com.google.common.cache.LocalCache$EntryFactory$4                               : loaded 2 times (x 79B)
Class com.google.common.collect.ImmutableSet$Builder                                  : loaded 2 times (x 81B)
Class com.google.common.base.CharMatcher$InRange                                      : loaded 2 times (x 107B)
Class com.google.common.io.ByteStreams$1                                              : loaded 2 times (x 81B)
Class com.google.common.cache.LocalCache$EntryFactory$5                               : loaded 2 times (x 79B)
Class com.google.common.base.PairwiseEquivalence                                      : loaded 2 times (x 79B)
Class org.apache.commons.io.output.AppendableWriter                                   : loaded 2 times (x 96B)
Class com.google.common.cache.LocalCache$EntryFactory$6                               : loaded 2 times (x 79B)
Class org.gradle.internal.installation.CurrentGradleInstallationLocator               : loaded 2 times (x 67B)
Class com.google.common.io.ByteSource$SlicedByteSource                                : loaded 2 times (x 81B)
Class org.apache.commons.io.file.SimplePathVisitor                                    : loaded 2 times (x 81B)
Class org.apache.commons.io.output.ThresholdingOutputStream                           : loaded 2 times (x 91B)
Class com.google.common.collect.Maps$KeySet                                           : loaded 2 times (x 133B)
Class com.google.common.cache.LocalCache$EntryFactory$7                               : loaded 2 times (x 79B)
Class com.google.common.collect.ImmutableSet$EmptySetBuilderImpl                      : loaded 2 times (x 72B)
Class com.google.common.collect.ImmutableList                                         : loaded 2 times (x 202B)
Class org.gradle.internal.service.DefaultServiceLocator                               : loaded 2 times (x 79B)
Class com.google.common.collect.Maps$EntrySet                                         : loaded 2 times (x 132B)
Class com.google.common.cache.LocalCache$EntryFactory$8                               : loaded 2 times (x 79B)
Class com.google.common.collect.ImmutableSet$SetBuilderImpl                           : loaded 2 times (x 72B)
Class org.gradle.internal.installation.CurrentGradleInstallation                      : loaded 2 times (x 69B)
Class com.google.common.cache.CacheLoader$1                                           : loaded 2 times (x 71B)
Class com.google.common.collect.ForwardingObject                                      : loaded 2 times (x 68B)
Class com.google.common.collect.ImmutableList$SubList                                 : loaded 2 times (x 204B)
Class org.gradle.util.internal.GUtil                                                  : loaded 2 times (x 67B)
Class com.google.common.io.ByteSource                                                 : loaded 2 times (x 80B)
Class com.google.common.util.concurrent.AbstractFuture$SetFuture                      : loaded 2 times (x 71B)
Class com.google.common.cache.AbstractCache$StatsCounter                              : loaded 2 times (x 66B)
Class com.google.common.reflect.Types$TypeVariableImpl                                : loaded 2 times (x 68B)
Class com.google.common.collect.MapMakerInternalMap$1                                 : loaded 2 times (x 79B)
Class com.google.common.collect.Iterators$MergingIterator                             : loaded 2 times (x 77B)
Class com.google.common.collect.RegularImmutableSet                                   : loaded 2 times (x 144B)
Class org.gradle.internal.installation.GradleInstallation                             : loaded 2 times (x 71B)
Class com.google.common.collect.Iterables                                             : loaded 2 times (x 67B)
Class com.google.common.base.Splitter$Strategy                                        : loaded 2 times (x 66B)
Class com.google.common.collect.Lists$RandomAccessReverseList                         : loaded 2 times (x 196B)

---------------  S Y S T E M  ---------------

OS:
 Windows 10 , 64 bit Build 19041 (10.0.19041.3636)
OS uptime: 4 days 19:30 hours

CPU: total 8 (initial active 8) (4 cores per cpu, 2 threads per core) family 6 model 42 stepping 7 microcode 0x2f, cx8, cmov, fxsr, ht, mmx, sse, sse2, sse3, ssse3, sse4.1, sse4.2, popcnt, tsc, tscinvbit, avx, aes, clmul, vzeroupper, clflush, rdtscp
Processor Information for the first 8 processors :
  Max Mhz: 2401, Current Mhz: 2401, Mhz Limit: 2401

Memory: 4k page, system-wide physical 8173M (1241M free)
TotalPageFile size 20916M (AvailPageFile size 1411M)
current process WorkingSet (physical memory assigned to process): 493M, peak: 812M
current process commit charge ("private bytes"): 974M, peak: 976M

vm_info: OpenJDK 64-Bit Server VM (21.0.6+-13355223-b631.42) for windows-amd64 JRE (21.0.6+-13355223-b631.42), built on 2025-04-14T18:21:23Z by "builder" with MS VC++ 16.10 / 16.11 (VS2019)

END.
